N,mode,lambda_fixed,label,event,cascade_size,cascade_fraction
1000,adaptive,,Adaptive,0,119,0.119
1000,adaptive,,Adaptive,1,216,0.216
1000,adaptive,,Adaptive,2,81,0.081
1000,adaptive,,Adaptive,3,251,0.251
1000,adaptive,,Adaptive,4,212,0.212
1000,adaptive,,Adaptive,5,114,0.114
1000,adaptive,,Adaptive,6,188,0.188
1000,adaptive,,Adaptive,7,156,0.156
1000,adaptive,,Adaptive,8,189,0.189
1000,adaptive,,Adaptive,9,170,0.17
1000,adaptive,,Adaptive,10,215,0.215
1000,adaptive,,Adaptive,11,216,0.216
1000,adaptive,,Adaptive,12,21,0.021
1000,adaptive,,Adaptive,13,125,0.125
1000,adaptive,,Adaptive,14,168,0.168
1000,adaptive,,Adaptive,15,61,0.061
1000,adaptive,,Adaptive,16,203,0.203
1000,adaptive,,Adaptive,17,147,0.147
1000,adaptive,,Adaptive,18,202,0.202
1000,adaptive,,Adaptive,19,85,0.085
1000,adaptive,,Adaptive,20,156,0.156
1000,adaptive,,Adaptive,21,185,0.185
1000,adaptive,,Adaptive,22,232,0.232
1000,adaptive,,Adaptive,23,141,0.141
1000,adaptive,,Adaptive,24,120,0.12
1000,adaptive,,Adaptive,25,112,0.112
1000,adaptive,,Adaptive,26,179,0.179
1000,adaptive,,Adaptive,27,272,0.272
1000,adaptive,,Adaptive,28,224,0.224
1000,adaptive,,Adaptive,29,183,0.183
1000,adaptive,,Adaptive,30,161,0.161
1000,adaptive,,Adaptive,31,112,0.112
1000,adaptive,,Adaptive,32,247,0.247
1000,adaptive,,Adaptive,33,177,0.177
1000,adaptive,,Adaptive,34,288,0.288
1000,adaptive,,Adaptive,35,180,0.18
1000,adaptive,,Adaptive,36,142,0.142
1000,adaptive,,Adaptive,37,149,0.149
1000,adaptive,,Adaptive,38,125,0.125
1000,adaptive,,Adaptive,39,153,0.153
1000,adaptive,,Adaptive,40,88,0.088
1000,adaptive,,Adaptive,41,80,0.08
1000,adaptive,,Adaptive,42,245,0.245
1000,adaptive,,Adaptive,43,250,0.25
1000,adaptive,,Adaptive,44,117,0.117
1000,adaptive,,Adaptive,45,94,0.094
1000,adaptive,,Adaptive,46,81,0.081
1000,adaptive,,Adaptive,47,158,0.158
1000,adaptive,,Adaptive,48,205,0.205
1000,adaptive,,Adaptive,49,236,0.236
1000,adaptive,,Adaptive,50,125,0.125
1000,adaptive,,Adaptive,51,280,0.28
1000,adaptive,,Adaptive,52,232,0.232
1000,adaptive,,Adaptive,53,235,0.235
1000,adaptive,,Adaptive,54,186,0.186
1000,adaptive,,Adaptive,55,186,0.186
1000,adaptive,,Adaptive,56,136,0.136
1000,adaptive,,Adaptive,57,203,0.203
1000,adaptive,,Adaptive,58,177,0.177
1000,adaptive,,Adaptive,59,135,0.135
1000,adaptive,,Adaptive,60,143,0.143
1000,adaptive,,Adaptive,61,88,0.088
1000,adaptive,,Adaptive,62,227,0.227
1000,adaptive,,Adaptive,63,148,0.148
1000,adaptive,,Adaptive,64,103,0.103
1000,adaptive,,Adaptive,65,117,0.117
1000,adaptive,,Adaptive,66,110,0.11
1000,adaptive,,Adaptive,67,232,0.232
1000,adaptive,,Adaptive,68,133,0.133
1000,adaptive,,Adaptive,69,159,0.159
1000,adaptive,,Adaptive,70,212,0.212
1000,adaptive,,Adaptive,71,132,0.132
1000,adaptive,,Adaptive,72,205,0.205
1000,adaptive,,Adaptive,73,157,0.157
1000,adaptive,,Adaptive,74,193,0.193
1000,adaptive,,Adaptive,75,191,0.191
1000,adaptive,,Adaptive,76,225,0.225
1000,adaptive,,Adaptive,77,193,0.193
1000,adaptive,,Adaptive,78,133,0.133
1000,adaptive,,Adaptive,79,199,0.199
1000,adaptive,,Adaptive,80,176,0.176
1000,adaptive,,Adaptive,81,172,0.172
1000,adaptive,,Adaptive,82,159,0.159
1000,adaptive,,Adaptive,83,212,0.212
1000,adaptive,,Adaptive,84,119,0.119
1000,adaptive,,Adaptive,85,122,0.122
1000,adaptive,,Adaptive,86,173,0.173
1000,adaptive,,Adaptive,87,252,0.252
1000,adaptive,,Adaptive,88,248,0.248
1000,adaptive,,Adaptive,89,134,0.134
1000,adaptive,,Adaptive,90,194,0.194
1000,adaptive,,Adaptive,91,118,0.118
1000,adaptive,,Adaptive,92,139,0.139
1000,adaptive,,Adaptive,93,226,0.226
1000,adaptive,,Adaptive,94,66,0.066
1000,adaptive,,Adaptive,95,62,0.062
1000,adaptive,,Adaptive,96,122,0.122
1000,adaptive,,Adaptive,97,194,0.194
1000,adaptive,,Adaptive,98,280,0.28
1000,adaptive,,Adaptive,99,151,0.151
1000,adaptive,,Adaptive,100,99,0.099
1000,adaptive,,Adaptive,101,74,0.074
1000,adaptive,,Adaptive,102,243,0.243
1000,adaptive,,Adaptive,103,165,0.165
1000,adaptive,,Adaptive,104,194,0.194
1000,adaptive,,Adaptive,105,130,0.13
1000,adaptive,,Adaptive,106,189,0.189
1000,adaptive,,Adaptive,107,177,0.177
1000,adaptive,,Adaptive,108,175,0.175
1000,adaptive,,Adaptive,109,151,0.151
1000,adaptive,,Adaptive,110,65,0.065
1000,adaptive,,Adaptive,111,170,0.17
1000,adaptive,,Adaptive,112,128,0.128
1000,adaptive,,Adaptive,113,188,0.188
1000,adaptive,,Adaptive,114,309,0.309
1000,adaptive,,Adaptive,115,112,0.112
1000,adaptive,,Adaptive,116,204,0.204
1000,adaptive,,Adaptive,117,155,0.155
1000,adaptive,,Adaptive,118,73,0.073
1000,adaptive,,Adaptive,119,245,0.245
1000,adaptive,,Adaptive,120,82,0.082
1000,adaptive,,Adaptive,121,223,0.223
1000,adaptive,,Adaptive,122,127,0.127
1000,adaptive,,Adaptive,123,178,0.178
1000,adaptive,,Adaptive,124,146,0.146
1000,adaptive,,Adaptive,125,162,0.162
1000,adaptive,,Adaptive,126,184,0.184
1000,adaptive,,Adaptive,127,119,0.119
1000,adaptive,,Adaptive,128,140,0.14
1000,adaptive,,Adaptive,129,208,0.208
1000,adaptive,,Adaptive,130,199,0.199
1000,adaptive,,Adaptive,131,179,0.179
1000,adaptive,,Adaptive,132,238,0.238
1000,adaptive,,Adaptive,133,72,0.072
1000,adaptive,,Adaptive,134,153,0.153
1000,adaptive,,Adaptive,135,130,0.13
1000,adaptive,,Adaptive,136,129,0.129
1000,adaptive,,Adaptive,137,257,0.257
1000,adaptive,,Adaptive,138,202,0.202
1000,adaptive,,Adaptive,139,100,0.1
1000,adaptive,,Adaptive,140,231,0.231
1000,adaptive,,Adaptive,141,122,0.122
1000,adaptive,,Adaptive,142,162,0.162
1000,adaptive,,Adaptive,143,177,0.177
1000,adaptive,,Adaptive,144,119,0.119
1000,adaptive,,Adaptive,145,52,0.052
1000,adaptive,,Adaptive,146,135,0.135
1000,adaptive,,Adaptive,147,223,0.223
1000,adaptive,,Adaptive,148,128,0.128
1000,adaptive,,Adaptive,149,131,0.131
1000,adaptive,,Adaptive,150,150,0.15
1000,adaptive,,Adaptive,151,256,0.256
1000,adaptive,,Adaptive,152,136,0.136
1000,adaptive,,Adaptive,153,147,0.147
1000,adaptive,,Adaptive,154,127,0.127
1000,adaptive,,Adaptive,155,95,0.095
1000,adaptive,,Adaptive,156,159,0.159
1000,adaptive,,Adaptive,157,197,0.197
1000,adaptive,,Adaptive,158,201,0.201
1000,adaptive,,Adaptive,159,217,0.217
1000,adaptive,,Adaptive,160,76,0.076
1000,adaptive,,Adaptive,161,263,0.263
1000,adaptive,,Adaptive,162,217,0.217
1000,adaptive,,Adaptive,163,72,0.072
1000,adaptive,,Adaptive,164,183,0.183
1000,adaptive,,Adaptive,165,210,0.21
1000,adaptive,,Adaptive,166,145,0.145
1000,adaptive,,Adaptive,167,281,0.281
1000,adaptive,,Adaptive,168,131,0.131
1000,adaptive,,Adaptive,169,200,0.2
1000,adaptive,,Adaptive,170,198,0.198
1000,adaptive,,Adaptive,171,147,0.147
1000,adaptive,,Adaptive,172,192,0.192
1000,adaptive,,Adaptive,173,182,0.182
1000,adaptive,,Adaptive,174,129,0.129
1000,adaptive,,Adaptive,175,150,0.15
1000,adaptive,,Adaptive,176,153,0.153
1000,adaptive,,Adaptive,177,54,0.054
1000,adaptive,,Adaptive,178,157,0.157
1000,adaptive,,Adaptive,179,291,0.291
1000,adaptive,,Adaptive,180,312,0.312
1000,adaptive,,Adaptive,181,241,0.241
1000,adaptive,,Adaptive,182,293,0.293
1000,adaptive,,Adaptive,183,98,0.098
1000,adaptive,,Adaptive,184,181,0.181
1000,adaptive,,Adaptive,185,53,0.053
1000,adaptive,,Adaptive,186,118,0.118
1000,adaptive,,Adaptive,187,202,0.202
1000,adaptive,,Adaptive,188,127,0.127
1000,adaptive,,Adaptive,189,183,0.183
1000,adaptive,,Adaptive,190,127,0.127
1000,adaptive,,Adaptive,191,230,0.23
1000,adaptive,,Adaptive,192,204,0.204
1000,adaptive,,Adaptive,193,236,0.236
1000,adaptive,,Adaptive,194,94,0.094
1000,adaptive,,Adaptive,195,200,0.2
1000,adaptive,,Adaptive,196,221,0.221
1000,adaptive,,Adaptive,197,125,0.125
1000,adaptive,,Adaptive,198,129,0.129
1000,adaptive,,Adaptive,199,124,0.124
1000,adaptive,,Adaptive,200,135,0.135
1000,adaptive,,Adaptive,201,173,0.173
1000,adaptive,,Adaptive,202,136,0.136
1000,adaptive,,Adaptive,203,176,0.176
1000,adaptive,,Adaptive,204,192,0.192
1000,adaptive,,Adaptive,205,198,0.198
1000,adaptive,,Adaptive,206,236,0.236
1000,adaptive,,Adaptive,207,186,0.186
1000,adaptive,,Adaptive,208,84,0.084
1000,adaptive,,Adaptive,209,225,0.225
1000,adaptive,,Adaptive,210,62,0.062
1000,adaptive,,Adaptive,211,249,0.249
1000,adaptive,,Adaptive,212,225,0.225
1000,adaptive,,Adaptive,213,200,0.2
1000,adaptive,,Adaptive,214,94,0.094
1000,adaptive,,Adaptive,215,238,0.238
1000,adaptive,,Adaptive,216,125,0.125
1000,adaptive,,Adaptive,217,158,0.158
1000,adaptive,,Adaptive,218,211,0.211
1000,adaptive,,Adaptive,219,305,0.305
1000,adaptive,,Adaptive,220,144,0.144
1000,adaptive,,Adaptive,221,154,0.154
1000,adaptive,,Adaptive,222,192,0.192
1000,adaptive,,Adaptive,223,183,0.183
1000,adaptive,,Adaptive,224,124,0.124
1000,adaptive,,Adaptive,225,180,0.18
1000,adaptive,,Adaptive,226,188,0.188
1000,adaptive,,Adaptive,227,208,0.208
1000,adaptive,,Adaptive,228,115,0.115
1000,adaptive,,Adaptive,229,94,0.094
1000,adaptive,,Adaptive,230,83,0.083
1000,adaptive,,Adaptive,231,291,0.291
1000,adaptive,,Adaptive,232,155,0.155
1000,adaptive,,Adaptive,233,154,0.154
1000,adaptive,,Adaptive,234,130,0.13
1000,adaptive,,Adaptive,235,144,0.144
1000,adaptive,,Adaptive,236,189,0.189
1000,adaptive,,Adaptive,237,266,0.266
1000,adaptive,,Adaptive,238,199,0.199
1000,adaptive,,Adaptive,239,64,0.064
1000,adaptive,,Adaptive,240,146,0.146
1000,adaptive,,Adaptive,241,259,0.259
1000,adaptive,,Adaptive,242,237,0.237
1000,adaptive,,Adaptive,243,109,0.109
1000,adaptive,,Adaptive,244,242,0.242
1000,adaptive,,Adaptive,245,232,0.232
1000,adaptive,,Adaptive,246,118,0.118
1000,adaptive,,Adaptive,247,153,0.153
1000,adaptive,,Adaptive,248,159,0.159
1000,adaptive,,Adaptive,249,116,0.116
1000,adaptive,,Adaptive,250,176,0.176
1000,adaptive,,Adaptive,251,101,0.101
1000,adaptive,,Adaptive,252,223,0.223
1000,adaptive,,Adaptive,253,230,0.23
1000,adaptive,,Adaptive,254,138,0.138
1000,adaptive,,Adaptive,255,284,0.284
1000,adaptive,,Adaptive,256,104,0.104
1000,adaptive,,Adaptive,257,61,0.061
1000,adaptive,,Adaptive,258,118,0.118
1000,adaptive,,Adaptive,259,283,0.283
1000,adaptive,,Adaptive,260,178,0.178
1000,adaptive,,Adaptive,261,183,0.183
1000,adaptive,,Adaptive,262,183,0.183
1000,adaptive,,Adaptive,263,254,0.254
1000,adaptive,,Adaptive,264,156,0.156
1000,adaptive,,Adaptive,265,164,0.164
1000,adaptive,,Adaptive,266,161,0.161
1000,adaptive,,Adaptive,267,209,0.209
1000,adaptive,,Adaptive,268,90,0.09
1000,adaptive,,Adaptive,269,124,0.124
1000,adaptive,,Adaptive,270,119,0.119
1000,adaptive,,Adaptive,271,201,0.201
1000,adaptive,,Adaptive,272,107,0.107
1000,adaptive,,Adaptive,273,235,0.235
1000,adaptive,,Adaptive,274,192,0.192
1000,adaptive,,Adaptive,275,277,0.277
1000,adaptive,,Adaptive,276,132,0.132
1000,adaptive,,Adaptive,277,226,0.226
1000,adaptive,,Adaptive,278,128,0.128
1000,adaptive,,Adaptive,279,135,0.135
1000,adaptive,,Adaptive,280,42,0.042
1000,adaptive,,Adaptive,281,178,0.178
1000,adaptive,,Adaptive,282,180,0.18
1000,adaptive,,Adaptive,283,288,0.288
1000,adaptive,,Adaptive,284,129,0.129
1000,adaptive,,Adaptive,285,101,0.101
1000,adaptive,,Adaptive,286,150,0.15
1000,adaptive,,Adaptive,287,220,0.22
1000,adaptive,,Adaptive,288,202,0.202
1000,adaptive,,Adaptive,289,177,0.177
1000,adaptive,,Adaptive,290,223,0.223
1000,adaptive,,Adaptive,291,137,0.137
1000,adaptive,,Adaptive,292,188,0.188
1000,adaptive,,Adaptive,293,139,0.139
1000,adaptive,,Adaptive,294,196,0.196
1000,adaptive,,Adaptive,295,110,0.11
1000,adaptive,,Adaptive,296,151,0.151
1000,adaptive,,Adaptive,297,131,0.131
1000,adaptive,,Adaptive,298,95,0.095
1000,adaptive,,Adaptive,299,164,0.164
1000,adaptive,,Adaptive,300,171,0.171
1000,adaptive,,Adaptive,301,134,0.134
1000,adaptive,,Adaptive,302,140,0.14
1000,adaptive,,Adaptive,303,213,0.213
1000,adaptive,,Adaptive,304,272,0.272
1000,adaptive,,Adaptive,305,193,0.193
1000,adaptive,,Adaptive,306,137,0.137
1000,adaptive,,Adaptive,307,189,0.189
1000,adaptive,,Adaptive,308,229,0.229
1000,adaptive,,Adaptive,309,232,0.232
1000,adaptive,,Adaptive,310,138,0.138
1000,adaptive,,Adaptive,311,160,0.16
1000,adaptive,,Adaptive,312,239,0.239
1000,adaptive,,Adaptive,313,182,0.182
1000,adaptive,,Adaptive,314,185,0.185
1000,adaptive,,Adaptive,315,266,0.266
1000,adaptive,,Adaptive,316,132,0.132
1000,adaptive,,Adaptive,317,0,0.0
1000,adaptive,,Adaptive,318,213,0.213
1000,adaptive,,Adaptive,319,164,0.164
1000,adaptive,,Adaptive,320,165,0.165
1000,adaptive,,Adaptive,321,219,0.219
1000,adaptive,,Adaptive,322,80,0.08
1000,adaptive,,Adaptive,323,156,0.156
1000,adaptive,,Adaptive,324,207,0.207
1000,adaptive,,Adaptive,325,284,0.284
1000,adaptive,,Adaptive,326,151,0.151
1000,adaptive,,Adaptive,327,86,0.086
1000,adaptive,,Adaptive,328,155,0.155
1000,adaptive,,Adaptive,329,82,0.082
1000,adaptive,,Adaptive,330,153,0.153
1000,adaptive,,Adaptive,331,278,0.278
1000,adaptive,,Adaptive,332,82,0.082
1000,adaptive,,Adaptive,333,224,0.224
1000,adaptive,,Adaptive,334,59,0.059
1000,adaptive,,Adaptive,335,245,0.245
1000,adaptive,,Adaptive,336,299,0.299
1000,adaptive,,Adaptive,337,128,0.128
1000,adaptive,,Adaptive,338,187,0.187
1000,adaptive,,Adaptive,339,131,0.131
1000,adaptive,,Adaptive,340,173,0.173
1000,adaptive,,Adaptive,341,165,0.165
1000,adaptive,,Adaptive,342,170,0.17
1000,adaptive,,Adaptive,343,171,0.171
1000,adaptive,,Adaptive,344,137,0.137
1000,adaptive,,Adaptive,345,289,0.289
1000,adaptive,,Adaptive,346,163,0.163
1000,adaptive,,Adaptive,347,65,0.065
1000,adaptive,,Adaptive,348,98,0.098
1000,adaptive,,Adaptive,349,173,0.173
1000,adaptive,,Adaptive,350,95,0.095
1000,adaptive,,Adaptive,351,277,0.277
1000,adaptive,,Adaptive,352,53,0.053
1000,adaptive,,Adaptive,353,220,0.22
1000,adaptive,,Adaptive,354,312,0.312
1000,adaptive,,Adaptive,355,155,0.155
1000,adaptive,,Adaptive,356,160,0.16
1000,adaptive,,Adaptive,357,182,0.182
1000,adaptive,,Adaptive,358,132,0.132
1000,adaptive,,Adaptive,359,244,0.244
1000,adaptive,,Adaptive,360,245,0.245
1000,adaptive,,Adaptive,361,178,0.178
1000,adaptive,,Adaptive,362,131,0.131
1000,adaptive,,Adaptive,363,209,0.209
1000,adaptive,,Adaptive,364,198,0.198
1000,adaptive,,Adaptive,365,263,0.263
1000,adaptive,,Adaptive,366,139,0.139
1000,adaptive,,Adaptive,367,125,0.125
1000,adaptive,,Adaptive,368,180,0.18
1000,adaptive,,Adaptive,369,207,0.207
1000,adaptive,,Adaptive,370,141,0.141
1000,adaptive,,Adaptive,371,144,0.144
1000,adaptive,,Adaptive,372,78,0.078
1000,adaptive,,Adaptive,373,148,0.148
1000,adaptive,,Adaptive,374,269,0.269
1000,adaptive,,Adaptive,375,154,0.154
1000,adaptive,,Adaptive,376,276,0.276
1000,adaptive,,Adaptive,377,158,0.158
1000,adaptive,,Adaptive,378,173,0.173
1000,adaptive,,Adaptive,379,201,0.201
1000,adaptive,,Adaptive,380,262,0.262
1000,adaptive,,Adaptive,381,133,0.133
1000,adaptive,,Adaptive,382,155,0.155
1000,adaptive,,Adaptive,383,300,0.3
1000,adaptive,,Adaptive,384,126,0.126
1000,adaptive,,Adaptive,385,122,0.122
1000,adaptive,,Adaptive,386,132,0.132
1000,adaptive,,Adaptive,387,210,0.21
1000,adaptive,,Adaptive,388,182,0.182
1000,adaptive,,Adaptive,389,152,0.152
1000,adaptive,,Adaptive,390,121,0.121
1000,adaptive,,Adaptive,391,225,0.225
1000,adaptive,,Adaptive,392,188,0.188
1000,adaptive,,Adaptive,393,245,0.245
1000,adaptive,,Adaptive,394,145,0.145
1000,adaptive,,Adaptive,395,96,0.096
1000,adaptive,,Adaptive,396,94,0.094
1000,adaptive,,Adaptive,397,227,0.227
1000,adaptive,,Adaptive,398,177,0.177
1000,adaptive,,Adaptive,399,125,0.125
1000,adaptive,,Adaptive,400,127,0.127
1000,adaptive,,Adaptive,401,229,0.229
1000,adaptive,,Adaptive,402,261,0.261
1000,adaptive,,Adaptive,403,239,0.239
1000,adaptive,,Adaptive,404,149,0.149
1000,adaptive,,Adaptive,405,161,0.161
1000,adaptive,,Adaptive,406,179,0.179
1000,adaptive,,Adaptive,407,243,0.243
1000,adaptive,,Adaptive,408,301,0.301
1000,adaptive,,Adaptive,409,224,0.224
1000,adaptive,,Adaptive,410,266,0.266
1000,adaptive,,Adaptive,411,119,0.119
1000,adaptive,,Adaptive,412,195,0.195
1000,adaptive,,Adaptive,413,286,0.286
1000,adaptive,,Adaptive,414,118,0.118
1000,adaptive,,Adaptive,415,202,0.202
1000,adaptive,,Adaptive,416,101,0.101
1000,adaptive,,Adaptive,417,83,0.083
1000,adaptive,,Adaptive,418,117,0.117
1000,adaptive,,Adaptive,419,128,0.128
1000,adaptive,,Adaptive,420,193,0.193
1000,adaptive,,Adaptive,421,179,0.179
1000,adaptive,,Adaptive,422,144,0.144
1000,adaptive,,Adaptive,423,150,0.15
1000,adaptive,,Adaptive,424,36,0.036
1000,adaptive,,Adaptive,425,168,0.168
1000,adaptive,,Adaptive,426,186,0.186
1000,adaptive,,Adaptive,427,205,0.205
1000,adaptive,,Adaptive,428,85,0.085
1000,adaptive,,Adaptive,429,268,0.268
1000,adaptive,,Adaptive,430,155,0.155
1000,adaptive,,Adaptive,431,82,0.082
1000,adaptive,,Adaptive,432,146,0.146
1000,adaptive,,Adaptive,433,217,0.217
1000,adaptive,,Adaptive,434,189,0.189
1000,adaptive,,Adaptive,435,239,0.239
1000,adaptive,,Adaptive,436,170,0.17
1000,adaptive,,Adaptive,437,125,0.125
1000,adaptive,,Adaptive,438,256,0.256
1000,adaptive,,Adaptive,439,116,0.116
1000,adaptive,,Adaptive,440,67,0.067
1000,adaptive,,Adaptive,441,201,0.201
1000,adaptive,,Adaptive,442,177,0.177
1000,adaptive,,Adaptive,443,272,0.272
1000,adaptive,,Adaptive,444,95,0.095
1000,adaptive,,Adaptive,445,152,0.152
1000,adaptive,,Adaptive,446,152,0.152
1000,adaptive,,Adaptive,447,259,0.259
1000,adaptive,,Adaptive,448,240,0.24
1000,adaptive,,Adaptive,449,199,0.199
1000,adaptive,,Adaptive,450,113,0.113
1000,adaptive,,Adaptive,451,197,0.197
1000,adaptive,,Adaptive,452,160,0.16
1000,adaptive,,Adaptive,453,254,0.254
1000,adaptive,,Adaptive,454,119,0.119
1000,adaptive,,Adaptive,455,155,0.155
1000,adaptive,,Adaptive,456,98,0.098
1000,adaptive,,Adaptive,457,132,0.132
1000,adaptive,,Adaptive,458,222,0.222
1000,adaptive,,Adaptive,459,279,0.279
1000,adaptive,,Adaptive,460,265,0.265
1000,adaptive,,Adaptive,461,151,0.151
1000,adaptive,,Adaptive,462,157,0.157
1000,adaptive,,Adaptive,463,215,0.215
1000,adaptive,,Adaptive,464,325,0.325
1000,adaptive,,Adaptive,465,193,0.193
1000,adaptive,,Adaptive,466,132,0.132
1000,adaptive,,Adaptive,467,146,0.146
1000,adaptive,,Adaptive,468,148,0.148
1000,adaptive,,Adaptive,469,65,0.065
1000,adaptive,,Adaptive,470,139,0.139
1000,adaptive,,Adaptive,471,104,0.104
1000,adaptive,,Adaptive,472,314,0.314
1000,adaptive,,Adaptive,473,184,0.184
1000,adaptive,,Adaptive,474,276,0.276
1000,adaptive,,Adaptive,475,141,0.141
1000,adaptive,,Adaptive,476,205,0.205
1000,adaptive,,Adaptive,477,232,0.232
1000,adaptive,,Adaptive,478,70,0.07
1000,adaptive,,Adaptive,479,79,0.079
1000,adaptive,,Adaptive,480,139,0.139
1000,adaptive,,Adaptive,481,110,0.11
1000,adaptive,,Adaptive,482,217,0.217
1000,adaptive,,Adaptive,483,212,0.212
1000,adaptive,,Adaptive,484,106,0.106
1000,adaptive,,Adaptive,485,188,0.188
1000,adaptive,,Adaptive,486,90,0.09
1000,adaptive,,Adaptive,487,165,0.165
1000,adaptive,,Adaptive,488,130,0.13
1000,adaptive,,Adaptive,489,56,0.056
1000,adaptive,,Adaptive,490,200,0.2
1000,adaptive,,Adaptive,491,207,0.207
1000,adaptive,,Adaptive,492,270,0.27
1000,adaptive,,Adaptive,493,67,0.067
1000,adaptive,,Adaptive,494,177,0.177
1000,adaptive,,Adaptive,495,143,0.143
1000,adaptive,,Adaptive,496,149,0.149
1000,adaptive,,Adaptive,497,150,0.15
1000,adaptive,,Adaptive,498,180,0.18
1000,adaptive,,Adaptive,499,241,0.241
1000,adaptive,,Adaptive,500,155,0.155
1000,adaptive,,Adaptive,501,140,0.14
1000,adaptive,,Adaptive,502,172,0.172
1000,adaptive,,Adaptive,503,133,0.133
1000,adaptive,,Adaptive,504,393,0.393
1000,adaptive,,Adaptive,505,75,0.075
1000,adaptive,,Adaptive,506,92,0.092
1000,adaptive,,Adaptive,507,101,0.101
1000,adaptive,,Adaptive,508,167,0.167
1000,adaptive,,Adaptive,509,188,0.188
1000,adaptive,,Adaptive,510,213,0.213
1000,adaptive,,Adaptive,511,138,0.138
1000,adaptive,,Adaptive,512,182,0.182
1000,adaptive,,Adaptive,513,142,0.142
1000,adaptive,,Adaptive,514,108,0.108
1000,adaptive,,Adaptive,515,273,0.273
1000,adaptive,,Adaptive,516,216,0.216
1000,adaptive,,Adaptive,517,154,0.154
1000,adaptive,,Adaptive,518,148,0.148
1000,adaptive,,Adaptive,519,210,0.21
1000,adaptive,,Adaptive,520,86,0.086
1000,adaptive,,Adaptive,521,105,0.105
1000,adaptive,,Adaptive,522,172,0.172
1000,adaptive,,Adaptive,523,141,0.141
1000,adaptive,,Adaptive,524,185,0.185
1000,adaptive,,Adaptive,525,87,0.087
1000,adaptive,,Adaptive,526,225,0.225
1000,adaptive,,Adaptive,527,155,0.155
1000,adaptive,,Adaptive,528,205,0.205
1000,adaptive,,Adaptive,529,253,0.253
1000,adaptive,,Adaptive,530,244,0.244
1000,adaptive,,Adaptive,531,193,0.193
1000,adaptive,,Adaptive,532,153,0.153
1000,adaptive,,Adaptive,533,157,0.157
1000,adaptive,,Adaptive,534,106,0.106
1000,adaptive,,Adaptive,535,204,0.204
1000,adaptive,,Adaptive,536,215,0.215
1000,adaptive,,Adaptive,537,55,0.055
1000,adaptive,,Adaptive,538,207,0.207
1000,adaptive,,Adaptive,539,109,0.109
1000,adaptive,,Adaptive,540,226,0.226
1000,adaptive,,Adaptive,541,210,0.21
1000,adaptive,,Adaptive,542,197,0.197
1000,adaptive,,Adaptive,543,113,0.113
1000,adaptive,,Adaptive,544,217,0.217
1000,adaptive,,Adaptive,545,229,0.229
1000,adaptive,,Adaptive,546,139,0.139
1000,adaptive,,Adaptive,547,157,0.157
1000,adaptive,,Adaptive,548,231,0.231
1000,adaptive,,Adaptive,549,79,0.079
1000,adaptive,,Adaptive,550,320,0.32
1000,adaptive,,Adaptive,551,110,0.11
1000,adaptive,,Adaptive,552,153,0.153
1000,adaptive,,Adaptive,553,134,0.134
1000,adaptive,,Adaptive,554,178,0.178
1000,adaptive,,Adaptive,555,112,0.112
1000,adaptive,,Adaptive,556,85,0.085
1000,adaptive,,Adaptive,557,281,0.281
1000,adaptive,,Adaptive,558,151,0.151
1000,adaptive,,Adaptive,559,0,0.0
1000,adaptive,,Adaptive,560,174,0.174
1000,adaptive,,Adaptive,561,178,0.178
1000,adaptive,,Adaptive,562,168,0.168
1000,adaptive,,Adaptive,563,205,0.205
1000,adaptive,,Adaptive,564,156,0.156
1000,adaptive,,Adaptive,565,155,0.155
1000,adaptive,,Adaptive,566,192,0.192
1000,adaptive,,Adaptive,567,217,0.217
1000,adaptive,,Adaptive,568,168,0.168
1000,adaptive,,Adaptive,569,198,0.198
1000,adaptive,,Adaptive,570,31,0.031
1000,adaptive,,Adaptive,571,204,0.204
1000,adaptive,,Adaptive,572,140,0.14
1000,adaptive,,Adaptive,573,286,0.286
1000,adaptive,,Adaptive,574,94,0.094
1000,adaptive,,Adaptive,575,66,0.066
1000,adaptive,,Adaptive,576,131,0.131
1000,adaptive,,Adaptive,577,167,0.167
1000,adaptive,,Adaptive,578,220,0.22
1000,adaptive,,Adaptive,579,168,0.168
1000,adaptive,,Adaptive,580,86,0.086
1000,adaptive,,Adaptive,581,118,0.118
1000,adaptive,,Adaptive,582,250,0.25
1000,adaptive,,Adaptive,583,187,0.187
1000,adaptive,,Adaptive,584,234,0.234
1000,adaptive,,Adaptive,585,129,0.129
1000,adaptive,,Adaptive,586,149,0.149
1000,adaptive,,Adaptive,587,243,0.243
1000,adaptive,,Adaptive,588,90,0.09
1000,adaptive,,Adaptive,589,321,0.321
1000,adaptive,,Adaptive,590,311,0.311
1000,adaptive,,Adaptive,591,176,0.176
1000,adaptive,,Adaptive,592,205,0.205
1000,adaptive,,Adaptive,593,239,0.239
1000,adaptive,,Adaptive,594,95,0.095
1000,adaptive,,Adaptive,595,120,0.12
1000,adaptive,,Adaptive,596,279,0.279
1000,adaptive,,Adaptive,597,200,0.2
1000,adaptive,,Adaptive,598,172,0.172
1000,adaptive,,Adaptive,599,139,0.139
1000,adaptive,,Adaptive,600,181,0.181
1000,adaptive,,Adaptive,601,168,0.168
1000,adaptive,,Adaptive,602,0,0.0
1000,adaptive,,Adaptive,603,265,0.265
1000,adaptive,,Adaptive,604,107,0.107
1000,adaptive,,Adaptive,605,177,0.177
1000,adaptive,,Adaptive,606,222,0.222
1000,adaptive,,Adaptive,607,109,0.109
1000,adaptive,,Adaptive,608,225,0.225
1000,adaptive,,Adaptive,609,98,0.098
1000,adaptive,,Adaptive,610,138,0.138
1000,adaptive,,Adaptive,611,232,0.232
1000,adaptive,,Adaptive,612,263,0.263
1000,adaptive,,Adaptive,613,196,0.196
1000,adaptive,,Adaptive,614,179,0.179
1000,adaptive,,Adaptive,615,201,0.201
1000,adaptive,,Adaptive,616,154,0.154
1000,adaptive,,Adaptive,617,278,0.278
1000,adaptive,,Adaptive,618,165,0.165
1000,adaptive,,Adaptive,619,223,0.223
1000,adaptive,,Adaptive,620,129,0.129
1000,adaptive,,Adaptive,621,89,0.089
1000,adaptive,,Adaptive,622,207,0.207
1000,adaptive,,Adaptive,623,181,0.181
1000,adaptive,,Adaptive,624,194,0.194
1000,adaptive,,Adaptive,625,116,0.116
1000,adaptive,,Adaptive,626,209,0.209
1000,adaptive,,Adaptive,627,304,0.304
1000,adaptive,,Adaptive,628,175,0.175
1000,adaptive,,Adaptive,629,196,0.196
1000,adaptive,,Adaptive,630,220,0.22
1000,adaptive,,Adaptive,631,173,0.173
1000,adaptive,,Adaptive,632,158,0.158
1000,adaptive,,Adaptive,633,139,0.139
1000,adaptive,,Adaptive,634,204,0.204
1000,adaptive,,Adaptive,635,201,0.201
1000,adaptive,,Adaptive,636,149,0.149
1000,adaptive,,Adaptive,637,205,0.205
1000,adaptive,,Adaptive,638,284,0.284
1000,adaptive,,Adaptive,639,96,0.096
1000,adaptive,,Adaptive,640,267,0.267
1000,adaptive,,Adaptive,641,98,0.098
1000,adaptive,,Adaptive,642,41,0.041
1000,adaptive,,Adaptive,643,68,0.068
1000,adaptive,,Adaptive,644,208,0.208
1000,adaptive,,Adaptive,645,180,0.18
1000,adaptive,,Adaptive,646,188,0.188
1000,adaptive,,Adaptive,647,188,0.188
1000,adaptive,,Adaptive,648,122,0.122
1000,adaptive,,Adaptive,649,150,0.15
1000,adaptive,,Adaptive,650,161,0.161
1000,adaptive,,Adaptive,651,62,0.062
1000,adaptive,,Adaptive,652,179,0.179
1000,adaptive,,Adaptive,653,93,0.093
1000,adaptive,,Adaptive,654,137,0.137
1000,adaptive,,Adaptive,655,367,0.367
1000,adaptive,,Adaptive,656,181,0.181
1000,adaptive,,Adaptive,657,102,0.102
1000,adaptive,,Adaptive,658,157,0.157
1000,adaptive,,Adaptive,659,70,0.07
1000,adaptive,,Adaptive,660,163,0.163
1000,adaptive,,Adaptive,661,50,0.05
1000,adaptive,,Adaptive,662,150,0.15
1000,adaptive,,Adaptive,663,231,0.231
1000,adaptive,,Adaptive,664,261,0.261
1000,adaptive,,Adaptive,665,148,0.148
1000,adaptive,,Adaptive,666,151,0.151
1000,adaptive,,Adaptive,667,231,0.231
1000,adaptive,,Adaptive,668,196,0.196
1000,adaptive,,Adaptive,669,63,0.063
1000,adaptive,,Adaptive,670,206,0.206
1000,adaptive,,Adaptive,671,173,0.173
1000,adaptive,,Adaptive,672,146,0.146
1000,adaptive,,Adaptive,673,247,0.247
1000,adaptive,,Adaptive,674,166,0.166
1000,adaptive,,Adaptive,675,176,0.176
1000,adaptive,,Adaptive,676,235,0.235
1000,adaptive,,Adaptive,677,185,0.185
1000,adaptive,,Adaptive,678,227,0.227
1000,adaptive,,Adaptive,679,218,0.218
1000,adaptive,,Adaptive,680,198,0.198
1000,adaptive,,Adaptive,681,301,0.301
1000,adaptive,,Adaptive,682,150,0.15
1000,adaptive,,Adaptive,683,163,0.163
1000,adaptive,,Adaptive,684,235,0.235
1000,adaptive,,Adaptive,685,146,0.146
1000,adaptive,,Adaptive,686,181,0.181
1000,adaptive,,Adaptive,687,256,0.256
1000,adaptive,,Adaptive,688,187,0.187
1000,adaptive,,Adaptive,689,229,0.229
1000,adaptive,,Adaptive,690,141,0.141
1000,adaptive,,Adaptive,691,131,0.131
1000,adaptive,,Adaptive,692,200,0.2
1000,adaptive,,Adaptive,693,160,0.16
1000,adaptive,,Adaptive,694,110,0.11
1000,adaptive,,Adaptive,695,239,0.239
1000,adaptive,,Adaptive,696,190,0.19
1000,adaptive,,Adaptive,697,114,0.114
1000,adaptive,,Adaptive,698,253,0.253
1000,adaptive,,Adaptive,699,187,0.187
1000,adaptive,,Adaptive,700,184,0.184
1000,adaptive,,Adaptive,701,122,0.122
1000,adaptive,,Adaptive,702,262,0.262
1000,adaptive,,Adaptive,703,227,0.227
1000,adaptive,,Adaptive,704,161,0.161
1000,adaptive,,Adaptive,705,251,0.251
1000,adaptive,,Adaptive,706,99,0.099
1000,adaptive,,Adaptive,707,196,0.196
1000,adaptive,,Adaptive,708,213,0.213
1000,adaptive,,Adaptive,709,200,0.2
1000,adaptive,,Adaptive,710,293,0.293
1000,adaptive,,Adaptive,711,168,0.168
1000,adaptive,,Adaptive,712,99,0.099
1000,adaptive,,Adaptive,713,48,0.048
1000,adaptive,,Adaptive,714,244,0.244
1000,adaptive,,Adaptive,715,64,0.064
1000,adaptive,,Adaptive,716,170,0.17
1000,adaptive,,Adaptive,717,196,0.196
1000,adaptive,,Adaptive,718,268,0.268
1000,adaptive,,Adaptive,719,227,0.227
1000,adaptive,,Adaptive,720,160,0.16
1000,adaptive,,Adaptive,721,141,0.141
1000,adaptive,,Adaptive,722,382,0.382
1000,adaptive,,Adaptive,723,134,0.134
1000,adaptive,,Adaptive,724,222,0.222
1000,adaptive,,Adaptive,725,192,0.192
1000,adaptive,,Adaptive,726,201,0.201
1000,adaptive,,Adaptive,727,252,0.252
1000,adaptive,,Adaptive,728,281,0.281
1000,adaptive,,Adaptive,729,261,0.261
1000,adaptive,,Adaptive,730,252,0.252
1000,adaptive,,Adaptive,731,194,0.194
1000,adaptive,,Adaptive,732,96,0.096
1000,adaptive,,Adaptive,733,144,0.144
1000,adaptive,,Adaptive,734,136,0.136
1000,adaptive,,Adaptive,735,189,0.189
1000,adaptive,,Adaptive,736,148,0.148
1000,adaptive,,Adaptive,737,106,0.106
1000,adaptive,,Adaptive,738,206,0.206
1000,adaptive,,Adaptive,739,79,0.079
1000,adaptive,,Adaptive,740,128,0.128
1000,adaptive,,Adaptive,741,82,0.082
1000,adaptive,,Adaptive,742,301,0.301
1000,adaptive,,Adaptive,743,191,0.191
1000,adaptive,,Adaptive,744,236,0.236
1000,adaptive,,Adaptive,745,200,0.2
1000,adaptive,,Adaptive,746,239,0.239
1000,adaptive,,Adaptive,747,118,0.118
1000,adaptive,,Adaptive,748,126,0.126
1000,adaptive,,Adaptive,749,168,0.168
1000,adaptive,,Adaptive,750,20,0.02
1000,adaptive,,Adaptive,751,283,0.283
1000,adaptive,,Adaptive,752,195,0.195
1000,adaptive,,Adaptive,753,135,0.135
1000,adaptive,,Adaptive,754,60,0.06
1000,adaptive,,Adaptive,755,96,0.096
1000,adaptive,,Adaptive,756,227,0.227
1000,adaptive,,Adaptive,757,149,0.149
1000,adaptive,,Adaptive,758,231,0.231
1000,adaptive,,Adaptive,759,170,0.17
1000,adaptive,,Adaptive,760,127,0.127
1000,adaptive,,Adaptive,761,307,0.307
1000,adaptive,,Adaptive,762,38,0.038
1000,adaptive,,Adaptive,763,183,0.183
1000,adaptive,,Adaptive,764,198,0.198
1000,adaptive,,Adaptive,765,133,0.133
1000,adaptive,,Adaptive,766,336,0.336
1000,adaptive,,Adaptive,767,128,0.128
1000,adaptive,,Adaptive,768,349,0.349
1000,adaptive,,Adaptive,769,185,0.185
1000,adaptive,,Adaptive,770,161,0.161
1000,adaptive,,Adaptive,771,190,0.19
1000,adaptive,,Adaptive,772,93,0.093
1000,adaptive,,Adaptive,773,37,0.037
1000,adaptive,,Adaptive,774,122,0.122
1000,adaptive,,Adaptive,775,223,0.223
1000,adaptive,,Adaptive,776,90,0.09
1000,adaptive,,Adaptive,777,146,0.146
1000,adaptive,,Adaptive,778,193,0.193
1000,adaptive,,Adaptive,779,191,0.191
1000,adaptive,,Adaptive,780,243,0.243
1000,adaptive,,Adaptive,781,285,0.285
1000,adaptive,,Adaptive,782,125,0.125
1000,adaptive,,Adaptive,783,161,0.161
1000,adaptive,,Adaptive,784,251,0.251
1000,adaptive,,Adaptive,785,340,0.34
1000,adaptive,,Adaptive,786,407,0.407
1000,adaptive,,Adaptive,787,103,0.103
1000,adaptive,,Adaptive,788,274,0.274
1000,adaptive,,Adaptive,789,142,0.142
1000,adaptive,,Adaptive,790,173,0.173
1000,adaptive,,Adaptive,791,219,0.219
1000,adaptive,,Adaptive,792,211,0.211
1000,adaptive,,Adaptive,793,166,0.166
1000,adaptive,,Adaptive,794,253,0.253
1000,adaptive,,Adaptive,795,163,0.163
1000,adaptive,,Adaptive,796,238,0.238
1000,adaptive,,Adaptive,797,126,0.126
1000,adaptive,,Adaptive,798,233,0.233
1000,adaptive,,Adaptive,799,132,0.132
1000,adaptive,,Adaptive,800,159,0.159
1000,adaptive,,Adaptive,801,119,0.119
1000,adaptive,,Adaptive,802,97,0.097
1000,adaptive,,Adaptive,803,170,0.17
1000,adaptive,,Adaptive,804,194,0.194
1000,adaptive,,Adaptive,805,78,0.078
1000,adaptive,,Adaptive,806,215,0.215
1000,adaptive,,Adaptive,807,124,0.124
1000,adaptive,,Adaptive,808,228,0.228
1000,adaptive,,Adaptive,809,174,0.174
1000,adaptive,,Adaptive,810,212,0.212
1000,adaptive,,Adaptive,811,204,0.204
1000,adaptive,,Adaptive,812,135,0.135
1000,adaptive,,Adaptive,813,47,0.047
1000,adaptive,,Adaptive,814,147,0.147
1000,adaptive,,Adaptive,815,174,0.174
1000,adaptive,,Adaptive,816,236,0.236
1000,adaptive,,Adaptive,817,196,0.196
1000,adaptive,,Adaptive,818,186,0.186
1000,adaptive,,Adaptive,819,121,0.121
1000,adaptive,,Adaptive,820,245,0.245
1000,adaptive,,Adaptive,821,112,0.112
1000,adaptive,,Adaptive,822,215,0.215
1000,adaptive,,Adaptive,823,126,0.126
1000,adaptive,,Adaptive,824,128,0.128
1000,adaptive,,Adaptive,825,148,0.148
1000,adaptive,,Adaptive,826,129,0.129
1000,adaptive,,Adaptive,827,323,0.323
1000,adaptive,,Adaptive,828,0,0.0
1000,adaptive,,Adaptive,829,169,0.169
1000,adaptive,,Adaptive,830,76,0.076
1000,adaptive,,Adaptive,831,83,0.083
1000,adaptive,,Adaptive,832,48,0.048
1000,adaptive,,Adaptive,833,189,0.189
1000,adaptive,,Adaptive,834,272,0.272
1000,adaptive,,Adaptive,835,172,0.172
1000,adaptive,,Adaptive,836,111,0.111
1000,adaptive,,Adaptive,837,147,0.147
1000,adaptive,,Adaptive,838,68,0.068
1000,adaptive,,Adaptive,839,121,0.121
1000,adaptive,,Adaptive,840,271,0.271
1000,adaptive,,Adaptive,841,317,0.317
1000,adaptive,,Adaptive,842,164,0.164
1000,adaptive,,Adaptive,843,297,0.297
1000,adaptive,,Adaptive,844,95,0.095
1000,adaptive,,Adaptive,845,166,0.166
1000,adaptive,,Adaptive,846,121,0.121
1000,adaptive,,Adaptive,847,137,0.137
1000,adaptive,,Adaptive,848,210,0.21
1000,adaptive,,Adaptive,849,169,0.169
1000,adaptive,,Adaptive,850,117,0.117
1000,adaptive,,Adaptive,851,143,0.143
1000,adaptive,,Adaptive,852,186,0.186
1000,adaptive,,Adaptive,853,287,0.287
1000,adaptive,,Adaptive,854,135,0.135
1000,adaptive,,Adaptive,855,129,0.129
1000,adaptive,,Adaptive,856,116,0.116
1000,adaptive,,Adaptive,857,207,0.207
1000,adaptive,,Adaptive,858,141,0.141
1000,adaptive,,Adaptive,859,180,0.18
1000,adaptive,,Adaptive,860,208,0.208
1000,adaptive,,Adaptive,861,220,0.22
1000,adaptive,,Adaptive,862,102,0.102
1000,adaptive,,Adaptive,863,194,0.194
1000,adaptive,,Adaptive,864,157,0.157
1000,adaptive,,Adaptive,865,143,0.143
1000,adaptive,,Adaptive,866,204,0.204
1000,adaptive,,Adaptive,867,154,0.154
1000,adaptive,,Adaptive,868,73,0.073
1000,adaptive,,Adaptive,869,331,0.331
1000,adaptive,,Adaptive,870,114,0.114
1000,adaptive,,Adaptive,871,190,0.19
1000,adaptive,,Adaptive,872,42,0.042
1000,adaptive,,Adaptive,873,171,0.171
1000,adaptive,,Adaptive,874,116,0.116
1000,adaptive,,Adaptive,875,228,0.228
1000,adaptive,,Adaptive,876,162,0.162
1000,adaptive,,Adaptive,877,177,0.177
1000,adaptive,,Adaptive,878,198,0.198
1000,adaptive,,Adaptive,879,147,0.147
1000,adaptive,,Adaptive,880,294,0.294
1000,adaptive,,Adaptive,881,126,0.126
1000,adaptive,,Adaptive,882,93,0.093
1000,adaptive,,Adaptive,883,319,0.319
1000,adaptive,,Adaptive,884,206,0.206
1000,adaptive,,Adaptive,885,216,0.216
1000,adaptive,,Adaptive,886,144,0.144
1000,adaptive,,Adaptive,887,195,0.195
1000,adaptive,,Adaptive,888,149,0.149
1000,adaptive,,Adaptive,889,113,0.113
1000,adaptive,,Adaptive,890,194,0.194
1000,adaptive,,Adaptive,891,201,0.201
1000,adaptive,,Adaptive,892,255,0.255
1000,adaptive,,Adaptive,893,175,0.175
1000,adaptive,,Adaptive,894,131,0.131
1000,adaptive,,Adaptive,895,175,0.175
1000,adaptive,,Adaptive,896,159,0.159
1000,adaptive,,Adaptive,897,99,0.099
1000,adaptive,,Adaptive,898,77,0.077
1000,adaptive,,Adaptive,899,52,0.052
1000,adaptive,,Adaptive,900,202,0.202
1000,adaptive,,Adaptive,901,176,0.176
1000,adaptive,,Adaptive,902,134,0.134
1000,adaptive,,Adaptive,903,217,0.217
1000,adaptive,,Adaptive,904,257,0.257
1000,adaptive,,Adaptive,905,290,0.29
1000,adaptive,,Adaptive,906,109,0.109
1000,adaptive,,Adaptive,907,113,0.113
1000,adaptive,,Adaptive,908,107,0.107
1000,adaptive,,Adaptive,909,71,0.071
1000,adaptive,,Adaptive,910,238,0.238
1000,adaptive,,Adaptive,911,66,0.066
1000,adaptive,,Adaptive,912,151,0.151
1000,adaptive,,Adaptive,913,190,0.19
1000,adaptive,,Adaptive,914,107,0.107
1000,adaptive,,Adaptive,915,135,0.135
1000,adaptive,,Adaptive,916,180,0.18
1000,adaptive,,Adaptive,917,217,0.217
1000,adaptive,,Adaptive,918,173,0.173
1000,adaptive,,Adaptive,919,215,0.215
1000,adaptive,,Adaptive,920,116,0.116
1000,adaptive,,Adaptive,921,139,0.139
1000,adaptive,,Adaptive,922,195,0.195
1000,adaptive,,Adaptive,923,101,0.101
1000,adaptive,,Adaptive,924,150,0.15
1000,adaptive,,Adaptive,925,101,0.101
1000,adaptive,,Adaptive,926,110,0.11
1000,adaptive,,Adaptive,927,187,0.187
1000,adaptive,,Adaptive,928,212,0.212
1000,adaptive,,Adaptive,929,212,0.212
1000,adaptive,,Adaptive,930,125,0.125
1000,adaptive,,Adaptive,931,145,0.145
1000,adaptive,,Adaptive,932,240,0.24
1000,adaptive,,Adaptive,933,212,0.212
1000,adaptive,,Adaptive,934,135,0.135
1000,adaptive,,Adaptive,935,110,0.11
1000,adaptive,,Adaptive,936,252,0.252
1000,adaptive,,Adaptive,937,185,0.185
1000,adaptive,,Adaptive,938,212,0.212
1000,adaptive,,Adaptive,939,252,0.252
1000,adaptive,,Adaptive,940,135,0.135
1000,adaptive,,Adaptive,941,184,0.184
1000,adaptive,,Adaptive,942,176,0.176
1000,adaptive,,Adaptive,943,164,0.164
1000,adaptive,,Adaptive,944,204,0.204
1000,adaptive,,Adaptive,945,162,0.162
1000,adaptive,,Adaptive,946,204,0.204
1000,adaptive,,Adaptive,947,116,0.116
1000,adaptive,,Adaptive,948,160,0.16
1000,adaptive,,Adaptive,949,207,0.207
1000,adaptive,,Adaptive,950,55,0.055
1000,adaptive,,Adaptive,951,168,0.168
1000,adaptive,,Adaptive,952,151,0.151
1000,adaptive,,Adaptive,953,213,0.213
1000,adaptive,,Adaptive,954,177,0.177
1000,adaptive,,Adaptive,955,168,0.168
1000,adaptive,,Adaptive,956,139,0.139
1000,adaptive,,Adaptive,957,221,0.221
1000,adaptive,,Adaptive,958,93,0.093
1000,adaptive,,Adaptive,959,230,0.23
1000,adaptive,,Adaptive,960,159,0.159
1000,adaptive,,Adaptive,961,160,0.16
1000,adaptive,,Adaptive,962,174,0.174
1000,adaptive,,Adaptive,963,139,0.139
1000,adaptive,,Adaptive,964,226,0.226
1000,adaptive,,Adaptive,965,117,0.117
1000,adaptive,,Adaptive,966,183,0.183
1000,adaptive,,Adaptive,967,182,0.182
1000,adaptive,,Adaptive,968,195,0.195
1000,adaptive,,Adaptive,969,195,0.195
1000,adaptive,,Adaptive,970,185,0.185
1000,adaptive,,Adaptive,971,163,0.163
1000,adaptive,,Adaptive,972,215,0.215
1000,adaptive,,Adaptive,973,197,0.197
1000,adaptive,,Adaptive,974,163,0.163
1000,adaptive,,Adaptive,975,289,0.289
1000,adaptive,,Adaptive,976,111,0.111
1000,adaptive,,Adaptive,977,219,0.219
1000,adaptive,,Adaptive,978,118,0.118
1000,adaptive,,Adaptive,979,231,0.231
1000,adaptive,,Adaptive,980,160,0.16
1000,adaptive,,Adaptive,981,248,0.248
1000,adaptive,,Adaptive,982,94,0.094
1000,adaptive,,Adaptive,983,188,0.188
1000,adaptive,,Adaptive,984,116,0.116
1000,adaptive,,Adaptive,985,147,0.147
1000,adaptive,,Adaptive,986,236,0.236
1000,adaptive,,Adaptive,987,202,0.202
1000,adaptive,,Adaptive,988,251,0.251
1000,adaptive,,Adaptive,989,86,0.086
1000,adaptive,,Adaptive,990,107,0.107
1000,adaptive,,Adaptive,991,167,0.167
1000,adaptive,,Adaptive,992,130,0.13
1000,adaptive,,Adaptive,993,226,0.226
1000,adaptive,,Adaptive,994,184,0.184
1000,adaptive,,Adaptive,995,175,0.175
1000,adaptive,,Adaptive,996,86,0.086
1000,adaptive,,Adaptive,997,47,0.047
1000,adaptive,,Adaptive,998,255,0.255
1000,adaptive,,Adaptive,999,149,0.149
1000,fixed,0.95,Fixed λ=0.95,0,582,0.582
1000,fixed,0.95,Fixed λ=0.95,1,688,0.688
1000,fixed,0.95,Fixed λ=0.95,2,284,0.284
1000,fixed,0.95,Fixed λ=0.95,3,621,0.621
1000,fixed,0.95,Fixed λ=0.95,4,839,0.839
1000,fixed,0.95,Fixed λ=0.95,5,524,0.524
1000,fixed,0.95,Fixed λ=0.95,6,250,0.25
1000,fixed,0.95,Fixed λ=0.95,7,399,0.399
1000,fixed,0.95,Fixed λ=0.95,8,449,0.449
1000,fixed,0.95,Fixed λ=0.95,9,374,0.374
1000,fixed,0.95,Fixed λ=0.95,10,317,0.317
1000,fixed,0.95,Fixed λ=0.95,11,535,0.535
1000,fixed,0.95,Fixed λ=0.95,12,644,0.644
1000,fixed,0.95,Fixed λ=0.95,13,513,0.513
1000,fixed,0.95,Fixed λ=0.95,14,331,0.331
1000,fixed,0.95,Fixed λ=0.95,15,639,0.639
1000,fixed,0.95,Fixed λ=0.95,16,662,0.662
1000,fixed,0.95,Fixed λ=0.95,17,582,0.582
1000,fixed,0.95,Fixed λ=0.95,18,494,0.494
1000,fixed,0.95,Fixed λ=0.95,19,795,0.795
1000,fixed,0.95,Fixed λ=0.95,20,309,0.309
1000,fixed,0.95,Fixed λ=0.95,21,514,0.514
1000,fixed,0.95,Fixed λ=0.95,22,492,0.492
1000,fixed,0.95,Fixed λ=0.95,23,740,0.74
1000,fixed,0.95,Fixed λ=0.95,24,420,0.42
1000,fixed,0.95,Fixed λ=0.95,25,522,0.522
1000,fixed,0.95,Fixed λ=0.95,26,616,0.616
1000,fixed,0.95,Fixed λ=0.95,27,363,0.363
1000,fixed,0.95,Fixed λ=0.95,28,435,0.435
1000,fixed,0.95,Fixed λ=0.95,29,540,0.54
1000,fixed,0.95,Fixed λ=0.95,30,319,0.319
1000,fixed,0.95,Fixed λ=0.95,31,589,0.589
1000,fixed,0.95,Fixed λ=0.95,32,430,0.43
1000,fixed,0.95,Fixed λ=0.95,33,466,0.466
1000,fixed,0.95,Fixed λ=0.95,34,626,0.626
1000,fixed,0.95,Fixed λ=0.95,35,236,0.236
1000,fixed,0.95,Fixed λ=0.95,36,430,0.43
1000,fixed,0.95,Fixed λ=0.95,37,786,0.786
1000,fixed,0.95,Fixed λ=0.95,38,709,0.709
1000,fixed,0.95,Fixed λ=0.95,39,633,0.633
1000,fixed,0.95,Fixed λ=0.95,40,628,0.628
1000,fixed,0.95,Fixed λ=0.95,41,156,0.156
1000,fixed,0.95,Fixed λ=0.95,42,383,0.383
1000,fixed,0.95,Fixed λ=0.95,43,713,0.713
1000,fixed,0.95,Fixed λ=0.95,44,430,0.43
1000,fixed,0.95,Fixed λ=0.95,45,668,0.668
1000,fixed,0.95,Fixed λ=0.95,46,418,0.418
1000,fixed,0.95,Fixed λ=0.95,47,463,0.463
1000,fixed,0.95,Fixed λ=0.95,48,595,0.595
1000,fixed,0.95,Fixed λ=0.95,49,297,0.297
1000,fixed,0.95,Fixed λ=0.95,50,379,0.379
1000,fixed,0.95,Fixed λ=0.95,51,370,0.37
1000,fixed,0.95,Fixed λ=0.95,52,690,0.69
1000,fixed,0.95,Fixed λ=0.95,53,425,0.425
1000,fixed,0.95,Fixed λ=0.95,54,684,0.684
1000,fixed,0.95,Fixed λ=0.95,55,699,0.699
1000,fixed,0.95,Fixed λ=0.95,56,479,0.479
1000,fixed,0.95,Fixed λ=0.95,57,248,0.248
1000,fixed,0.95,Fixed λ=0.95,58,488,0.488
1000,fixed,0.95,Fixed λ=0.95,59,560,0.56
1000,fixed,0.95,Fixed λ=0.95,60,448,0.448
1000,fixed,0.95,Fixed λ=0.95,61,711,0.711
1000,fixed,0.95,Fixed λ=0.95,62,424,0.424
1000,fixed,0.95,Fixed λ=0.95,63,220,0.22
1000,fixed,0.95,Fixed λ=0.95,64,666,0.666
1000,fixed,0.95,Fixed λ=0.95,65,671,0.671
1000,fixed,0.95,Fixed λ=0.95,66,136,0.136
1000,fixed,0.95,Fixed λ=0.95,67,644,0.644
1000,fixed,0.95,Fixed λ=0.95,68,467,0.467
1000,fixed,0.95,Fixed λ=0.95,69,487,0.487
1000,fixed,0.95,Fixed λ=0.95,70,577,0.577
1000,fixed,0.95,Fixed λ=0.95,71,586,0.586
1000,fixed,0.95,Fixed λ=0.95,72,459,0.459
1000,fixed,0.95,Fixed λ=0.95,73,335,0.335
1000,fixed,0.95,Fixed λ=0.95,74,471,0.471
1000,fixed,0.95,Fixed λ=0.95,75,606,0.606
1000,fixed,0.95,Fixed λ=0.95,76,512,0.512
1000,fixed,0.95,Fixed λ=0.95,77,553,0.553
1000,fixed,0.95,Fixed λ=0.95,78,550,0.55
1000,fixed,0.95,Fixed λ=0.95,79,422,0.422
1000,fixed,0.95,Fixed λ=0.95,80,563,0.563
1000,fixed,0.95,Fixed λ=0.95,81,403,0.403
1000,fixed,0.95,Fixed λ=0.95,82,629,0.629
1000,fixed,0.95,Fixed λ=0.95,83,319,0.319
1000,fixed,0.95,Fixed λ=0.95,84,625,0.625
1000,fixed,0.95,Fixed λ=0.95,85,609,0.609
1000,fixed,0.95,Fixed λ=0.95,86,568,0.568
1000,fixed,0.95,Fixed λ=0.95,87,570,0.57
1000,fixed,0.95,Fixed λ=0.95,88,364,0.364
1000,fixed,0.95,Fixed λ=0.95,89,763,0.763
1000,fixed,0.95,Fixed λ=0.95,90,403,0.403
1000,fixed,0.95,Fixed λ=0.95,91,683,0.683
1000,fixed,0.95,Fixed λ=0.95,92,476,0.476
1000,fixed,0.95,Fixed λ=0.95,93,554,0.554
1000,fixed,0.95,Fixed λ=0.95,94,501,0.501
1000,fixed,0.95,Fixed λ=0.95,95,551,0.551
1000,fixed,0.95,Fixed λ=0.95,96,117,0.117
1000,fixed,0.95,Fixed λ=0.95,97,396,0.396
1000,fixed,0.95,Fixed λ=0.95,98,704,0.704
1000,fixed,0.95,Fixed λ=0.95,99,898,0.898
1000,fixed,0.95,Fixed λ=0.95,100,821,0.821
1000,fixed,0.95,Fixed λ=0.95,101,449,0.449
1000,fixed,0.95,Fixed λ=0.95,102,406,0.406
1000,fixed,0.95,Fixed λ=0.95,103,591,0.591
1000,fixed,0.95,Fixed λ=0.95,104,211,0.211
1000,fixed,0.95,Fixed λ=0.95,105,342,0.342
1000,fixed,0.95,Fixed λ=0.95,106,596,0.596
1000,fixed,0.95,Fixed λ=0.95,107,427,0.427
1000,fixed,0.95,Fixed λ=0.95,108,458,0.458
1000,fixed,0.95,Fixed λ=0.95,109,558,0.558
1000,fixed,0.95,Fixed λ=0.95,110,293,0.293
1000,fixed,0.95,Fixed λ=0.95,111,505,0.505
1000,fixed,0.95,Fixed λ=0.95,112,445,0.445
1000,fixed,0.95,Fixed λ=0.95,113,717,0.717
1000,fixed,0.95,Fixed λ=0.95,114,836,0.836
1000,fixed,0.95,Fixed λ=0.95,115,469,0.469
1000,fixed,0.95,Fixed λ=0.95,116,537,0.537
1000,fixed,0.95,Fixed λ=0.95,117,594,0.594
1000,fixed,0.95,Fixed λ=0.95,118,449,0.449
1000,fixed,0.95,Fixed λ=0.95,119,456,0.456
1000,fixed,0.95,Fixed λ=0.95,120,675,0.675
1000,fixed,0.95,Fixed λ=0.95,121,689,0.689
1000,fixed,0.95,Fixed λ=0.95,122,781,0.781
1000,fixed,0.95,Fixed λ=0.95,123,703,0.703
1000,fixed,0.95,Fixed λ=0.95,124,263,0.263
1000,fixed,0.95,Fixed λ=0.95,125,152,0.152
1000,fixed,0.95,Fixed λ=0.95,126,356,0.356
1000,fixed,0.95,Fixed λ=0.95,127,597,0.597
1000,fixed,0.95,Fixed λ=0.95,128,498,0.498
1000,fixed,0.95,Fixed λ=0.95,129,716,0.716
1000,fixed,0.95,Fixed λ=0.95,130,663,0.663
1000,fixed,0.95,Fixed λ=0.95,131,475,0.475
1000,fixed,0.95,Fixed λ=0.95,132,460,0.46
1000,fixed,0.95,Fixed λ=0.95,133,425,0.425
1000,fixed,0.95,Fixed λ=0.95,134,706,0.706
1000,fixed,0.95,Fixed λ=0.95,135,379,0.379
1000,fixed,0.95,Fixed λ=0.95,136,721,0.721
1000,fixed,0.95,Fixed λ=0.95,137,195,0.195
1000,fixed,0.95,Fixed λ=0.95,138,0,0.0
1000,fixed,0.95,Fixed λ=0.95,139,576,0.576
1000,fixed,0.95,Fixed λ=0.95,140,779,0.779
1000,fixed,0.95,Fixed λ=0.95,141,557,0.557
1000,fixed,0.95,Fixed λ=0.95,142,389,0.389
1000,fixed,0.95,Fixed λ=0.95,143,667,0.667
1000,fixed,0.95,Fixed λ=0.95,144,549,0.549
1000,fixed,0.95,Fixed λ=0.95,145,481,0.481
1000,fixed,0.95,Fixed λ=0.95,146,591,0.591
1000,fixed,0.95,Fixed λ=0.95,147,547,0.547
1000,fixed,0.95,Fixed λ=0.95,148,505,0.505
1000,fixed,0.95,Fixed λ=0.95,149,759,0.759
1000,fixed,0.95,Fixed λ=0.95,150,511,0.511
1000,fixed,0.95,Fixed λ=0.95,151,409,0.409
1000,fixed,0.95,Fixed λ=0.95,152,333,0.333
1000,fixed,0.95,Fixed λ=0.95,153,102,0.102
1000,fixed,0.95,Fixed λ=0.95,154,236,0.236
1000,fixed,0.95,Fixed λ=0.95,155,382,0.382
1000,fixed,0.95,Fixed λ=0.95,156,380,0.38
1000,fixed,0.95,Fixed λ=0.95,157,568,0.568
1000,fixed,0.95,Fixed λ=0.95,158,714,0.714
1000,fixed,0.95,Fixed λ=0.95,159,580,0.58
1000,fixed,0.95,Fixed λ=0.95,160,565,0.565
1000,fixed,0.95,Fixed λ=0.95,161,619,0.619
1000,fixed,0.95,Fixed λ=0.95,162,372,0.372
1000,fixed,0.95,Fixed λ=0.95,163,606,0.606
1000,fixed,0.95,Fixed λ=0.95,164,508,0.508
1000,fixed,0.95,Fixed λ=0.95,165,335,0.335
1000,fixed,0.95,Fixed λ=0.95,166,823,0.823
1000,fixed,0.95,Fixed λ=0.95,167,668,0.668
1000,fixed,0.95,Fixed λ=0.95,168,447,0.447
1000,fixed,0.95,Fixed λ=0.95,169,660,0.66
1000,fixed,0.95,Fixed λ=0.95,170,439,0.439
1000,fixed,0.95,Fixed λ=0.95,171,294,0.294
1000,fixed,0.95,Fixed λ=0.95,172,312,0.312
1000,fixed,0.95,Fixed λ=0.95,173,677,0.677
1000,fixed,0.95,Fixed λ=0.95,174,471,0.471
1000,fixed,0.95,Fixed λ=0.95,175,242,0.242
1000,fixed,0.95,Fixed λ=0.95,176,319,0.319
1000,fixed,0.95,Fixed λ=0.95,177,632,0.632
1000,fixed,0.95,Fixed λ=0.95,178,432,0.432
1000,fixed,0.95,Fixed λ=0.95,179,622,0.622
1000,fixed,0.95,Fixed λ=0.95,180,592,0.592
1000,fixed,0.95,Fixed λ=0.95,181,622,0.622
1000,fixed,0.95,Fixed λ=0.95,182,433,0.433
1000,fixed,0.95,Fixed λ=0.95,183,297,0.297
1000,fixed,0.95,Fixed λ=0.95,184,418,0.418
1000,fixed,0.95,Fixed λ=0.95,185,416,0.416
1000,fixed,0.95,Fixed λ=0.95,186,414,0.414
1000,fixed,0.95,Fixed λ=0.95,187,386,0.386
1000,fixed,0.95,Fixed λ=0.95,188,371,0.371
1000,fixed,0.95,Fixed λ=0.95,189,688,0.688
1000,fixed,0.95,Fixed λ=0.95,190,350,0.35
1000,fixed,0.95,Fixed λ=0.95,191,845,0.845
1000,fixed,0.95,Fixed λ=0.95,192,721,0.721
1000,fixed,0.95,Fixed λ=0.95,193,627,0.627
1000,fixed,0.95,Fixed λ=0.95,194,330,0.33
1000,fixed,0.95,Fixed λ=0.95,195,413,0.413
1000,fixed,0.95,Fixed λ=0.95,196,37,0.037
1000,fixed,0.95,Fixed λ=0.95,197,685,0.685
1000,fixed,0.95,Fixed λ=0.95,198,627,0.627
1000,fixed,0.95,Fixed λ=0.95,199,735,0.735
1000,fixed,0.95,Fixed λ=0.95,200,367,0.367
1000,fixed,0.95,Fixed λ=0.95,201,470,0.47
1000,fixed,0.95,Fixed λ=0.95,202,762,0.762
1000,fixed,0.95,Fixed λ=0.95,203,695,0.695
1000,fixed,0.95,Fixed λ=0.95,204,593,0.593
1000,fixed,0.95,Fixed λ=0.95,205,80,0.08
1000,fixed,0.95,Fixed λ=0.95,206,570,0.57
1000,fixed,0.95,Fixed λ=0.95,207,622,0.622
1000,fixed,0.95,Fixed λ=0.95,208,428,0.428
1000,fixed,0.95,Fixed λ=0.95,209,465,0.465
1000,fixed,0.95,Fixed λ=0.95,210,681,0.681
1000,fixed,0.95,Fixed λ=0.95,211,752,0.752
1000,fixed,0.95,Fixed λ=0.95,212,367,0.367
1000,fixed,0.95,Fixed λ=0.95,213,222,0.222
1000,fixed,0.95,Fixed λ=0.95,214,341,0.341
1000,fixed,0.95,Fixed λ=0.95,215,610,0.61
1000,fixed,0.95,Fixed λ=0.95,216,673,0.673
1000,fixed,0.95,Fixed λ=0.95,217,598,0.598
1000,fixed,0.95,Fixed λ=0.95,218,630,0.63
1000,fixed,0.95,Fixed λ=0.95,219,683,0.683
1000,fixed,0.95,Fixed λ=0.95,220,630,0.63
1000,fixed,0.95,Fixed λ=0.95,221,568,0.568
1000,fixed,0.95,Fixed λ=0.95,222,409,0.409
1000,fixed,0.95,Fixed λ=0.95,223,456,0.456
1000,fixed,0.95,Fixed λ=0.95,224,390,0.39
1000,fixed,0.95,Fixed λ=0.95,225,485,0.485
1000,fixed,0.95,Fixed λ=0.95,226,642,0.642
1000,fixed,0.95,Fixed λ=0.95,227,641,0.641
1000,fixed,0.95,Fixed λ=0.95,228,461,0.461
1000,fixed,0.95,Fixed λ=0.95,229,469,0.469
1000,fixed,0.95,Fixed λ=0.95,230,475,0.475
1000,fixed,0.95,Fixed λ=0.95,231,274,0.274
1000,fixed,0.95,Fixed λ=0.95,232,708,0.708
1000,fixed,0.95,Fixed λ=0.95,233,609,0.609
1000,fixed,0.95,Fixed λ=0.95,234,266,0.266
1000,fixed,0.95,Fixed λ=0.95,235,548,0.548
1000,fixed,0.95,Fixed λ=0.95,236,761,0.761
1000,fixed,0.95,Fixed λ=0.95,237,806,0.806
1000,fixed,0.95,Fixed λ=0.95,238,740,0.74
1000,fixed,0.95,Fixed λ=0.95,239,686,0.686
1000,fixed,0.95,Fixed λ=0.95,240,711,0.711
1000,fixed,0.95,Fixed λ=0.95,241,417,0.417
1000,fixed,0.95,Fixed λ=0.95,242,203,0.203
1000,fixed,0.95,Fixed λ=0.95,243,669,0.669
1000,fixed,0.95,Fixed λ=0.95,244,607,0.607
1000,fixed,0.95,Fixed λ=0.95,245,316,0.316
1000,fixed,0.95,Fixed λ=0.95,246,603,0.603
1000,fixed,0.95,Fixed λ=0.95,247,714,0.714
1000,fixed,0.95,Fixed λ=0.95,248,215,0.215
1000,fixed,0.95,Fixed λ=0.95,249,530,0.53
1000,fixed,0.95,Fixed λ=0.95,250,719,0.719
1000,fixed,0.95,Fixed λ=0.95,251,490,0.49
1000,fixed,0.95,Fixed λ=0.95,252,431,0.431
1000,fixed,0.95,Fixed λ=0.95,253,381,0.381
1000,fixed,0.95,Fixed λ=0.95,254,415,0.415
1000,fixed,0.95,Fixed λ=0.95,255,598,0.598
1000,fixed,0.95,Fixed λ=0.95,256,485,0.485
1000,fixed,0.95,Fixed λ=0.95,257,578,0.578
1000,fixed,0.95,Fixed λ=0.95,258,821,0.821
1000,fixed,0.95,Fixed λ=0.95,259,204,0.204
1000,fixed,0.95,Fixed λ=0.95,260,313,0.313
1000,fixed,0.95,Fixed λ=0.95,261,568,0.568
1000,fixed,0.95,Fixed λ=0.95,262,517,0.517
1000,fixed,0.95,Fixed λ=0.95,263,682,0.682
1000,fixed,0.95,Fixed λ=0.95,264,243,0.243
1000,fixed,0.95,Fixed λ=0.95,265,747,0.747
1000,fixed,0.95,Fixed λ=0.95,266,292,0.292
1000,fixed,0.95,Fixed λ=0.95,267,424,0.424
1000,fixed,0.95,Fixed λ=0.95,268,817,0.817
1000,fixed,0.95,Fixed λ=0.95,269,740,0.74
1000,fixed,0.95,Fixed λ=0.95,270,586,0.586
1000,fixed,0.95,Fixed λ=0.95,271,569,0.569
1000,fixed,0.95,Fixed λ=0.95,272,341,0.341
1000,fixed,0.95,Fixed λ=0.95,273,442,0.442
1000,fixed,0.95,Fixed λ=0.95,274,681,0.681
1000,fixed,0.95,Fixed λ=0.95,275,482,0.482
1000,fixed,0.95,Fixed λ=0.95,276,406,0.406
1000,fixed,0.95,Fixed λ=0.95,277,625,0.625
1000,fixed,0.95,Fixed λ=0.95,278,373,0.373
1000,fixed,0.95,Fixed λ=0.95,279,701,0.701
1000,fixed,0.95,Fixed λ=0.95,280,389,0.389
1000,fixed,0.95,Fixed λ=0.95,281,506,0.506
1000,fixed,0.95,Fixed λ=0.95,282,645,0.645
1000,fixed,0.95,Fixed λ=0.95,283,623,0.623
1000,fixed,0.95,Fixed λ=0.95,284,783,0.783
1000,fixed,0.95,Fixed λ=0.95,285,348,0.348
1000,fixed,0.95,Fixed λ=0.95,286,504,0.504
1000,fixed,0.95,Fixed λ=0.95,287,620,0.62
1000,fixed,0.95,Fixed λ=0.95,288,312,0.312
1000,fixed,0.95,Fixed λ=0.95,289,822,0.822
1000,fixed,0.95,Fixed λ=0.95,290,890,0.89
1000,fixed,0.95,Fixed λ=0.95,291,462,0.462
1000,fixed,0.95,Fixed λ=0.95,292,579,0.579
1000,fixed,0.95,Fixed λ=0.95,293,625,0.625
1000,fixed,0.95,Fixed λ=0.95,294,358,0.358
1000,fixed,0.95,Fixed λ=0.95,295,337,0.337
1000,fixed,0.95,Fixed λ=0.95,296,662,0.662
1000,fixed,0.95,Fixed λ=0.95,297,281,0.281
1000,fixed,0.95,Fixed λ=0.95,298,561,0.561
1000,fixed,0.95,Fixed λ=0.95,299,460,0.46
1000,fixed,0.95,Fixed λ=0.95,300,287,0.287
1000,fixed,0.95,Fixed λ=0.95,301,453,0.453
1000,fixed,0.95,Fixed λ=0.95,302,580,0.58
1000,fixed,0.95,Fixed λ=0.95,303,373,0.373
1000,fixed,0.95,Fixed λ=0.95,304,556,0.556
1000,fixed,0.95,Fixed λ=0.95,305,473,0.473
1000,fixed,0.95,Fixed λ=0.95,306,554,0.554
1000,fixed,0.95,Fixed λ=0.95,307,362,0.362
1000,fixed,0.95,Fixed λ=0.95,308,872,0.872
1000,fixed,0.95,Fixed λ=0.95,309,613,0.613
1000,fixed,0.95,Fixed λ=0.95,310,910,0.91
1000,fixed,0.95,Fixed λ=0.95,311,266,0.266
1000,fixed,0.95,Fixed λ=0.95,312,614,0.614
1000,fixed,0.95,Fixed λ=0.95,313,479,0.479
1000,fixed,0.95,Fixed λ=0.95,314,118,0.118
1000,fixed,0.95,Fixed λ=0.95,315,626,0.626
1000,fixed,0.95,Fixed λ=0.95,316,459,0.459
1000,fixed,0.95,Fixed λ=0.95,317,767,0.767
1000,fixed,0.95,Fixed λ=0.95,318,309,0.309
1000,fixed,0.95,Fixed λ=0.95,319,443,0.443
1000,fixed,0.95,Fixed λ=0.95,320,357,0.357
1000,fixed,0.95,Fixed λ=0.95,321,637,0.637
1000,fixed,0.95,Fixed λ=0.95,322,621,0.621
1000,fixed,0.95,Fixed λ=0.95,323,421,0.421
1000,fixed,0.95,Fixed λ=0.95,324,527,0.527
1000,fixed,0.95,Fixed λ=0.95,325,312,0.312
1000,fixed,0.95,Fixed λ=0.95,326,404,0.404
1000,fixed,0.95,Fixed λ=0.95,327,528,0.528
1000,fixed,0.95,Fixed λ=0.95,328,671,0.671
1000,fixed,0.95,Fixed λ=0.95,329,444,0.444
1000,fixed,0.95,Fixed λ=0.95,330,458,0.458
1000,fixed,0.95,Fixed λ=0.95,331,286,0.286
1000,fixed,0.95,Fixed λ=0.95,332,848,0.848
1000,fixed,0.95,Fixed λ=0.95,333,157,0.157
1000,fixed,0.95,Fixed λ=0.95,334,580,0.58
1000,fixed,0.95,Fixed λ=0.95,335,777,0.777
1000,fixed,0.95,Fixed λ=0.95,336,417,0.417
1000,fixed,0.95,Fixed λ=0.95,337,523,0.523
1000,fixed,0.95,Fixed λ=0.95,338,235,0.235
1000,fixed,0.95,Fixed λ=0.95,339,335,0.335
1000,fixed,0.95,Fixed λ=0.95,340,520,0.52
1000,fixed,0.95,Fixed λ=0.95,341,639,0.639
1000,fixed,0.95,Fixed λ=0.95,342,353,0.353
1000,fixed,0.95,Fixed λ=0.95,343,586,0.586
1000,fixed,0.95,Fixed λ=0.95,344,450,0.45
1000,fixed,0.95,Fixed λ=0.95,345,513,0.513
1000,fixed,0.95,Fixed λ=0.95,346,747,0.747
1000,fixed,0.95,Fixed λ=0.95,347,595,0.595
1000,fixed,0.95,Fixed λ=0.95,348,500,0.5
1000,fixed,0.95,Fixed λ=0.95,349,534,0.534
1000,fixed,0.95,Fixed λ=0.95,350,420,0.42
1000,fixed,0.95,Fixed λ=0.95,351,514,0.514
1000,fixed,0.95,Fixed λ=0.95,352,767,0.767
1000,fixed,0.95,Fixed λ=0.95,353,492,0.492
1000,fixed,0.95,Fixed λ=0.95,354,627,0.627
1000,fixed,0.95,Fixed λ=0.95,355,800,0.8
1000,fixed,0.95,Fixed λ=0.95,356,822,0.822
1000,fixed,0.95,Fixed λ=0.95,357,308,0.308
1000,fixed,0.95,Fixed λ=0.95,358,362,0.362
1000,fixed,0.95,Fixed λ=0.95,359,234,0.234
1000,fixed,0.95,Fixed λ=0.95,360,675,0.675
1000,fixed,0.95,Fixed λ=0.95,361,382,0.382
1000,fixed,0.95,Fixed λ=0.95,362,199,0.199
1000,fixed,0.95,Fixed λ=0.95,363,484,0.484
1000,fixed,0.95,Fixed λ=0.95,364,720,0.72
1000,fixed,0.95,Fixed λ=0.95,365,597,0.597
1000,fixed,0.95,Fixed λ=0.95,366,404,0.404
1000,fixed,0.95,Fixed λ=0.95,367,244,0.244
1000,fixed,0.95,Fixed λ=0.95,368,536,0.536
1000,fixed,0.95,Fixed λ=0.95,369,233,0.233
1000,fixed,0.95,Fixed λ=0.95,370,595,0.595
1000,fixed,0.95,Fixed λ=0.95,371,335,0.335
1000,fixed,0.95,Fixed λ=0.95,372,199,0.199
1000,fixed,0.95,Fixed λ=0.95,373,613,0.613
1000,fixed,0.95,Fixed λ=0.95,374,145,0.145
1000,fixed,0.95,Fixed λ=0.95,375,409,0.409
1000,fixed,0.95,Fixed λ=0.95,376,188,0.188
1000,fixed,0.95,Fixed λ=0.95,377,276,0.276
1000,fixed,0.95,Fixed λ=0.95,378,583,0.583
1000,fixed,0.95,Fixed λ=0.95,379,487,0.487
1000,fixed,0.95,Fixed λ=0.95,380,686,0.686
1000,fixed,0.95,Fixed λ=0.95,381,632,0.632
1000,fixed,0.95,Fixed λ=0.95,382,608,0.608
1000,fixed,0.95,Fixed λ=0.95,383,498,0.498
1000,fixed,0.95,Fixed λ=0.95,384,567,0.567
1000,fixed,0.95,Fixed λ=0.95,385,646,0.646
1000,fixed,0.95,Fixed λ=0.95,386,474,0.474
1000,fixed,0.95,Fixed λ=0.95,387,542,0.542
1000,fixed,0.95,Fixed λ=0.95,388,524,0.524
1000,fixed,0.95,Fixed λ=0.95,389,521,0.521
1000,fixed,0.95,Fixed λ=0.95,390,454,0.454
1000,fixed,0.95,Fixed λ=0.95,391,446,0.446
1000,fixed,0.95,Fixed λ=0.95,392,271,0.271
1000,fixed,0.95,Fixed λ=0.95,393,747,0.747
1000,fixed,0.95,Fixed λ=0.95,394,552,0.552
1000,fixed,0.95,Fixed λ=0.95,395,798,0.798
1000,fixed,0.95,Fixed λ=0.95,396,724,0.724
1000,fixed,0.95,Fixed λ=0.95,397,197,0.197
1000,fixed,0.95,Fixed λ=0.95,398,343,0.343
1000,fixed,0.95,Fixed λ=0.95,399,692,0.692
1000,fixed,0.95,Fixed λ=0.95,400,581,0.581
1000,fixed,0.95,Fixed λ=0.95,401,644,0.644
1000,fixed,0.95,Fixed λ=0.95,402,699,0.699
1000,fixed,0.95,Fixed λ=0.95,403,331,0.331
1000,fixed,0.95,Fixed λ=0.95,404,554,0.554
1000,fixed,0.95,Fixed λ=0.95,405,506,0.506
1000,fixed,0.95,Fixed λ=0.95,406,214,0.214
1000,fixed,0.95,Fixed λ=0.95,407,650,0.65
1000,fixed,0.95,Fixed λ=0.95,408,428,0.428
1000,fixed,0.95,Fixed λ=0.95,409,345,0.345
1000,fixed,0.95,Fixed λ=0.95,410,354,0.354
1000,fixed,0.95,Fixed λ=0.95,411,205,0.205
1000,fixed,0.95,Fixed λ=0.95,412,620,0.62
1000,fixed,0.95,Fixed λ=0.95,413,537,0.537
1000,fixed,0.95,Fixed λ=0.95,414,745,0.745
1000,fixed,0.95,Fixed λ=0.95,415,674,0.674
1000,fixed,0.95,Fixed λ=0.95,416,683,0.683
1000,fixed,0.95,Fixed λ=0.95,417,255,0.255
1000,fixed,0.95,Fixed λ=0.95,418,563,0.563
1000,fixed,0.95,Fixed λ=0.95,419,552,0.552
1000,fixed,0.95,Fixed λ=0.95,420,518,0.518
1000,fixed,0.95,Fixed λ=0.95,421,301,0.301
1000,fixed,0.95,Fixed λ=0.95,422,546,0.546
1000,fixed,0.95,Fixed λ=0.95,423,641,0.641
1000,fixed,0.95,Fixed λ=0.95,424,289,0.289
1000,fixed,0.95,Fixed λ=0.95,425,610,0.61
1000,fixed,0.95,Fixed λ=0.95,426,327,0.327
1000,fixed,0.95,Fixed λ=0.95,427,434,0.434
1000,fixed,0.95,Fixed λ=0.95,428,297,0.297
1000,fixed,0.95,Fixed λ=0.95,429,682,0.682
1000,fixed,0.95,Fixed λ=0.95,430,657,0.657
1000,fixed,0.95,Fixed λ=0.95,431,603,0.603
1000,fixed,0.95,Fixed λ=0.95,432,413,0.413
1000,fixed,0.95,Fixed λ=0.95,433,743,0.743
1000,fixed,0.95,Fixed λ=0.95,434,279,0.279
1000,fixed,0.95,Fixed λ=0.95,435,585,0.585
1000,fixed,0.95,Fixed λ=0.95,436,562,0.562
1000,fixed,0.95,Fixed λ=0.95,437,368,0.368
1000,fixed,0.95,Fixed λ=0.95,438,533,0.533
1000,fixed,0.95,Fixed λ=0.95,439,396,0.396
1000,fixed,0.95,Fixed λ=0.95,440,550,0.55
1000,fixed,0.95,Fixed λ=0.95,441,430,0.43
1000,fixed,0.95,Fixed λ=0.95,442,197,0.197
1000,fixed,0.95,Fixed λ=0.95,443,620,0.62
1000,fixed,0.95,Fixed λ=0.95,444,300,0.3
1000,fixed,0.95,Fixed λ=0.95,445,491,0.491
1000,fixed,0.95,Fixed λ=0.95,446,188,0.188
1000,fixed,0.95,Fixed λ=0.95,447,321,0.321
1000,fixed,0.95,Fixed λ=0.95,448,376,0.376
1000,fixed,0.95,Fixed λ=0.95,449,680,0.68
1000,fixed,0.95,Fixed λ=0.95,450,192,0.192
1000,fixed,0.95,Fixed λ=0.95,451,205,0.205
1000,fixed,0.95,Fixed λ=0.95,452,474,0.474
1000,fixed,0.95,Fixed λ=0.95,453,637,0.637
1000,fixed,0.95,Fixed λ=0.95,454,372,0.372
1000,fixed,0.95,Fixed λ=0.95,455,472,0.472
1000,fixed,0.95,Fixed λ=0.95,456,719,0.719
1000,fixed,0.95,Fixed λ=0.95,457,823,0.823
1000,fixed,0.95,Fixed λ=0.95,458,0,0.0
1000,fixed,0.95,Fixed λ=0.95,459,573,0.573
1000,fixed,0.95,Fixed λ=0.95,460,446,0.446
1000,fixed,0.95,Fixed λ=0.95,461,663,0.663
1000,fixed,0.95,Fixed λ=0.95,462,683,0.683
1000,fixed,0.95,Fixed λ=0.95,463,618,0.618
1000,fixed,0.95,Fixed λ=0.95,464,511,0.511
1000,fixed,0.95,Fixed λ=0.95,465,440,0.44
1000,fixed,0.95,Fixed λ=0.95,466,635,0.635
1000,fixed,0.95,Fixed λ=0.95,467,530,0.53
1000,fixed,0.95,Fixed λ=0.95,468,567,0.567
1000,fixed,0.95,Fixed λ=0.95,469,433,0.433
1000,fixed,0.95,Fixed λ=0.95,470,369,0.369
1000,fixed,0.95,Fixed λ=0.95,471,609,0.609
1000,fixed,0.95,Fixed λ=0.95,472,341,0.341
1000,fixed,0.95,Fixed λ=0.95,473,485,0.485
1000,fixed,0.95,Fixed λ=0.95,474,292,0.292
1000,fixed,0.95,Fixed λ=0.95,475,192,0.192
1000,fixed,0.95,Fixed λ=0.95,476,527,0.527
1000,fixed,0.95,Fixed λ=0.95,477,759,0.759
1000,fixed,0.95,Fixed λ=0.95,478,645,0.645
1000,fixed,0.95,Fixed λ=0.95,479,713,0.713
1000,fixed,0.95,Fixed λ=0.95,480,507,0.507
1000,fixed,0.95,Fixed λ=0.95,481,799,0.799
1000,fixed,0.95,Fixed λ=0.95,482,518,0.518
1000,fixed,0.95,Fixed λ=0.95,483,656,0.656
1000,fixed,0.95,Fixed λ=0.95,484,388,0.388
1000,fixed,0.95,Fixed λ=0.95,485,707,0.707
1000,fixed,0.95,Fixed λ=0.95,486,690,0.69
1000,fixed,0.95,Fixed λ=0.95,487,267,0.267
1000,fixed,0.95,Fixed λ=0.95,488,601,0.601
1000,fixed,0.95,Fixed λ=0.95,489,611,0.611
1000,fixed,0.95,Fixed λ=0.95,490,666,0.666
1000,fixed,0.95,Fixed λ=0.95,491,606,0.606
1000,fixed,0.95,Fixed λ=0.95,492,395,0.395
1000,fixed,0.95,Fixed λ=0.95,493,311,0.311
1000,fixed,0.95,Fixed λ=0.95,494,604,0.604
1000,fixed,0.95,Fixed λ=0.95,495,583,0.583
1000,fixed,0.95,Fixed λ=0.95,496,623,0.623
1000,fixed,0.95,Fixed λ=0.95,497,159,0.159
1000,fixed,0.95,Fixed λ=0.95,498,328,0.328
1000,fixed,0.95,Fixed λ=0.95,499,741,0.741
1000,fixed,0.95,Fixed λ=0.95,500,578,0.578
1000,fixed,0.95,Fixed λ=0.95,501,72,0.072
1000,fixed,0.95,Fixed λ=0.95,502,661,0.661
1000,fixed,0.95,Fixed λ=0.95,503,285,0.285
1000,fixed,0.95,Fixed λ=0.95,504,388,0.388
1000,fixed,0.95,Fixed λ=0.95,505,521,0.521
1000,fixed,0.95,Fixed λ=0.95,506,416,0.416
1000,fixed,0.95,Fixed λ=0.95,507,249,0.249
1000,fixed,0.95,Fixed λ=0.95,508,443,0.443
1000,fixed,0.95,Fixed λ=0.95,509,263,0.263
1000,fixed,0.95,Fixed λ=0.95,510,584,0.584
1000,fixed,0.95,Fixed λ=0.95,511,555,0.555
1000,fixed,0.95,Fixed λ=0.95,512,565,0.565
1000,fixed,0.95,Fixed λ=0.95,513,680,0.68
1000,fixed,0.95,Fixed λ=0.95,514,284,0.284
1000,fixed,0.95,Fixed λ=0.95,515,763,0.763
1000,fixed,0.95,Fixed λ=0.95,516,702,0.702
1000,fixed,0.95,Fixed λ=0.95,517,501,0.501
1000,fixed,0.95,Fixed λ=0.95,518,458,0.458
1000,fixed,0.95,Fixed λ=0.95,519,584,0.584
1000,fixed,0.95,Fixed λ=0.95,520,620,0.62
1000,fixed,0.95,Fixed λ=0.95,521,641,0.641
1000,fixed,0.95,Fixed λ=0.95,522,519,0.519
1000,fixed,0.95,Fixed λ=0.95,523,284,0.284
1000,fixed,0.95,Fixed λ=0.95,524,348,0.348
1000,fixed,0.95,Fixed λ=0.95,525,597,0.597
1000,fixed,0.95,Fixed λ=0.95,526,575,0.575
1000,fixed,0.95,Fixed λ=0.95,527,519,0.519
1000,fixed,0.95,Fixed λ=0.95,528,507,0.507
1000,fixed,0.95,Fixed λ=0.95,529,413,0.413
1000,fixed,0.95,Fixed λ=0.95,530,669,0.669
1000,fixed,0.95,Fixed λ=0.95,531,539,0.539
1000,fixed,0.95,Fixed λ=0.95,532,242,0.242
1000,fixed,0.95,Fixed λ=0.95,533,318,0.318
1000,fixed,0.95,Fixed λ=0.95,534,666,0.666
1000,fixed,0.95,Fixed λ=0.95,535,756,0.756
1000,fixed,0.95,Fixed λ=0.95,536,711,0.711
1000,fixed,0.95,Fixed λ=0.95,537,375,0.375
1000,fixed,0.95,Fixed λ=0.95,538,368,0.368
1000,fixed,0.95,Fixed λ=0.95,539,634,0.634
1000,fixed,0.95,Fixed λ=0.95,540,740,0.74
1000,fixed,0.95,Fixed λ=0.95,541,792,0.792
1000,fixed,0.95,Fixed λ=0.95,542,460,0.46
1000,fixed,0.95,Fixed λ=0.95,543,526,0.526
1000,fixed,0.95,Fixed λ=0.95,544,625,0.625
1000,fixed,0.95,Fixed λ=0.95,545,537,0.537
1000,fixed,0.95,Fixed λ=0.95,546,654,0.654
1000,fixed,0.95,Fixed λ=0.95,547,706,0.706
1000,fixed,0.95,Fixed λ=0.95,548,684,0.684
1000,fixed,0.95,Fixed λ=0.95,549,715,0.715
1000,fixed,0.95,Fixed λ=0.95,550,789,0.789
1000,fixed,0.95,Fixed λ=0.95,551,374,0.374
1000,fixed,0.95,Fixed λ=0.95,552,396,0.396
1000,fixed,0.95,Fixed λ=0.95,553,529,0.529
1000,fixed,0.95,Fixed λ=0.95,554,472,0.472
1000,fixed,0.95,Fixed λ=0.95,555,587,0.587
1000,fixed,0.95,Fixed λ=0.95,556,502,0.502
1000,fixed,0.95,Fixed λ=0.95,557,562,0.562
1000,fixed,0.95,Fixed λ=0.95,558,494,0.494
1000,fixed,0.95,Fixed λ=0.95,559,465,0.465
1000,fixed,0.95,Fixed λ=0.95,560,372,0.372
1000,fixed,0.95,Fixed λ=0.95,561,276,0.276
1000,fixed,0.95,Fixed λ=0.95,562,674,0.674
1000,fixed,0.95,Fixed λ=0.95,563,524,0.524
1000,fixed,0.95,Fixed λ=0.95,564,686,0.686
1000,fixed,0.95,Fixed λ=0.95,565,617,0.617
1000,fixed,0.95,Fixed λ=0.95,566,473,0.473
1000,fixed,0.95,Fixed λ=0.95,567,316,0.316
1000,fixed,0.95,Fixed λ=0.95,568,16,0.016
1000,fixed,0.95,Fixed λ=0.95,569,74,0.074
1000,fixed,0.95,Fixed λ=0.95,570,423,0.423
1000,fixed,0.95,Fixed λ=0.95,571,510,0.51
1000,fixed,0.95,Fixed λ=0.95,572,764,0.764
1000,fixed,0.95,Fixed λ=0.95,573,644,0.644
1000,fixed,0.95,Fixed λ=0.95,574,180,0.18
1000,fixed,0.95,Fixed λ=0.95,575,498,0.498
1000,fixed,0.95,Fixed λ=0.95,576,327,0.327
1000,fixed,0.95,Fixed λ=0.95,577,216,0.216
1000,fixed,0.95,Fixed λ=0.95,578,578,0.578
1000,fixed,0.95,Fixed λ=0.95,579,419,0.419
1000,fixed,0.95,Fixed λ=0.95,580,759,0.759
1000,fixed,0.95,Fixed λ=0.95,581,483,0.483
1000,fixed,0.95,Fixed λ=0.95,582,557,0.557
1000,fixed,0.95,Fixed λ=0.95,583,417,0.417
1000,fixed,0.95,Fixed λ=0.95,584,623,0.623
1000,fixed,0.95,Fixed λ=0.95,585,774,0.774
1000,fixed,0.95,Fixed λ=0.95,586,585,0.585
1000,fixed,0.95,Fixed λ=0.95,587,679,0.679
1000,fixed,0.95,Fixed λ=0.95,588,321,0.321
1000,fixed,0.95,Fixed λ=0.95,589,656,0.656
1000,fixed,0.95,Fixed λ=0.95,590,311,0.311
1000,fixed,0.95,Fixed λ=0.95,591,468,0.468
1000,fixed,0.95,Fixed λ=0.95,592,380,0.38
1000,fixed,0.95,Fixed λ=0.95,593,418,0.418
1000,fixed,0.95,Fixed λ=0.95,594,523,0.523
1000,fixed,0.95,Fixed λ=0.95,595,202,0.202
1000,fixed,0.95,Fixed λ=0.95,596,303,0.303
1000,fixed,0.95,Fixed λ=0.95,597,594,0.594
1000,fixed,0.95,Fixed λ=0.95,598,529,0.529
1000,fixed,0.95,Fixed λ=0.95,599,261,0.261
1000,fixed,0.95,Fixed λ=0.95,600,531,0.531
1000,fixed,0.95,Fixed λ=0.95,601,651,0.651
1000,fixed,0.95,Fixed λ=0.95,602,626,0.626
1000,fixed,0.95,Fixed λ=0.95,603,504,0.504
1000,fixed,0.95,Fixed λ=0.95,604,692,0.692
1000,fixed,0.95,Fixed λ=0.95,605,172,0.172
1000,fixed,0.95,Fixed λ=0.95,606,675,0.675
1000,fixed,0.95,Fixed λ=0.95,607,531,0.531
1000,fixed,0.95,Fixed λ=0.95,608,717,0.717
1000,fixed,0.95,Fixed λ=0.95,609,531,0.531
1000,fixed,0.95,Fixed λ=0.95,610,457,0.457
1000,fixed,0.95,Fixed λ=0.95,611,670,0.67
1000,fixed,0.95,Fixed λ=0.95,612,684,0.684
1000,fixed,0.95,Fixed λ=0.95,613,650,0.65
1000,fixed,0.95,Fixed λ=0.95,614,461,0.461
1000,fixed,0.95,Fixed λ=0.95,615,687,0.687
1000,fixed,0.95,Fixed λ=0.95,616,338,0.338
1000,fixed,0.95,Fixed λ=0.95,617,392,0.392
1000,fixed,0.95,Fixed λ=0.95,618,270,0.27
1000,fixed,0.95,Fixed λ=0.95,619,839,0.839
1000,fixed,0.95,Fixed λ=0.95,620,401,0.401
1000,fixed,0.95,Fixed λ=0.95,621,406,0.406
1000,fixed,0.95,Fixed λ=0.95,622,643,0.643
1000,fixed,0.95,Fixed λ=0.95,623,478,0.478
1000,fixed,0.95,Fixed λ=0.95,624,156,0.156
1000,fixed,0.95,Fixed λ=0.95,625,688,0.688
1000,fixed,0.95,Fixed λ=0.95,626,289,0.289
1000,fixed,0.95,Fixed λ=0.95,627,473,0.473
1000,fixed,0.95,Fixed λ=0.95,628,403,0.403
1000,fixed,0.95,Fixed λ=0.95,629,390,0.39
1000,fixed,0.95,Fixed λ=0.95,630,244,0.244
1000,fixed,0.95,Fixed λ=0.95,631,782,0.782
1000,fixed,0.95,Fixed λ=0.95,632,538,0.538
1000,fixed,0.95,Fixed λ=0.95,633,534,0.534
1000,fixed,0.95,Fixed λ=0.95,634,579,0.579
1000,fixed,0.95,Fixed λ=0.95,635,144,0.144
1000,fixed,0.95,Fixed λ=0.95,636,351,0.351
1000,fixed,0.95,Fixed λ=0.95,637,230,0.23
1000,fixed,0.95,Fixed λ=0.95,638,538,0.538
1000,fixed,0.95,Fixed λ=0.95,639,486,0.486
1000,fixed,0.95,Fixed λ=0.95,640,419,0.419
1000,fixed,0.95,Fixed λ=0.95,641,597,0.597
1000,fixed,0.95,Fixed λ=0.95,642,655,0.655
1000,fixed,0.95,Fixed λ=0.95,643,432,0.432
1000,fixed,0.95,Fixed λ=0.95,644,792,0.792
1000,fixed,0.95,Fixed λ=0.95,645,79,0.079
1000,fixed,0.95,Fixed λ=0.95,646,428,0.428
1000,fixed,0.95,Fixed λ=0.95,647,547,0.547
1000,fixed,0.95,Fixed λ=0.95,648,162,0.162
1000,fixed,0.95,Fixed λ=0.95,649,572,0.572
1000,fixed,0.95,Fixed λ=0.95,650,421,0.421
1000,fixed,0.95,Fixed λ=0.95,651,386,0.386
1000,fixed,0.95,Fixed λ=0.95,652,420,0.42
1000,fixed,0.95,Fixed λ=0.95,653,465,0.465
1000,fixed,0.95,Fixed λ=0.95,654,113,0.113
1000,fixed,0.95,Fixed λ=0.95,655,502,0.502
1000,fixed,0.95,Fixed λ=0.95,656,697,0.697
1000,fixed,0.95,Fixed λ=0.95,657,579,0.579
1000,fixed,0.95,Fixed λ=0.95,658,621,0.621
1000,fixed,0.95,Fixed λ=0.95,659,662,0.662
1000,fixed,0.95,Fixed λ=0.95,660,368,0.368
1000,fixed,0.95,Fixed λ=0.95,661,813,0.813
1000,fixed,0.95,Fixed λ=0.95,662,0,0.0
1000,fixed,0.95,Fixed λ=0.95,663,324,0.324
1000,fixed,0.95,Fixed λ=0.95,664,578,0.578
1000,fixed,0.95,Fixed λ=0.95,665,859,0.859
1000,fixed,0.95,Fixed λ=0.95,666,629,0.629
1000,fixed,0.95,Fixed λ=0.95,667,520,0.52
1000,fixed,0.95,Fixed λ=0.95,668,682,0.682
1000,fixed,0.95,Fixed λ=0.95,669,380,0.38
1000,fixed,0.95,Fixed λ=0.95,670,658,0.658
1000,fixed,0.95,Fixed λ=0.95,671,289,0.289
1000,fixed,0.95,Fixed λ=0.95,672,404,0.404
1000,fixed,0.95,Fixed λ=0.95,673,600,0.6
1000,fixed,0.95,Fixed λ=0.95,674,534,0.534
1000,fixed,0.95,Fixed λ=0.95,675,307,0.307
1000,fixed,0.95,Fixed λ=0.95,676,449,0.449
1000,fixed,0.95,Fixed λ=0.95,677,610,0.61
1000,fixed,0.95,Fixed λ=0.95,678,347,0.347
1000,fixed,0.95,Fixed λ=0.95,679,341,0.341
1000,fixed,0.95,Fixed λ=0.95,680,689,0.689
1000,fixed,0.95,Fixed λ=0.95,681,243,0.243
1000,fixed,0.95,Fixed λ=0.95,682,756,0.756
1000,fixed,0.95,Fixed λ=0.95,683,677,0.677
1000,fixed,0.95,Fixed λ=0.95,684,0,0.0
1000,fixed,0.95,Fixed λ=0.95,685,435,0.435
1000,fixed,0.95,Fixed λ=0.95,686,568,0.568
1000,fixed,0.95,Fixed λ=0.95,687,661,0.661
1000,fixed,0.95,Fixed λ=0.95,688,484,0.484
1000,fixed,0.95,Fixed λ=0.95,689,668,0.668
1000,fixed,0.95,Fixed λ=0.95,690,184,0.184
1000,fixed,0.95,Fixed λ=0.95,691,359,0.359
1000,fixed,0.95,Fixed λ=0.95,692,700,0.7
1000,fixed,0.95,Fixed λ=0.95,693,552,0.552
1000,fixed,0.95,Fixed λ=0.95,694,338,0.338
1000,fixed,0.95,Fixed λ=0.95,695,449,0.449
1000,fixed,0.95,Fixed λ=0.95,696,647,0.647
1000,fixed,0.95,Fixed λ=0.95,697,693,0.693
1000,fixed,0.95,Fixed λ=0.95,698,495,0.495
1000,fixed,0.95,Fixed λ=0.95,699,235,0.235
1000,fixed,0.95,Fixed λ=0.95,700,282,0.282
1000,fixed,0.95,Fixed λ=0.95,701,756,0.756
1000,fixed,0.95,Fixed λ=0.95,702,387,0.387
1000,fixed,0.95,Fixed λ=0.95,703,609,0.609
1000,fixed,0.95,Fixed λ=0.95,704,748,0.748
1000,fixed,0.95,Fixed λ=0.95,705,557,0.557
1000,fixed,0.95,Fixed λ=0.95,706,560,0.56
1000,fixed,0.95,Fixed λ=0.95,707,572,0.572
1000,fixed,0.95,Fixed λ=0.95,708,843,0.843
1000,fixed,0.95,Fixed λ=0.95,709,251,0.251
1000,fixed,0.95,Fixed λ=0.95,710,158,0.158
1000,fixed,0.95,Fixed λ=0.95,711,791,0.791
1000,fixed,0.95,Fixed λ=0.95,712,598,0.598
1000,fixed,0.95,Fixed λ=0.95,713,486,0.486
1000,fixed,0.95,Fixed λ=0.95,714,286,0.286
1000,fixed,0.95,Fixed λ=0.95,715,757,0.757
1000,fixed,0.95,Fixed λ=0.95,716,481,0.481
1000,fixed,0.95,Fixed λ=0.95,717,674,0.674
1000,fixed,0.95,Fixed λ=0.95,718,519,0.519
1000,fixed,0.95,Fixed λ=0.95,719,709,0.709
1000,fixed,0.95,Fixed λ=0.95,720,576,0.576
1000,fixed,0.95,Fixed λ=0.95,721,419,0.419
1000,fixed,0.95,Fixed λ=0.95,722,474,0.474
1000,fixed,0.95,Fixed λ=0.95,723,231,0.231
1000,fixed,0.95,Fixed λ=0.95,724,416,0.416
1000,fixed,0.95,Fixed λ=0.95,725,452,0.452
1000,fixed,0.95,Fixed λ=0.95,726,381,0.381
1000,fixed,0.95,Fixed λ=0.95,727,361,0.361
1000,fixed,0.95,Fixed λ=0.95,728,442,0.442
1000,fixed,0.95,Fixed λ=0.95,729,707,0.707
1000,fixed,0.95,Fixed λ=0.95,730,402,0.402
1000,fixed,0.95,Fixed λ=0.95,731,553,0.553
1000,fixed,0.95,Fixed λ=0.95,732,616,0.616
1000,fixed,0.95,Fixed λ=0.95,733,624,0.624
1000,fixed,0.95,Fixed λ=0.95,734,484,0.484
1000,fixed,0.95,Fixed λ=0.95,735,690,0.69
1000,fixed,0.95,Fixed λ=0.95,736,617,0.617
1000,fixed,0.95,Fixed λ=0.95,737,701,0.701
1000,fixed,0.95,Fixed λ=0.95,738,555,0.555
1000,fixed,0.95,Fixed λ=0.95,739,160,0.16
1000,fixed,0.95,Fixed λ=0.95,740,300,0.3
1000,fixed,0.95,Fixed λ=0.95,741,303,0.303
1000,fixed,0.95,Fixed λ=0.95,742,596,0.596
1000,fixed,0.95,Fixed λ=0.95,743,555,0.555
1000,fixed,0.95,Fixed λ=0.95,744,385,0.385
1000,fixed,0.95,Fixed λ=0.95,745,512,0.512
1000,fixed,0.95,Fixed λ=0.95,746,457,0.457
1000,fixed,0.95,Fixed λ=0.95,747,672,0.672
1000,fixed,0.95,Fixed λ=0.95,748,826,0.826
1000,fixed,0.95,Fixed λ=0.95,749,476,0.476
1000,fixed,0.95,Fixed λ=0.95,750,504,0.504
1000,fixed,0.95,Fixed λ=0.95,751,471,0.471
1000,fixed,0.95,Fixed λ=0.95,752,520,0.52
1000,fixed,0.95,Fixed λ=0.95,753,567,0.567
1000,fixed,0.95,Fixed λ=0.95,754,226,0.226
1000,fixed,0.95,Fixed λ=0.95,755,699,0.699
1000,fixed,0.95,Fixed λ=0.95,756,482,0.482
1000,fixed,0.95,Fixed λ=0.95,757,467,0.467
1000,fixed,0.95,Fixed λ=0.95,758,638,0.638
1000,fixed,0.95,Fixed λ=0.95,759,141,0.141
1000,fixed,0.95,Fixed λ=0.95,760,610,0.61
1000,fixed,0.95,Fixed λ=0.95,761,537,0.537
1000,fixed,0.95,Fixed λ=0.95,762,474,0.474
1000,fixed,0.95,Fixed λ=0.95,763,657,0.657
1000,fixed,0.95,Fixed λ=0.95,764,369,0.369
1000,fixed,0.95,Fixed λ=0.95,765,651,0.651
1000,fixed,0.95,Fixed λ=0.95,766,297,0.297
1000,fixed,0.95,Fixed λ=0.95,767,576,0.576
1000,fixed,0.95,Fixed λ=0.95,768,268,0.268
1000,fixed,0.95,Fixed λ=0.95,769,101,0.101
1000,fixed,0.95,Fixed λ=0.95,770,393,0.393
1000,fixed,0.95,Fixed λ=0.95,771,559,0.559
1000,fixed,0.95,Fixed λ=0.95,772,343,0.343
1000,fixed,0.95,Fixed λ=0.95,773,589,0.589
1000,fixed,0.95,Fixed λ=0.95,774,269,0.269
1000,fixed,0.95,Fixed λ=0.95,775,182,0.182
1000,fixed,0.95,Fixed λ=0.95,776,354,0.354
1000,fixed,0.95,Fixed λ=0.95,777,116,0.116
1000,fixed,0.95,Fixed λ=0.95,778,710,0.71
1000,fixed,0.95,Fixed λ=0.95,779,505,0.505
1000,fixed,0.95,Fixed λ=0.95,780,175,0.175
1000,fixed,0.95,Fixed λ=0.95,781,601,0.601
1000,fixed,0.95,Fixed λ=0.95,782,364,0.364
1000,fixed,0.95,Fixed λ=0.95,783,592,0.592
1000,fixed,0.95,Fixed λ=0.95,784,614,0.614
1000,fixed,0.95,Fixed λ=0.95,785,525,0.525
1000,fixed,0.95,Fixed λ=0.95,786,530,0.53
1000,fixed,0.95,Fixed λ=0.95,787,517,0.517
1000,fixed,0.95,Fixed λ=0.95,788,182,0.182
1000,fixed,0.95,Fixed λ=0.95,789,620,0.62
1000,fixed,0.95,Fixed λ=0.95,790,708,0.708
1000,fixed,0.95,Fixed λ=0.95,791,278,0.278
1000,fixed,0.95,Fixed λ=0.95,792,340,0.34
1000,fixed,0.95,Fixed λ=0.95,793,471,0.471
1000,fixed,0.95,Fixed λ=0.95,794,414,0.414
1000,fixed,0.95,Fixed λ=0.95,795,534,0.534
1000,fixed,0.95,Fixed λ=0.95,796,531,0.531
1000,fixed,0.95,Fixed λ=0.95,797,607,0.607
1000,fixed,0.95,Fixed λ=0.95,798,254,0.254
1000,fixed,0.95,Fixed λ=0.95,799,460,0.46
1000,fixed,0.95,Fixed λ=0.95,800,580,0.58
1000,fixed,0.95,Fixed λ=0.95,801,514,0.514
1000,fixed,0.95,Fixed λ=0.95,802,419,0.419
1000,fixed,0.95,Fixed λ=0.95,803,619,0.619
1000,fixed,0.95,Fixed λ=0.95,804,659,0.659
1000,fixed,0.95,Fixed λ=0.95,805,377,0.377
1000,fixed,0.95,Fixed λ=0.95,806,317,0.317
1000,fixed,0.95,Fixed λ=0.95,807,271,0.271
1000,fixed,0.95,Fixed λ=0.95,808,630,0.63
1000,fixed,0.95,Fixed λ=0.95,809,353,0.353
1000,fixed,0.95,Fixed λ=0.95,810,699,0.699
1000,fixed,0.95,Fixed λ=0.95,811,610,0.61
1000,fixed,0.95,Fixed λ=0.95,812,661,0.661
1000,fixed,0.95,Fixed λ=0.95,813,406,0.406
1000,fixed,0.95,Fixed λ=0.95,814,435,0.435
1000,fixed,0.95,Fixed λ=0.95,815,683,0.683
1000,fixed,0.95,Fixed λ=0.95,816,545,0.545
1000,fixed,0.95,Fixed λ=0.95,817,692,0.692
1000,fixed,0.95,Fixed λ=0.95,818,615,0.615
1000,fixed,0.95,Fixed λ=0.95,819,387,0.387
1000,fixed,0.95,Fixed λ=0.95,820,424,0.424
1000,fixed,0.95,Fixed λ=0.95,821,767,0.767
1000,fixed,0.95,Fixed λ=0.95,822,662,0.662
1000,fixed,0.95,Fixed λ=0.95,823,661,0.661
1000,fixed,0.95,Fixed λ=0.95,824,629,0.629
1000,fixed,0.95,Fixed λ=0.95,825,626,0.626
1000,fixed,0.95,Fixed λ=0.95,826,511,0.511
1000,fixed,0.95,Fixed λ=0.95,827,544,0.544
1000,fixed,0.95,Fixed λ=0.95,828,501,0.501
1000,fixed,0.95,Fixed λ=0.95,829,102,0.102
1000,fixed,0.95,Fixed λ=0.95,830,398,0.398
1000,fixed,0.95,Fixed λ=0.95,831,180,0.18
1000,fixed,0.95,Fixed λ=0.95,832,308,0.308
1000,fixed,0.95,Fixed λ=0.95,833,520,0.52
1000,fixed,0.95,Fixed λ=0.95,834,598,0.598
1000,fixed,0.95,Fixed λ=0.95,835,436,0.436
1000,fixed,0.95,Fixed λ=0.95,836,738,0.738
1000,fixed,0.95,Fixed λ=0.95,837,296,0.296
1000,fixed,0.95,Fixed λ=0.95,838,523,0.523
1000,fixed,0.95,Fixed λ=0.95,839,602,0.602
1000,fixed,0.95,Fixed λ=0.95,840,488,0.488
1000,fixed,0.95,Fixed λ=0.95,841,401,0.401
1000,fixed,0.95,Fixed λ=0.95,842,180,0.18
1000,fixed,0.95,Fixed λ=0.95,843,406,0.406
1000,fixed,0.95,Fixed λ=0.95,844,285,0.285
1000,fixed,0.95,Fixed λ=0.95,845,418,0.418
1000,fixed,0.95,Fixed λ=0.95,846,483,0.483
1000,fixed,0.95,Fixed λ=0.95,847,393,0.393
1000,fixed,0.95,Fixed λ=0.95,848,506,0.506
1000,fixed,0.95,Fixed λ=0.95,849,369,0.369
1000,fixed,0.95,Fixed λ=0.95,850,577,0.577
1000,fixed,0.95,Fixed λ=0.95,851,760,0.76
1000,fixed,0.95,Fixed λ=0.95,852,406,0.406
1000,fixed,0.95,Fixed λ=0.95,853,452,0.452
1000,fixed,0.95,Fixed λ=0.95,854,223,0.223
1000,fixed,0.95,Fixed λ=0.95,855,285,0.285
1000,fixed,0.95,Fixed λ=0.95,856,339,0.339
1000,fixed,0.95,Fixed λ=0.95,857,165,0.165
1000,fixed,0.95,Fixed λ=0.95,858,588,0.588
1000,fixed,0.95,Fixed λ=0.95,859,328,0.328
1000,fixed,0.95,Fixed λ=0.95,860,443,0.443
1000,fixed,0.95,Fixed λ=0.95,861,477,0.477
1000,fixed,0.95,Fixed λ=0.95,862,704,0.704
1000,fixed,0.95,Fixed λ=0.95,863,254,0.254
1000,fixed,0.95,Fixed λ=0.95,864,342,0.342
1000,fixed,0.95,Fixed λ=0.95,865,228,0.228
1000,fixed,0.95,Fixed λ=0.95,866,677,0.677
1000,fixed,0.95,Fixed λ=0.95,867,732,0.732
1000,fixed,0.95,Fixed λ=0.95,868,34,0.034
1000,fixed,0.95,Fixed λ=0.95,869,406,0.406
1000,fixed,0.95,Fixed λ=0.95,870,469,0.469
1000,fixed,0.95,Fixed λ=0.95,871,817,0.817
1000,fixed,0.95,Fixed λ=0.95,872,498,0.498
1000,fixed,0.95,Fixed λ=0.95,873,707,0.707
1000,fixed,0.95,Fixed λ=0.95,874,586,0.586
1000,fixed,0.95,Fixed λ=0.95,875,386,0.386
1000,fixed,0.95,Fixed λ=0.95,876,392,0.392
1000,fixed,0.95,Fixed λ=0.95,877,601,0.601
1000,fixed,0.95,Fixed λ=0.95,878,713,0.713
1000,fixed,0.95,Fixed λ=0.95,879,590,0.59
1000,fixed,0.95,Fixed λ=0.95,880,174,0.174
1000,fixed,0.95,Fixed λ=0.95,881,664,0.664
1000,fixed,0.95,Fixed λ=0.95,882,426,0.426
1000,fixed,0.95,Fixed λ=0.95,883,548,0.548
1000,fixed,0.95,Fixed λ=0.95,884,288,0.288
1000,fixed,0.95,Fixed λ=0.95,885,436,0.436
1000,fixed,0.95,Fixed λ=0.95,886,482,0.482
1000,fixed,0.95,Fixed λ=0.95,887,243,0.243
1000,fixed,0.95,Fixed λ=0.95,888,570,0.57
1000,fixed,0.95,Fixed λ=0.95,889,386,0.386
1000,fixed,0.95,Fixed λ=0.95,890,606,0.606
1000,fixed,0.95,Fixed λ=0.95,891,379,0.379
1000,fixed,0.95,Fixed λ=0.95,892,274,0.274
1000,fixed,0.95,Fixed λ=0.95,893,387,0.387
1000,fixed,0.95,Fixed λ=0.95,894,346,0.346
1000,fixed,0.95,Fixed λ=0.95,895,571,0.571
1000,fixed,0.95,Fixed λ=0.95,896,246,0.246
1000,fixed,0.95,Fixed λ=0.95,897,634,0.634
1000,fixed,0.95,Fixed λ=0.95,898,568,0.568
1000,fixed,0.95,Fixed λ=0.95,899,589,0.589
1000,fixed,0.95,Fixed λ=0.95,900,339,0.339
1000,fixed,0.95,Fixed λ=0.95,901,655,0.655
1000,fixed,0.95,Fixed λ=0.95,902,622,0.622
1000,fixed,0.95,Fixed λ=0.95,903,640,0.64
1000,fixed,0.95,Fixed λ=0.95,904,509,0.509
1000,fixed,0.95,Fixed λ=0.95,905,548,0.548
1000,fixed,0.95,Fixed λ=0.95,906,530,0.53
1000,fixed,0.95,Fixed λ=0.95,907,411,0.411
1000,fixed,0.95,Fixed λ=0.95,908,581,0.581
1000,fixed,0.95,Fixed λ=0.95,909,619,0.619
1000,fixed,0.95,Fixed λ=0.95,910,757,0.757
1000,fixed,0.95,Fixed λ=0.95,911,808,0.808
1000,fixed,0.95,Fixed λ=0.95,912,515,0.515
1000,fixed,0.95,Fixed λ=0.95,913,558,0.558
1000,fixed,0.95,Fixed λ=0.95,914,624,0.624
1000,fixed,0.95,Fixed λ=0.95,915,255,0.255
1000,fixed,0.95,Fixed λ=0.95,916,662,0.662
1000,fixed,0.95,Fixed λ=0.95,917,743,0.743
1000,fixed,0.95,Fixed λ=0.95,918,595,0.595
1000,fixed,0.95,Fixed λ=0.95,919,692,0.692
1000,fixed,0.95,Fixed λ=0.95,920,369,0.369
1000,fixed,0.95,Fixed λ=0.95,921,423,0.423
1000,fixed,0.95,Fixed λ=0.95,922,400,0.4
1000,fixed,0.95,Fixed λ=0.95,923,334,0.334
1000,fixed,0.95,Fixed λ=0.95,924,357,0.357
1000,fixed,0.95,Fixed λ=0.95,925,578,0.578
1000,fixed,0.95,Fixed λ=0.95,926,520,0.52
1000,fixed,0.95,Fixed λ=0.95,927,782,0.782
1000,fixed,0.95,Fixed λ=0.95,928,301,0.301
1000,fixed,0.95,Fixed λ=0.95,929,732,0.732
1000,fixed,0.95,Fixed λ=0.95,930,324,0.324
1000,fixed,0.95,Fixed λ=0.95,931,579,0.579
1000,fixed,0.95,Fixed λ=0.95,932,516,0.516
1000,fixed,0.95,Fixed λ=0.95,933,441,0.441
1000,fixed,0.95,Fixed λ=0.95,934,404,0.404
1000,fixed,0.95,Fixed λ=0.95,935,626,0.626
1000,fixed,0.95,Fixed λ=0.95,936,505,0.505
1000,fixed,0.95,Fixed λ=0.95,937,547,0.547
1000,fixed,0.95,Fixed λ=0.95,938,693,0.693
1000,fixed,0.95,Fixed λ=0.95,939,448,0.448
1000,fixed,0.95,Fixed λ=0.95,940,750,0.75
1000,fixed,0.95,Fixed λ=0.95,941,442,0.442
1000,fixed,0.95,Fixed λ=0.95,942,590,0.59
1000,fixed,0.95,Fixed λ=0.95,943,614,0.614
1000,fixed,0.95,Fixed λ=0.95,944,288,0.288
1000,fixed,0.95,Fixed λ=0.95,945,441,0.441
1000,fixed,0.95,Fixed λ=0.95,946,705,0.705
1000,fixed,0.95,Fixed λ=0.95,947,282,0.282
1000,fixed,0.95,Fixed λ=0.95,948,509,0.509
1000,fixed,0.95,Fixed λ=0.95,949,395,0.395
1000,fixed,0.95,Fixed λ=0.95,950,862,0.862
1000,fixed,0.95,Fixed λ=0.95,951,488,0.488
1000,fixed,0.95,Fixed λ=0.95,952,497,0.497
1000,fixed,0.95,Fixed λ=0.95,953,655,0.655
1000,fixed,0.95,Fixed λ=0.95,954,542,0.542
1000,fixed,0.95,Fixed λ=0.95,955,726,0.726
1000,fixed,0.95,Fixed λ=0.95,956,414,0.414
1000,fixed,0.95,Fixed λ=0.95,957,367,0.367
1000,fixed,0.95,Fixed λ=0.95,958,640,0.64
1000,fixed,0.95,Fixed λ=0.95,959,81,0.081
1000,fixed,0.95,Fixed λ=0.95,960,437,0.437
1000,fixed,0.95,Fixed λ=0.95,961,238,0.238
1000,fixed,0.95,Fixed λ=0.95,962,511,0.511
1000,fixed,0.95,Fixed λ=0.95,963,513,0.513
1000,fixed,0.95,Fixed λ=0.95,964,308,0.308
1000,fixed,0.95,Fixed λ=0.95,965,430,0.43
1000,fixed,0.95,Fixed λ=0.95,966,650,0.65
1000,fixed,0.95,Fixed λ=0.95,967,522,0.522
1000,fixed,0.95,Fixed λ=0.95,968,502,0.502
1000,fixed,0.95,Fixed λ=0.95,969,420,0.42
1000,fixed,0.95,Fixed λ=0.95,970,689,0.689
1000,fixed,0.95,Fixed λ=0.95,971,294,0.294
1000,fixed,0.95,Fixed λ=0.95,972,626,0.626
1000,fixed,0.95,Fixed λ=0.95,973,823,0.823
1000,fixed,0.95,Fixed λ=0.95,974,311,0.311
1000,fixed,0.95,Fixed λ=0.95,975,79,0.079
1000,fixed,0.95,Fixed λ=0.95,976,865,0.865
1000,fixed,0.95,Fixed λ=0.95,977,132,0.132
1000,fixed,0.95,Fixed λ=0.95,978,316,0.316
1000,fixed,0.95,Fixed λ=0.95,979,272,0.272
1000,fixed,0.95,Fixed λ=0.95,980,646,0.646
1000,fixed,0.95,Fixed λ=0.95,981,395,0.395
1000,fixed,0.95,Fixed λ=0.95,982,499,0.499
1000,fixed,0.95,Fixed λ=0.95,983,556,0.556
1000,fixed,0.95,Fixed λ=0.95,984,492,0.492
1000,fixed,0.95,Fixed λ=0.95,985,493,0.493
1000,fixed,0.95,Fixed λ=0.95,986,186,0.186
1000,fixed,0.95,Fixed λ=0.95,987,378,0.378
1000,fixed,0.95,Fixed λ=0.95,988,338,0.338
1000,fixed,0.95,Fixed λ=0.95,989,500,0.5
1000,fixed,0.95,Fixed λ=0.95,990,430,0.43
1000,fixed,0.95,Fixed λ=0.95,991,462,0.462
1000,fixed,0.95,Fixed λ=0.95,992,723,0.723
1000,fixed,0.95,Fixed λ=0.95,993,345,0.345
1000,fixed,0.95,Fixed λ=0.95,994,261,0.261
1000,fixed,0.95,Fixed λ=0.95,995,678,0.678
1000,fixed,0.95,Fixed λ=0.95,996,518,0.518
1000,fixed,0.95,Fixed λ=0.95,997,361,0.361
1000,fixed,0.95,Fixed λ=0.95,998,415,0.415
1000,fixed,0.95,Fixed λ=0.95,999,193,0.193
1000,none,1.0,No forgetting,0,405,0.405
1000,none,1.0,No forgetting,1,775,0.775
1000,none,1.0,No forgetting,2,799,0.799
1000,none,1.0,No forgetting,3,575,0.575
1000,none,1.0,No forgetting,4,674,0.674
1000,none,1.0,No forgetting,5,771,0.771
1000,none,1.0,No forgetting,6,397,0.397
1000,none,1.0,No forgetting,7,773,0.773
1000,none,1.0,No forgetting,8,500,0.5
1000,none,1.0,No forgetting,9,228,0.228
1000,none,1.0,No forgetting,10,704,0.704
1000,none,1.0,No forgetting,11,695,0.695
1000,none,1.0,No forgetting,12,708,0.708
1000,none,1.0,No forgetting,13,523,0.523
1000,none,1.0,No forgetting,14,838,0.838
1000,none,1.0,No forgetting,15,857,0.857
1000,none,1.0,No forgetting,16,739,0.739
1000,none,1.0,No forgetting,17,876,0.876
1000,none,1.0,No forgetting,18,657,0.657
1000,none,1.0,No forgetting,19,959,0.959
1000,none,1.0,No forgetting,20,789,0.789
1000,none,1.0,No forgetting,21,754,0.754
1000,none,1.0,No forgetting,22,792,0.792
1000,none,1.0,No forgetting,23,683,0.683
1000,none,1.0,No forgetting,24,829,0.829
1000,none,1.0,No forgetting,25,725,0.725
1000,none,1.0,No forgetting,26,496,0.496
1000,none,1.0,No forgetting,27,746,0.746
1000,none,1.0,No forgetting,28,272,0.272
1000,none,1.0,No forgetting,29,388,0.388
1000,none,1.0,No forgetting,30,657,0.657
1000,none,1.0,No forgetting,31,663,0.663
1000,none,1.0,No forgetting,32,745,0.745
1000,none,1.0,No forgetting,33,788,0.788
1000,none,1.0,No forgetting,34,363,0.363
1000,none,1.0,No forgetting,35,921,0.921
1000,none,1.0,No forgetting,36,865,0.865
1000,none,1.0,No forgetting,37,634,0.634
1000,none,1.0,No forgetting,38,288,0.288
1000,none,1.0,No forgetting,39,648,0.648
1000,none,1.0,No forgetting,40,600,0.6
1000,none,1.0,No forgetting,41,631,0.631
1000,none,1.0,No forgetting,42,747,0.747
1000,none,1.0,No forgetting,43,701,0.701
1000,none,1.0,No forgetting,44,666,0.666
1000,none,1.0,No forgetting,45,787,0.787
1000,none,1.0,No forgetting,46,778,0.778
1000,none,1.0,No forgetting,47,708,0.708
1000,none,1.0,No forgetting,48,765,0.765
1000,none,1.0,No forgetting,49,695,0.695
1000,none,1.0,No forgetting,50,681,0.681
1000,none,1.0,No forgetting,51,266,0.266
1000,none,1.0,No forgetting,52,763,0.763
1000,none,1.0,No forgetting,53,686,0.686
1000,none,1.0,No forgetting,54,766,0.766
1000,none,1.0,No forgetting,55,837,0.837
1000,none,1.0,No forgetting,56,663,0.663
1000,none,1.0,No forgetting,57,675,0.675
1000,none,1.0,No forgetting,58,641,0.641
1000,none,1.0,No forgetting,59,349,0.349
1000,none,1.0,No forgetting,60,425,0.425
1000,none,1.0,No forgetting,61,711,0.711
1000,none,1.0,No forgetting,62,597,0.597
1000,none,1.0,No forgetting,63,918,0.918
1000,none,1.0,No forgetting,64,789,0.789
1000,none,1.0,No forgetting,65,644,0.644
1000,none,1.0,No forgetting,66,701,0.701
1000,none,1.0,No forgetting,67,679,0.679
1000,none,1.0,No forgetting,68,780,0.78
1000,none,1.0,No forgetting,69,792,0.792
1000,none,1.0,No forgetting,70,755,0.755
1000,none,1.0,No forgetting,71,475,0.475
1000,none,1.0,No forgetting,72,702,0.702
1000,none,1.0,No forgetting,73,505,0.505
1000,none,1.0,No forgetting,74,554,0.554
1000,none,1.0,No forgetting,75,483,0.483
1000,none,1.0,No forgetting,76,969,0.969
1000,none,1.0,No forgetting,77,608,0.608
1000,none,1.0,No forgetting,78,754,0.754
1000,none,1.0,No forgetting,79,461,0.461
1000,none,1.0,No forgetting,80,864,0.864
1000,none,1.0,No forgetting,81,813,0.813
1000,none,1.0,No forgetting,82,793,0.793
1000,none,1.0,No forgetting,83,862,0.862
1000,none,1.0,No forgetting,84,560,0.56
1000,none,1.0,No forgetting,85,838,0.838
1000,none,1.0,No forgetting,86,848,0.848
1000,none,1.0,No forgetting,87,787,0.787
1000,none,1.0,No forgetting,88,872,0.872
1000,none,1.0,No forgetting,89,665,0.665
1000,none,1.0,No forgetting,90,805,0.805
1000,none,1.0,No forgetting,91,802,0.802
1000,none,1.0,No forgetting,92,755,0.755
1000,none,1.0,No forgetting,93,747,0.747
1000,none,1.0,No forgetting,94,328,0.328
1000,none,1.0,No forgetting,95,798,0.798
1000,none,1.0,No forgetting,96,666,0.666
1000,none,1.0,No forgetting,97,774,0.774
1000,none,1.0,No forgetting,98,277,0.277
1000,none,1.0,No forgetting,99,820,0.82
1000,none,1.0,No forgetting,100,825,0.825
1000,none,1.0,No forgetting,101,705,0.705
1000,none,1.0,No forgetting,102,534,0.534
1000,none,1.0,No forgetting,103,670,0.67
1000,none,1.0,No forgetting,104,435,0.435
1000,none,1.0,No forgetting,105,586,0.586
1000,none,1.0,No forgetting,106,834,0.834
1000,none,1.0,No forgetting,107,705,0.705
1000,none,1.0,No forgetting,108,666,0.666
1000,none,1.0,No forgetting,109,791,0.791
1000,none,1.0,No forgetting,110,602,0.602
1000,none,1.0,No forgetting,111,798,0.798
1000,none,1.0,No forgetting,112,623,0.623
1000,none,1.0,No forgetting,113,874,0.874
1000,none,1.0,No forgetting,114,787,0.787
1000,none,1.0,No forgetting,115,749,0.749
1000,none,1.0,No forgetting,116,782,0.782
1000,none,1.0,No forgetting,117,769,0.769
1000,none,1.0,No forgetting,118,750,0.75
1000,none,1.0,No forgetting,119,514,0.514
1000,none,1.0,No forgetting,120,628,0.628
1000,none,1.0,No forgetting,121,919,0.919
1000,none,1.0,No forgetting,122,0,0.0
1000,none,1.0,No forgetting,123,642,0.642
1000,none,1.0,No forgetting,124,560,0.56
1000,none,1.0,No forgetting,125,598,0.598
1000,none,1.0,No forgetting,126,339,0.339
1000,none,1.0,No forgetting,127,481,0.481
1000,none,1.0,No forgetting,128,845,0.845
1000,none,1.0,No forgetting,129,625,0.625
1000,none,1.0,No forgetting,130,556,0.556
1000,none,1.0,No forgetting,131,807,0.807
1000,none,1.0,No forgetting,132,814,0.814
1000,none,1.0,No forgetting,133,500,0.5
1000,none,1.0,No forgetting,134,945,0.945
1000,none,1.0,No forgetting,135,591,0.591
1000,none,1.0,No forgetting,136,671,0.671
1000,none,1.0,No forgetting,137,929,0.929
1000,none,1.0,No forgetting,138,615,0.615
1000,none,1.0,No forgetting,139,670,0.67
1000,none,1.0,No forgetting,140,768,0.768
1000,none,1.0,No forgetting,141,767,0.767
1000,none,1.0,No forgetting,142,740,0.74
1000,none,1.0,No forgetting,143,655,0.655
1000,none,1.0,No forgetting,144,503,0.503
1000,none,1.0,No forgetting,145,815,0.815
1000,none,1.0,No forgetting,146,619,0.619
1000,none,1.0,No forgetting,147,757,0.757
1000,none,1.0,No forgetting,148,283,0.283
1000,none,1.0,No forgetting,149,567,0.567
1000,none,1.0,No forgetting,150,739,0.739
1000,none,1.0,No forgetting,151,567,0.567
1000,none,1.0,No forgetting,152,422,0.422
1000,none,1.0,No forgetting,153,454,0.454
1000,none,1.0,No forgetting,154,732,0.732
1000,none,1.0,No forgetting,155,653,0.653
1000,none,1.0,No forgetting,156,878,0.878
1000,none,1.0,No forgetting,157,687,0.687
1000,none,1.0,No forgetting,158,688,0.688
1000,none,1.0,No forgetting,159,560,0.56
1000,none,1.0,No forgetting,160,802,0.802
1000,none,1.0,No forgetting,161,851,0.851
1000,none,1.0,No forgetting,162,326,0.326
1000,none,1.0,No forgetting,163,555,0.555
1000,none,1.0,No forgetting,164,76,0.076
1000,none,1.0,No forgetting,165,738,0.738
1000,none,1.0,No forgetting,166,770,0.77
1000,none,1.0,No forgetting,167,952,0.952
1000,none,1.0,No forgetting,168,609,0.609
1000,none,1.0,No forgetting,169,760,0.76
1000,none,1.0,No forgetting,170,517,0.517
1000,none,1.0,No forgetting,171,712,0.712
1000,none,1.0,No forgetting,172,725,0.725
1000,none,1.0,No forgetting,173,557,0.557
1000,none,1.0,No forgetting,174,642,0.642
1000,none,1.0,No forgetting,175,827,0.827
1000,none,1.0,No forgetting,176,951,0.951
1000,none,1.0,No forgetting,177,730,0.73
1000,none,1.0,No forgetting,178,598,0.598
1000,none,1.0,No forgetting,179,851,0.851
1000,none,1.0,No forgetting,180,815,0.815
1000,none,1.0,No forgetting,181,649,0.649
1000,none,1.0,No forgetting,182,714,0.714
1000,none,1.0,No forgetting,183,907,0.907
1000,none,1.0,No forgetting,184,621,0.621
1000,none,1.0,No forgetting,185,779,0.779
1000,none,1.0,No forgetting,186,708,0.708
1000,none,1.0,No forgetting,187,696,0.696
1000,none,1.0,No forgetting,188,818,0.818
1000,none,1.0,No forgetting,189,545,0.545
1000,none,1.0,No forgetting,190,737,0.737
1000,none,1.0,No forgetting,191,733,0.733
1000,none,1.0,No forgetting,192,897,0.897
1000,none,1.0,No forgetting,193,700,0.7
1000,none,1.0,No forgetting,194,603,0.603
1000,none,1.0,No forgetting,195,793,0.793
1000,none,1.0,No forgetting,196,779,0.779
1000,none,1.0,No forgetting,197,677,0.677
1000,none,1.0,No forgetting,198,779,0.779
1000,none,1.0,No forgetting,199,890,0.89
1000,none,1.0,No forgetting,200,749,0.749
1000,none,1.0,No forgetting,201,590,0.59
1000,none,1.0,No forgetting,202,647,0.647
1000,none,1.0,No forgetting,203,463,0.463
1000,none,1.0,No forgetting,204,835,0.835
1000,none,1.0,No forgetting,205,798,0.798
1000,none,1.0,No forgetting,206,428,0.428
1000,none,1.0,No forgetting,207,494,0.494
1000,none,1.0,No forgetting,208,729,0.729
1000,none,1.0,No forgetting,209,541,0.541
1000,none,1.0,No forgetting,210,757,0.757
1000,none,1.0,No forgetting,211,565,0.565
1000,none,1.0,No forgetting,212,701,0.701
1000,none,1.0,No forgetting,213,639,0.639
1000,none,1.0,No forgetting,214,687,0.687
1000,none,1.0,No forgetting,215,383,0.383
1000,none,1.0,No forgetting,216,767,0.767
1000,none,1.0,No forgetting,217,801,0.801
1000,none,1.0,No forgetting,218,645,0.645
1000,none,1.0,No forgetting,219,670,0.67
1000,none,1.0,No forgetting,220,706,0.706
1000,none,1.0,No forgetting,221,655,0.655
1000,none,1.0,No forgetting,222,700,0.7
1000,none,1.0,No forgetting,223,726,0.726
1000,none,1.0,No forgetting,224,801,0.801
1000,none,1.0,No forgetting,225,629,0.629
1000,none,1.0,No forgetting,226,683,0.683
1000,none,1.0,No forgetting,227,636,0.636
1000,none,1.0,No forgetting,228,674,0.674
1000,none,1.0,No forgetting,229,598,0.598
1000,none,1.0,No forgetting,230,651,0.651
1000,none,1.0,No forgetting,231,809,0.809
1000,none,1.0,No forgetting,232,549,0.549
1000,none,1.0,No forgetting,233,794,0.794
1000,none,1.0,No forgetting,234,626,0.626
1000,none,1.0,No forgetting,235,651,0.651
1000,none,1.0,No forgetting,236,668,0.668
1000,none,1.0,No forgetting,237,412,0.412
1000,none,1.0,No forgetting,238,861,0.861
1000,none,1.0,No forgetting,239,319,0.319
1000,none,1.0,No forgetting,240,627,0.627
1000,none,1.0,No forgetting,241,675,0.675
1000,none,1.0,No forgetting,242,629,0.629
1000,none,1.0,No forgetting,243,786,0.786
1000,none,1.0,No forgetting,244,677,0.677
1000,none,1.0,No forgetting,245,407,0.407
1000,none,1.0,No forgetting,246,761,0.761
1000,none,1.0,No forgetting,247,700,0.7
1000,none,1.0,No forgetting,248,759,0.759
1000,none,1.0,No forgetting,249,750,0.75
1000,none,1.0,No forgetting,250,616,0.616
1000,none,1.0,No forgetting,251,535,0.535
1000,none,1.0,No forgetting,252,689,0.689
1000,none,1.0,No forgetting,253,822,0.822
1000,none,1.0,No forgetting,254,731,0.731
1000,none,1.0,No forgetting,255,736,0.736
1000,none,1.0,No forgetting,256,659,0.659
1000,none,1.0,No forgetting,257,958,0.958
1000,none,1.0,No forgetting,258,706,0.706
1000,none,1.0,No forgetting,259,804,0.804
1000,none,1.0,No forgetting,260,802,0.802
1000,none,1.0,No forgetting,261,860,0.86
1000,none,1.0,No forgetting,262,886,0.886
1000,none,1.0,No forgetting,263,743,0.743
1000,none,1.0,No forgetting,264,833,0.833
1000,none,1.0,No forgetting,265,772,0.772
1000,none,1.0,No forgetting,266,817,0.817
1000,none,1.0,No forgetting,267,577,0.577
1000,none,1.0,No forgetting,268,837,0.837
1000,none,1.0,No forgetting,269,100,0.1
1000,none,1.0,No forgetting,270,752,0.752
1000,none,1.0,No forgetting,271,705,0.705
1000,none,1.0,No forgetting,272,539,0.539
1000,none,1.0,No forgetting,273,594,0.594
1000,none,1.0,No forgetting,274,770,0.77
1000,none,1.0,No forgetting,275,491,0.491
1000,none,1.0,No forgetting,276,675,0.675
1000,none,1.0,No forgetting,277,772,0.772
1000,none,1.0,No forgetting,278,571,0.571
1000,none,1.0,No forgetting,279,782,0.782
1000,none,1.0,No forgetting,280,590,0.59
1000,none,1.0,No forgetting,281,653,0.653
1000,none,1.0,No forgetting,282,678,0.678
1000,none,1.0,No forgetting,283,479,0.479
1000,none,1.0,No forgetting,284,899,0.899
1000,none,1.0,No forgetting,285,913,0.913
1000,none,1.0,No forgetting,286,512,0.512
1000,none,1.0,No forgetting,287,422,0.422
1000,none,1.0,No forgetting,288,725,0.725
1000,none,1.0,No forgetting,289,696,0.696
1000,none,1.0,No forgetting,290,636,0.636
1000,none,1.0,No forgetting,291,604,0.604
1000,none,1.0,No forgetting,292,650,0.65
1000,none,1.0,No forgetting,293,582,0.582
1000,none,1.0,No forgetting,294,740,0.74
1000,none,1.0,No forgetting,295,817,0.817
1000,none,1.0,No forgetting,296,794,0.794
1000,none,1.0,No forgetting,297,139,0.139
1000,none,1.0,No forgetting,298,746,0.746
1000,none,1.0,No forgetting,299,836,0.836
1000,none,1.0,No forgetting,300,746,0.746
1000,none,1.0,No forgetting,301,680,0.68
1000,none,1.0,No forgetting,302,658,0.658
1000,none,1.0,No forgetting,303,716,0.716
1000,none,1.0,No forgetting,304,723,0.723
1000,none,1.0,No forgetting,305,778,0.778
1000,none,1.0,No forgetting,306,831,0.831
1000,none,1.0,No forgetting,307,700,0.7
1000,none,1.0,No forgetting,308,621,0.621
1000,none,1.0,No forgetting,309,561,0.561
1000,none,1.0,No forgetting,310,506,0.506
1000,none,1.0,No forgetting,311,729,0.729
1000,none,1.0,No forgetting,312,556,0.556
1000,none,1.0,No forgetting,313,767,0.767
1000,none,1.0,No forgetting,314,683,0.683
1000,none,1.0,No forgetting,315,639,0.639
1000,none,1.0,No forgetting,316,590,0.59
1000,none,1.0,No forgetting,317,635,0.635
1000,none,1.0,No forgetting,318,838,0.838
1000,none,1.0,No forgetting,319,866,0.866
1000,none,1.0,No forgetting,320,743,0.743
1000,none,1.0,No forgetting,321,865,0.865
1000,none,1.0,No forgetting,322,819,0.819
1000,none,1.0,No forgetting,323,641,0.641
1000,none,1.0,No forgetting,324,555,0.555
1000,none,1.0,No forgetting,325,810,0.81
1000,none,1.0,No forgetting,326,613,0.613
1000,none,1.0,No forgetting,327,755,0.755
1000,none,1.0,No forgetting,328,616,0.616
1000,none,1.0,No forgetting,329,758,0.758
1000,none,1.0,No forgetting,330,573,0.573
1000,none,1.0,No forgetting,331,527,0.527
1000,none,1.0,No forgetting,332,938,0.938
1000,none,1.0,No forgetting,333,907,0.907
1000,none,1.0,No forgetting,334,769,0.769
1000,none,1.0,No forgetting,335,751,0.751
1000,none,1.0,No forgetting,336,547,0.547
1000,none,1.0,No forgetting,337,658,0.658
1000,none,1.0,No forgetting,338,422,0.422
1000,none,1.0,No forgetting,339,770,0.77
1000,none,1.0,No forgetting,340,271,0.271
1000,none,1.0,No forgetting,341,743,0.743
1000,none,1.0,No forgetting,342,667,0.667
1000,none,1.0,No forgetting,343,651,0.651
1000,none,1.0,No forgetting,344,205,0.205
1000,none,1.0,No forgetting,345,590,0.59
1000,none,1.0,No forgetting,346,861,0.861
1000,none,1.0,No forgetting,347,397,0.397
1000,none,1.0,No forgetting,348,686,0.686
1000,none,1.0,No forgetting,349,898,0.898
1000,none,1.0,No forgetting,350,705,0.705
1000,none,1.0,No forgetting,351,873,0.873
1000,none,1.0,No forgetting,352,650,0.65
1000,none,1.0,No forgetting,353,544,0.544
1000,none,1.0,No forgetting,354,750,0.75
1000,none,1.0,No forgetting,355,351,0.351
1000,none,1.0,No forgetting,356,705,0.705
1000,none,1.0,No forgetting,357,599,0.599
1000,none,1.0,No forgetting,358,925,0.925
1000,none,1.0,No forgetting,359,692,0.692
1000,none,1.0,No forgetting,360,641,0.641
1000,none,1.0,No forgetting,361,807,0.807
1000,none,1.0,No forgetting,362,655,0.655
1000,none,1.0,No forgetting,363,883,0.883
1000,none,1.0,No forgetting,364,603,0.603
1000,none,1.0,No forgetting,365,747,0.747
1000,none,1.0,No forgetting,366,727,0.727
1000,none,1.0,No forgetting,367,711,0.711
1000,none,1.0,No forgetting,368,755,0.755
1000,none,1.0,No forgetting,369,934,0.934
1000,none,1.0,No forgetting,370,669,0.669
1000,none,1.0,No forgetting,371,841,0.841
1000,none,1.0,No forgetting,372,891,0.891
1000,none,1.0,No forgetting,373,699,0.699
1000,none,1.0,No forgetting,374,552,0.552
1000,none,1.0,No forgetting,375,733,0.733
1000,none,1.0,No forgetting,376,507,0.507
1000,none,1.0,No forgetting,377,778,0.778
1000,none,1.0,No forgetting,378,737,0.737
1000,none,1.0,No forgetting,379,290,0.29
1000,none,1.0,No forgetting,380,816,0.816
1000,none,1.0,No forgetting,381,404,0.404
1000,none,1.0,No forgetting,382,547,0.547
1000,none,1.0,No forgetting,383,714,0.714
1000,none,1.0,No forgetting,384,734,0.734
1000,none,1.0,No forgetting,385,859,0.859
1000,none,1.0,No forgetting,386,735,0.735
1000,none,1.0,No forgetting,387,789,0.789
1000,none,1.0,No forgetting,388,586,0.586
1000,none,1.0,No forgetting,389,721,0.721
1000,none,1.0,No forgetting,390,514,0.514
1000,none,1.0,No forgetting,391,439,0.439
1000,none,1.0,No forgetting,392,759,0.759
1000,none,1.0,No forgetting,393,312,0.312
1000,none,1.0,No forgetting,394,733,0.733
1000,none,1.0,No forgetting,395,533,0.533
1000,none,1.0,No forgetting,396,851,0.851
1000,none,1.0,No forgetting,397,579,0.579
1000,none,1.0,No forgetting,398,550,0.55
1000,none,1.0,No forgetting,399,682,0.682
1000,none,1.0,No forgetting,400,694,0.694
1000,none,1.0,No forgetting,401,899,0.899
1000,none,1.0,No forgetting,402,344,0.344
1000,none,1.0,No forgetting,403,814,0.814
1000,none,1.0,No forgetting,404,815,0.815
1000,none,1.0,No forgetting,405,641,0.641
1000,none,1.0,No forgetting,406,679,0.679
1000,none,1.0,No forgetting,407,856,0.856
1000,none,1.0,No forgetting,408,572,0.572
1000,none,1.0,No forgetting,409,593,0.593
1000,none,1.0,No forgetting,410,758,0.758
1000,none,1.0,No forgetting,411,687,0.687
1000,none,1.0,No forgetting,412,594,0.594
1000,none,1.0,No forgetting,413,614,0.614
1000,none,1.0,No forgetting,414,586,0.586
1000,none,1.0,No forgetting,415,705,0.705
1000,none,1.0,No forgetting,416,695,0.695
1000,none,1.0,No forgetting,417,865,0.865
1000,none,1.0,No forgetting,418,781,0.781
1000,none,1.0,No forgetting,419,915,0.915
1000,none,1.0,No forgetting,420,569,0.569
1000,none,1.0,No forgetting,421,583,0.583
1000,none,1.0,No forgetting,422,945,0.945
1000,none,1.0,No forgetting,423,626,0.626
1000,none,1.0,No forgetting,424,704,0.704
1000,none,1.0,No forgetting,425,789,0.789
1000,none,1.0,No forgetting,426,738,0.738
1000,none,1.0,No forgetting,427,854,0.854
1000,none,1.0,No forgetting,428,480,0.48
1000,none,1.0,No forgetting,429,666,0.666
1000,none,1.0,No forgetting,430,882,0.882
1000,none,1.0,No forgetting,431,845,0.845
1000,none,1.0,No forgetting,432,703,0.703
1000,none,1.0,No forgetting,433,683,0.683
1000,none,1.0,No forgetting,434,648,0.648
1000,none,1.0,No forgetting,435,713,0.713
1000,none,1.0,No forgetting,436,816,0.816
1000,none,1.0,No forgetting,437,786,0.786
1000,none,1.0,No forgetting,438,0,0.0
1000,none,1.0,No forgetting,439,708,0.708
1000,none,1.0,No forgetting,440,846,0.846
1000,none,1.0,No forgetting,441,480,0.48
1000,none,1.0,No forgetting,442,679,0.679
1000,none,1.0,No forgetting,443,658,0.658
1000,none,1.0,No forgetting,444,745,0.745
1000,none,1.0,No forgetting,445,381,0.381
1000,none,1.0,No forgetting,446,469,0.469
1000,none,1.0,No forgetting,447,855,0.855
1000,none,1.0,No forgetting,448,635,0.635
1000,none,1.0,No forgetting,449,827,0.827
1000,none,1.0,No forgetting,450,583,0.583
1000,none,1.0,No forgetting,451,747,0.747
1000,none,1.0,No forgetting,452,735,0.735
1000,none,1.0,No forgetting,453,561,0.561
1000,none,1.0,No forgetting,454,737,0.737
1000,none,1.0,No forgetting,455,528,0.528
1000,none,1.0,No forgetting,456,396,0.396
1000,none,1.0,No forgetting,457,776,0.776
1000,none,1.0,No forgetting,458,602,0.602
1000,none,1.0,No forgetting,459,674,0.674
1000,none,1.0,No forgetting,460,794,0.794
1000,none,1.0,No forgetting,461,731,0.731
1000,none,1.0,No forgetting,462,663,0.663
1000,none,1.0,No forgetting,463,713,0.713
1000,none,1.0,No forgetting,464,490,0.49
1000,none,1.0,No forgetting,465,468,0.468
1000,none,1.0,No forgetting,466,527,0.527
1000,none,1.0,No forgetting,467,859,0.859
1000,none,1.0,No forgetting,468,354,0.354
1000,none,1.0,No forgetting,469,653,0.653
1000,none,1.0,No forgetting,470,864,0.864
1000,none,1.0,No forgetting,471,578,0.578
1000,none,1.0,No forgetting,472,966,0.966
1000,none,1.0,No forgetting,473,753,0.753
1000,none,1.0,No forgetting,474,763,0.763
1000,none,1.0,No forgetting,475,221,0.221
1000,none,1.0,No forgetting,476,611,0.611
1000,none,1.0,No forgetting,477,582,0.582
1000,none,1.0,No forgetting,478,872,0.872
1000,none,1.0,No forgetting,479,616,0.616
1000,none,1.0,No forgetting,480,818,0.818
1000,none,1.0,No forgetting,481,746,0.746
1000,none,1.0,No forgetting,482,486,0.486
1000,none,1.0,No forgetting,483,515,0.515
1000,none,1.0,No forgetting,484,666,0.666
1000,none,1.0,No forgetting,485,794,0.794
1000,none,1.0,No forgetting,486,423,0.423
1000,none,1.0,No forgetting,487,697,0.697
1000,none,1.0,No forgetting,488,506,0.506
1000,none,1.0,No forgetting,489,764,0.764
1000,none,1.0,No forgetting,490,739,0.739
1000,none,1.0,No forgetting,491,871,0.871
1000,none,1.0,No forgetting,492,674,0.674
1000,none,1.0,No forgetting,493,838,0.838
1000,none,1.0,No forgetting,494,877,0.877
1000,none,1.0,No forgetting,495,719,0.719
1000,none,1.0,No forgetting,496,815,0.815
1000,none,1.0,No forgetting,497,480,0.48
1000,none,1.0,No forgetting,498,557,0.557
1000,none,1.0,No forgetting,499,679,0.679
1000,none,1.0,No forgetting,500,858,0.858
1000,none,1.0,No forgetting,501,699,0.699
1000,none,1.0,No forgetting,502,524,0.524
1000,none,1.0,No forgetting,503,623,0.623
1000,none,1.0,No forgetting,504,642,0.642
1000,none,1.0,No forgetting,505,780,0.78
1000,none,1.0,No forgetting,506,658,0.658
1000,none,1.0,No forgetting,507,510,0.51
1000,none,1.0,No forgetting,508,544,0.544
1000,none,1.0,No forgetting,509,744,0.744
1000,none,1.0,No forgetting,510,761,0.761
1000,none,1.0,No forgetting,511,868,0.868
1000,none,1.0,No forgetting,512,689,0.689
1000,none,1.0,No forgetting,513,434,0.434
1000,none,1.0,No forgetting,514,389,0.389
1000,none,1.0,No forgetting,515,669,0.669
1000,none,1.0,No forgetting,516,671,0.671
1000,none,1.0,No forgetting,517,757,0.757
1000,none,1.0,No forgetting,518,859,0.859
1000,none,1.0,No forgetting,519,385,0.385
1000,none,1.0,No forgetting,520,579,0.579
1000,none,1.0,No forgetting,521,501,0.501
1000,none,1.0,No forgetting,522,612,0.612
1000,none,1.0,No forgetting,523,645,0.645
1000,none,1.0,No forgetting,524,261,0.261
1000,none,1.0,No forgetting,525,557,0.557
1000,none,1.0,No forgetting,526,755,0.755
1000,none,1.0,No forgetting,527,755,0.755
1000,none,1.0,No forgetting,528,571,0.571
1000,none,1.0,No forgetting,529,868,0.868
1000,none,1.0,No forgetting,530,587,0.587
1000,none,1.0,No forgetting,531,838,0.838
1000,none,1.0,No forgetting,532,821,0.821
1000,none,1.0,No forgetting,533,763,0.763
1000,none,1.0,No forgetting,534,815,0.815
1000,none,1.0,No forgetting,535,558,0.558
1000,none,1.0,No forgetting,536,594,0.594
1000,none,1.0,No forgetting,537,787,0.787
1000,none,1.0,No forgetting,538,595,0.595
1000,none,1.0,No forgetting,539,662,0.662
1000,none,1.0,No forgetting,540,885,0.885
1000,none,1.0,No forgetting,541,803,0.803
1000,none,1.0,No forgetting,542,845,0.845
1000,none,1.0,No forgetting,543,771,0.771
1000,none,1.0,No forgetting,544,757,0.757
1000,none,1.0,No forgetting,545,395,0.395
1000,none,1.0,No forgetting,546,655,0.655
1000,none,1.0,No forgetting,547,818,0.818
1000,none,1.0,No forgetting,548,866,0.866
1000,none,1.0,No forgetting,549,600,0.6
1000,none,1.0,No forgetting,550,600,0.6
1000,none,1.0,No forgetting,551,351,0.351
1000,none,1.0,No forgetting,552,658,0.658
1000,none,1.0,No forgetting,553,586,0.586
1000,none,1.0,No forgetting,554,626,0.626
1000,none,1.0,No forgetting,555,720,0.72
1000,none,1.0,No forgetting,556,493,0.493
1000,none,1.0,No forgetting,557,635,0.635
1000,none,1.0,No forgetting,558,718,0.718
1000,none,1.0,No forgetting,559,534,0.534
1000,none,1.0,No forgetting,560,631,0.631
1000,none,1.0,No forgetting,561,655,0.655
1000,none,1.0,No forgetting,562,698,0.698
1000,none,1.0,No forgetting,563,509,0.509
1000,none,1.0,No forgetting,564,640,0.64
1000,none,1.0,No forgetting,565,797,0.797
1000,none,1.0,No forgetting,566,660,0.66
1000,none,1.0,No forgetting,567,489,0.489
1000,none,1.0,No forgetting,568,742,0.742
1000,none,1.0,No forgetting,569,864,0.864
1000,none,1.0,No forgetting,570,950,0.95
1000,none,1.0,No forgetting,571,438,0.438
1000,none,1.0,No forgetting,572,688,0.688
1000,none,1.0,No forgetting,573,586,0.586
1000,none,1.0,No forgetting,574,827,0.827
1000,none,1.0,No forgetting,575,780,0.78
1000,none,1.0,No forgetting,576,496,0.496
1000,none,1.0,No forgetting,577,802,0.802
1000,none,1.0,No forgetting,578,533,0.533
1000,none,1.0,No forgetting,579,933,0.933
1000,none,1.0,No forgetting,580,885,0.885
1000,none,1.0,No forgetting,581,691,0.691
1000,none,1.0,No forgetting,582,699,0.699
1000,none,1.0,No forgetting,583,610,0.61
1000,none,1.0,No forgetting,584,856,0.856
1000,none,1.0,No forgetting,585,846,0.846
1000,none,1.0,No forgetting,586,719,0.719
1000,none,1.0,No forgetting,587,831,0.831
1000,none,1.0,No forgetting,588,704,0.704
1000,none,1.0,No forgetting,589,654,0.654
1000,none,1.0,No forgetting,590,870,0.87
1000,none,1.0,No forgetting,591,790,0.79
1000,none,1.0,No forgetting,592,452,0.452
1000,none,1.0,No forgetting,593,899,0.899
1000,none,1.0,No forgetting,594,589,0.589
1000,none,1.0,No forgetting,595,488,0.488
1000,none,1.0,No forgetting,596,724,0.724
1000,none,1.0,No forgetting,597,850,0.85
1000,none,1.0,No forgetting,598,548,0.548
1000,none,1.0,No forgetting,599,872,0.872
1000,none,1.0,No forgetting,600,921,0.921
1000,none,1.0,No forgetting,601,898,0.898
1000,none,1.0,No forgetting,602,707,0.707
1000,none,1.0,No forgetting,603,794,0.794
1000,none,1.0,No forgetting,604,703,0.703
1000,none,1.0,No forgetting,605,942,0.942
1000,none,1.0,No forgetting,606,629,0.629
1000,none,1.0,No forgetting,607,753,0.753
1000,none,1.0,No forgetting,608,821,0.821
1000,none,1.0,No forgetting,609,488,0.488
1000,none,1.0,No forgetting,610,213,0.213
1000,none,1.0,No forgetting,611,764,0.764
1000,none,1.0,No forgetting,612,738,0.738
1000,none,1.0,No forgetting,613,0,0.0
1000,none,1.0,No forgetting,614,708,0.708
1000,none,1.0,No forgetting,615,826,0.826
1000,none,1.0,No forgetting,616,801,0.801
1000,none,1.0,No forgetting,617,691,0.691
1000,none,1.0,No forgetting,618,591,0.591
1000,none,1.0,No forgetting,619,806,0.806
1000,none,1.0,No forgetting,620,673,0.673
1000,none,1.0,No forgetting,621,173,0.173
1000,none,1.0,No forgetting,622,714,0.714
1000,none,1.0,No forgetting,623,811,0.811
1000,none,1.0,No forgetting,624,796,0.796
1000,none,1.0,No forgetting,625,576,0.576
1000,none,1.0,No forgetting,626,976,0.976
1000,none,1.0,No forgetting,627,759,0.759
1000,none,1.0,No forgetting,628,908,0.908
1000,none,1.0,No forgetting,629,510,0.51
1000,none,1.0,No forgetting,630,672,0.672
1000,none,1.0,No forgetting,631,807,0.807
1000,none,1.0,No forgetting,632,428,0.428
1000,none,1.0,No forgetting,633,699,0.699
1000,none,1.0,No forgetting,634,964,0.964
1000,none,1.0,No forgetting,635,522,0.522
1000,none,1.0,No forgetting,636,858,0.858
1000,none,1.0,No forgetting,637,861,0.861
1000,none,1.0,No forgetting,638,602,0.602
1000,none,1.0,No forgetting,639,706,0.706
1000,none,1.0,No forgetting,640,627,0.627
1000,none,1.0,No forgetting,641,455,0.455
1000,none,1.0,No forgetting,642,625,0.625
1000,none,1.0,No forgetting,643,697,0.697
1000,none,1.0,No forgetting,644,808,0.808
1000,none,1.0,No forgetting,645,752,0.752
1000,none,1.0,No forgetting,646,723,0.723
1000,none,1.0,No forgetting,647,769,0.769
1000,none,1.0,No forgetting,648,533,0.533
1000,none,1.0,No forgetting,649,789,0.789
1000,none,1.0,No forgetting,650,880,0.88
1000,none,1.0,No forgetting,651,916,0.916
1000,none,1.0,No forgetting,652,438,0.438
1000,none,1.0,No forgetting,653,551,0.551
1000,none,1.0,No forgetting,654,701,0.701
1000,none,1.0,No forgetting,655,824,0.824
1000,none,1.0,No forgetting,656,954,0.954
1000,none,1.0,No forgetting,657,850,0.85
1000,none,1.0,No forgetting,658,829,0.829
1000,none,1.0,No forgetting,659,572,0.572
1000,none,1.0,No forgetting,660,754,0.754
1000,none,1.0,No forgetting,661,809,0.809
1000,none,1.0,No forgetting,662,783,0.783
1000,none,1.0,No forgetting,663,703,0.703
1000,none,1.0,No forgetting,664,619,0.619
1000,none,1.0,No forgetting,665,846,0.846
1000,none,1.0,No forgetting,666,698,0.698
1000,none,1.0,No forgetting,667,696,0.696
1000,none,1.0,No forgetting,668,668,0.668
1000,none,1.0,No forgetting,669,651,0.651
1000,none,1.0,No forgetting,670,869,0.869
1000,none,1.0,No forgetting,671,701,0.701
1000,none,1.0,No forgetting,672,665,0.665
1000,none,1.0,No forgetting,673,635,0.635
1000,none,1.0,No forgetting,674,907,0.907
1000,none,1.0,No forgetting,675,906,0.906
1000,none,1.0,No forgetting,676,479,0.479
1000,none,1.0,No forgetting,677,808,0.808
1000,none,1.0,No forgetting,678,907,0.907
1000,none,1.0,No forgetting,679,436,0.436
1000,none,1.0,No forgetting,680,613,0.613
1000,none,1.0,No forgetting,681,807,0.807
1000,none,1.0,No forgetting,682,729,0.729
1000,none,1.0,No forgetting,683,658,0.658
1000,none,1.0,No forgetting,684,482,0.482
1000,none,1.0,No forgetting,685,712,0.712
1000,none,1.0,No forgetting,686,840,0.84
1000,none,1.0,No forgetting,687,716,0.716
1000,none,1.0,No forgetting,688,683,0.683
1000,none,1.0,No forgetting,689,748,0.748
1000,none,1.0,No forgetting,690,511,0.511
1000,none,1.0,No forgetting,691,749,0.749
1000,none,1.0,No forgetting,692,838,0.838
1000,none,1.0,No forgetting,693,688,0.688
1000,none,1.0,No forgetting,694,672,0.672
1000,none,1.0,No forgetting,695,898,0.898
1000,none,1.0,No forgetting,696,943,0.943
1000,none,1.0,No forgetting,697,753,0.753
1000,none,1.0,No forgetting,698,848,0.848
1000,none,1.0,No forgetting,699,724,0.724
1000,none,1.0,No forgetting,700,843,0.843
1000,none,1.0,No forgetting,701,833,0.833
1000,none,1.0,No forgetting,702,733,0.733
1000,none,1.0,No forgetting,703,755,0.755
1000,none,1.0,No forgetting,704,726,0.726
1000,none,1.0,No forgetting,705,750,0.75
1000,none,1.0,No forgetting,706,811,0.811
1000,none,1.0,No forgetting,707,853,0.853
1000,none,1.0,No forgetting,708,916,0.916
1000,none,1.0,No forgetting,709,717,0.717
1000,none,1.0,No forgetting,710,586,0.586
1000,none,1.0,No forgetting,711,703,0.703
1000,none,1.0,No forgetting,712,795,0.795
1000,none,1.0,No forgetting,713,573,0.573
1000,none,1.0,No forgetting,714,744,0.744
1000,none,1.0,No forgetting,715,652,0.652
1000,none,1.0,No forgetting,716,847,0.847
1000,none,1.0,No forgetting,717,905,0.905
1000,none,1.0,No forgetting,718,391,0.391
1000,none,1.0,No forgetting,719,777,0.777
1000,none,1.0,No forgetting,720,824,0.824
1000,none,1.0,No forgetting,721,782,0.782
1000,none,1.0,No forgetting,722,765,0.765
1000,none,1.0,No forgetting,723,690,0.69
1000,none,1.0,No forgetting,724,574,0.574
1000,none,1.0,No forgetting,725,547,0.547
1000,none,1.0,No forgetting,726,736,0.736
1000,none,1.0,No forgetting,727,535,0.535
1000,none,1.0,No forgetting,728,758,0.758
1000,none,1.0,No forgetting,729,784,0.784
1000,none,1.0,No forgetting,730,894,0.894
1000,none,1.0,No forgetting,731,760,0.76
1000,none,1.0,No forgetting,732,495,0.495
1000,none,1.0,No forgetting,733,687,0.687
1000,none,1.0,No forgetting,734,609,0.609
1000,none,1.0,No forgetting,735,671,0.671
1000,none,1.0,No forgetting,736,736,0.736
1000,none,1.0,No forgetting,737,628,0.628
1000,none,1.0,No forgetting,738,882,0.882
1000,none,1.0,No forgetting,739,479,0.479
1000,none,1.0,No forgetting,740,634,0.634
1000,none,1.0,No forgetting,741,546,0.546
1000,none,1.0,No forgetting,742,873,0.873
1000,none,1.0,No forgetting,743,499,0.499
1000,none,1.0,No forgetting,744,860,0.86
1000,none,1.0,No forgetting,745,577,0.577
1000,none,1.0,No forgetting,746,591,0.591
1000,none,1.0,No forgetting,747,953,0.953
1000,none,1.0,No forgetting,748,439,0.439
1000,none,1.0,No forgetting,749,457,0.457
1000,none,1.0,No forgetting,750,744,0.744
1000,none,1.0,No forgetting,751,814,0.814
1000,none,1.0,No forgetting,752,796,0.796
1000,none,1.0,No forgetting,753,787,0.787
1000,none,1.0,No forgetting,754,882,0.882
1000,none,1.0,No forgetting,755,746,0.746
1000,none,1.0,No forgetting,756,455,0.455
1000,none,1.0,No forgetting,757,830,0.83
1000,none,1.0,No forgetting,758,644,0.644
1000,none,1.0,No forgetting,759,663,0.663
1000,none,1.0,No forgetting,760,755,0.755
1000,none,1.0,No forgetting,761,606,0.606
1000,none,1.0,No forgetting,762,586,0.586
1000,none,1.0,No forgetting,763,471,0.471
1000,none,1.0,No forgetting,764,825,0.825
1000,none,1.0,No forgetting,765,731,0.731
1000,none,1.0,No forgetting,766,573,0.573
1000,none,1.0,No forgetting,767,894,0.894
1000,none,1.0,No forgetting,768,571,0.571
1000,none,1.0,No forgetting,769,645,0.645
1000,none,1.0,No forgetting,770,623,0.623
1000,none,1.0,No forgetting,771,777,0.777
1000,none,1.0,No forgetting,772,792,0.792
1000,none,1.0,No forgetting,773,622,0.622
1000,none,1.0,No forgetting,774,415,0.415
1000,none,1.0,No forgetting,775,637,0.637
1000,none,1.0,No forgetting,776,700,0.7
1000,none,1.0,No forgetting,777,793,0.793
1000,none,1.0,No forgetting,778,588,0.588
1000,none,1.0,No forgetting,779,890,0.89
1000,none,1.0,No forgetting,780,913,0.913
1000,none,1.0,No forgetting,781,455,0.455
1000,none,1.0,No forgetting,782,929,0.929
1000,none,1.0,No forgetting,783,906,0.906
1000,none,1.0,No forgetting,784,793,0.793
1000,none,1.0,No forgetting,785,518,0.518
1000,none,1.0,No forgetting,786,454,0.454
1000,none,1.0,No forgetting,787,699,0.699
1000,none,1.0,No forgetting,788,805,0.805
1000,none,1.0,No forgetting,789,874,0.874
1000,none,1.0,No forgetting,790,684,0.684
1000,none,1.0,No forgetting,791,821,0.821
1000,none,1.0,No forgetting,792,830,0.83
1000,none,1.0,No forgetting,793,825,0.825
1000,none,1.0,No forgetting,794,418,0.418
1000,none,1.0,No forgetting,795,718,0.718
1000,none,1.0,No forgetting,796,678,0.678
1000,none,1.0,No forgetting,797,801,0.801
1000,none,1.0,No forgetting,798,432,0.432
1000,none,1.0,No forgetting,799,457,0.457
1000,none,1.0,No forgetting,800,725,0.725
1000,none,1.0,No forgetting,801,815,0.815
1000,none,1.0,No forgetting,802,804,0.804
1000,none,1.0,No forgetting,803,821,0.821
1000,none,1.0,No forgetting,804,752,0.752
1000,none,1.0,No forgetting,805,894,0.894
1000,none,1.0,No forgetting,806,375,0.375
1000,none,1.0,No forgetting,807,750,0.75
1000,none,1.0,No forgetting,808,454,0.454
1000,none,1.0,No forgetting,809,758,0.758
1000,none,1.0,No forgetting,810,774,0.774
1000,none,1.0,No forgetting,811,697,0.697
1000,none,1.0,No forgetting,812,591,0.591
1000,none,1.0,No forgetting,813,843,0.843
1000,none,1.0,No forgetting,814,721,0.721
1000,none,1.0,No forgetting,815,871,0.871
1000,none,1.0,No forgetting,816,762,0.762
1000,none,1.0,No forgetting,817,953,0.953
1000,none,1.0,No forgetting,818,656,0.656
1000,none,1.0,No forgetting,819,710,0.71
1000,none,1.0,No forgetting,820,605,0.605
1000,none,1.0,No forgetting,821,836,0.836
1000,none,1.0,No forgetting,822,817,0.817
1000,none,1.0,No forgetting,823,410,0.41
1000,none,1.0,No forgetting,824,353,0.353
1000,none,1.0,No forgetting,825,413,0.413
1000,none,1.0,No forgetting,826,620,0.62
1000,none,1.0,No forgetting,827,434,0.434
1000,none,1.0,No forgetting,828,718,0.718
1000,none,1.0,No forgetting,829,774,0.774
1000,none,1.0,No forgetting,830,823,0.823
1000,none,1.0,No forgetting,831,618,0.618
1000,none,1.0,No forgetting,832,490,0.49
1000,none,1.0,No forgetting,833,409,0.409
1000,none,1.0,No forgetting,834,607,0.607
1000,none,1.0,No forgetting,835,804,0.804
1000,none,1.0,No forgetting,836,332,0.332
1000,none,1.0,No forgetting,837,492,0.492
1000,none,1.0,No forgetting,838,656,0.656
1000,none,1.0,No forgetting,839,809,0.809
1000,none,1.0,No forgetting,840,917,0.917
1000,none,1.0,No forgetting,841,657,0.657
1000,none,1.0,No forgetting,842,603,0.603
1000,none,1.0,No forgetting,843,842,0.842
1000,none,1.0,No forgetting,844,792,0.792
1000,none,1.0,No forgetting,845,420,0.42
1000,none,1.0,No forgetting,846,50,0.05
1000,none,1.0,No forgetting,847,807,0.807
1000,none,1.0,No forgetting,848,0,0.0
1000,none,1.0,No forgetting,849,836,0.836
1000,none,1.0,No forgetting,850,665,0.665
1000,none,1.0,No forgetting,851,576,0.576
1000,none,1.0,No forgetting,852,567,0.567
1000,none,1.0,No forgetting,853,750,0.75
1000,none,1.0,No forgetting,854,384,0.384
1000,none,1.0,No forgetting,855,608,0.608
1000,none,1.0,No forgetting,856,512,0.512
1000,none,1.0,No forgetting,857,790,0.79
1000,none,1.0,No forgetting,858,769,0.769
1000,none,1.0,No forgetting,859,772,0.772
1000,none,1.0,No forgetting,860,634,0.634
1000,none,1.0,No forgetting,861,804,0.804
1000,none,1.0,No forgetting,862,757,0.757
1000,none,1.0,No forgetting,863,831,0.831
1000,none,1.0,No forgetting,864,583,0.583
1000,none,1.0,No forgetting,865,775,0.775
1000,none,1.0,No forgetting,866,710,0.71
1000,none,1.0,No forgetting,867,682,0.682
1000,none,1.0,No forgetting,868,722,0.722
1000,none,1.0,No forgetting,869,464,0.464
1000,none,1.0,No forgetting,870,875,0.875
1000,none,1.0,No forgetting,871,683,0.683
1000,none,1.0,No forgetting,872,695,0.695
1000,none,1.0,No forgetting,873,510,0.51
1000,none,1.0,No forgetting,874,672,0.672
1000,none,1.0,No forgetting,875,743,0.743
1000,none,1.0,No forgetting,876,863,0.863
1000,none,1.0,No forgetting,877,959,0.959
1000,none,1.0,No forgetting,878,775,0.775
1000,none,1.0,No forgetting,879,548,0.548
1000,none,1.0,No forgetting,880,626,0.626
1000,none,1.0,No forgetting,881,507,0.507
1000,none,1.0,No forgetting,882,162,0.162
1000,none,1.0,No forgetting,883,598,0.598
1000,none,1.0,No forgetting,884,696,0.696
1000,none,1.0,No forgetting,885,894,0.894
1000,none,1.0,No forgetting,886,667,0.667
1000,none,1.0,No forgetting,887,372,0.372
1000,none,1.0,No forgetting,888,632,0.632
1000,none,1.0,No forgetting,889,866,0.866
1000,none,1.0,No forgetting,890,632,0.632
1000,none,1.0,No forgetting,891,495,0.495
1000,none,1.0,No forgetting,892,625,0.625
1000,none,1.0,No forgetting,893,910,0.91
1000,none,1.0,No forgetting,894,742,0.742
1000,none,1.0,No forgetting,895,679,0.679
1000,none,1.0,No forgetting,896,849,0.849
1000,none,1.0,No forgetting,897,571,0.571
1000,none,1.0,No forgetting,898,948,0.948
1000,none,1.0,No forgetting,899,742,0.742
1000,none,1.0,No forgetting,900,764,0.764
1000,none,1.0,No forgetting,901,583,0.583
1000,none,1.0,No forgetting,902,807,0.807
1000,none,1.0,No forgetting,903,626,0.626
1000,none,1.0,No forgetting,904,710,0.71
1000,none,1.0,No forgetting,905,781,0.781
1000,none,1.0,No forgetting,906,711,0.711
1000,none,1.0,No forgetting,907,615,0.615
1000,none,1.0,No forgetting,908,267,0.267
1000,none,1.0,No forgetting,909,698,0.698
1000,none,1.0,No forgetting,910,948,0.948
1000,none,1.0,No forgetting,911,685,0.685
1000,none,1.0,No forgetting,912,687,0.687
1000,none,1.0,No forgetting,913,281,0.281
1000,none,1.0,No forgetting,914,474,0.474
1000,none,1.0,No forgetting,915,597,0.597
1000,none,1.0,No forgetting,916,456,0.456
1000,none,1.0,No forgetting,917,840,0.84
1000,none,1.0,No forgetting,918,705,0.705
1000,none,1.0,No forgetting,919,716,0.716
1000,none,1.0,No forgetting,920,475,0.475
1000,none,1.0,No forgetting,921,896,0.896
1000,none,1.0,No forgetting,922,876,0.876
1000,none,1.0,No forgetting,923,689,0.689
1000,none,1.0,No forgetting,924,725,0.725
1000,none,1.0,No forgetting,925,516,0.516
1000,none,1.0,No forgetting,926,549,0.549
1000,none,1.0,No forgetting,927,570,0.57
1000,none,1.0,No forgetting,928,707,0.707
1000,none,1.0,No forgetting,929,676,0.676
1000,none,1.0,No forgetting,930,787,0.787
1000,none,1.0,No forgetting,931,582,0.582
1000,none,1.0,No forgetting,932,756,0.756
1000,none,1.0,No forgetting,933,841,0.841
1000,none,1.0,No forgetting,934,449,0.449
1000,none,1.0,No forgetting,935,570,0.57
1000,none,1.0,No forgetting,936,589,0.589
1000,none,1.0,No forgetting,937,705,0.705
1000,none,1.0,No forgetting,938,594,0.594
1000,none,1.0,No forgetting,939,817,0.817
1000,none,1.0,No forgetting,940,672,0.672
1000,none,1.0,No forgetting,941,530,0.53
1000,none,1.0,No forgetting,942,695,0.695
1000,none,1.0,No forgetting,943,911,0.911
1000,none,1.0,No forgetting,944,633,0.633
1000,none,1.0,No forgetting,945,736,0.736
1000,none,1.0,No forgetting,946,507,0.507
1000,none,1.0,No forgetting,947,798,0.798
1000,none,1.0,No forgetting,948,467,0.467
1000,none,1.0,No forgetting,949,774,0.774
1000,none,1.0,No forgetting,950,727,0.727
1000,none,1.0,No forgetting,951,782,0.782
1000,none,1.0,No forgetting,952,739,0.739
1000,none,1.0,No forgetting,953,664,0.664
1000,none,1.0,No forgetting,954,708,0.708
1000,none,1.0,No forgetting,955,533,0.533
1000,none,1.0,No forgetting,956,816,0.816
1000,none,1.0,No forgetting,957,624,0.624
1000,none,1.0,No forgetting,958,848,0.848
1000,none,1.0,No forgetting,959,413,0.413
1000,none,1.0,No forgetting,960,851,0.851
1000,none,1.0,No forgetting,961,584,0.584
1000,none,1.0,No forgetting,962,575,0.575
1000,none,1.0,No forgetting,963,789,0.789
1000,none,1.0,No forgetting,964,802,0.802
1000,none,1.0,No forgetting,965,437,0.437
1000,none,1.0,No forgetting,966,867,0.867
1000,none,1.0,No forgetting,967,746,0.746
1000,none,1.0,No forgetting,968,814,0.814
1000,none,1.0,No forgetting,969,800,0.8
1000,none,1.0,No forgetting,970,852,0.852
1000,none,1.0,No forgetting,971,602,0.602
1000,none,1.0,No forgetting,972,645,0.645
1000,none,1.0,No forgetting,973,627,0.627
1000,none,1.0,No forgetting,974,574,0.574
1000,none,1.0,No forgetting,975,674,0.674
1000,none,1.0,No forgetting,976,915,0.915
1000,none,1.0,No forgetting,977,711,0.711
1000,none,1.0,No forgetting,978,671,0.671
1000,none,1.0,No forgetting,979,885,0.885
1000,none,1.0,No forgetting,980,426,0.426
1000,none,1.0,No forgetting,981,726,0.726
1000,none,1.0,No forgetting,982,848,0.848
1000,none,1.0,No forgetting,983,806,0.806
1000,none,1.0,No forgetting,984,831,0.831
1000,none,1.0,No forgetting,985,805,0.805
1000,none,1.0,No forgetting,986,731,0.731
1000,none,1.0,No forgetting,987,875,0.875
1000,none,1.0,No forgetting,988,812,0.812
1000,none,1.0,No forgetting,989,646,0.646
1000,none,1.0,No forgetting,990,756,0.756
1000,none,1.0,No forgetting,991,794,0.794
1000,none,1.0,No forgetting,992,841,0.841
1000,none,1.0,No forgetting,993,637,0.637
1000,none,1.0,No forgetting,994,827,0.827
1000,none,1.0,No forgetting,995,722,0.722
1000,none,1.0,No forgetting,996,619,0.619
1000,none,1.0,No forgetting,997,266,0.266
1000,none,1.0,No forgetting,998,723,0.723
1000,none,1.0,No forgetting,999,563,0.563
3000,adaptive,,Adaptive,0,259,0.08633333333333333
3000,adaptive,,Adaptive,1,121,0.04033333333333333
3000,adaptive,,Adaptive,2,175,0.058333333333333334
3000,adaptive,,Adaptive,3,122,0.04066666666666666
3000,adaptive,,Adaptive,4,258,0.086
3000,adaptive,,Adaptive,5,73,0.024333333333333332
3000,adaptive,,Adaptive,6,166,0.05533333333333333
3000,adaptive,,Adaptive,7,155,0.051666666666666666
3000,adaptive,,Adaptive,8,294,0.098
3000,adaptive,,Adaptive,9,126,0.042
3000,adaptive,,Adaptive,10,168,0.056
3000,adaptive,,Adaptive,11,150,0.05
3000,adaptive,,Adaptive,12,211,0.07033333333333333
3000,adaptive,,Adaptive,13,97,0.03233333333333333
3000,adaptive,,Adaptive,14,88,0.029333333333333333
3000,adaptive,,Adaptive,15,114,0.038
3000,adaptive,,Adaptive,16,257,0.08566666666666667
3000,adaptive,,Adaptive,17,147,0.049
3000,adaptive,,Adaptive,18,120,0.04
3000,adaptive,,Adaptive,19,295,0.09833333333333333
3000,adaptive,,Adaptive,20,227,0.07566666666666666
3000,adaptive,,Adaptive,21,120,0.04
3000,adaptive,,Adaptive,22,117,0.039
3000,adaptive,,Adaptive,23,216,0.072
3000,adaptive,,Adaptive,24,136,0.04533333333333334
3000,adaptive,,Adaptive,25,107,0.035666666666666666
3000,adaptive,,Adaptive,26,198,0.066
3000,adaptive,,Adaptive,27,269,0.08966666666666667
3000,adaptive,,Adaptive,28,21,0.007
3000,adaptive,,Adaptive,29,127,0.042333333333333334
3000,adaptive,,Adaptive,30,157,0.052333333333333336
3000,adaptive,,Adaptive,31,171,0.057
3000,adaptive,,Adaptive,32,274,0.09133333333333334
3000,adaptive,,Adaptive,33,373,0.12433333333333334
3000,adaptive,,Adaptive,34,239,0.07966666666666666
3000,adaptive,,Adaptive,35,114,0.038
3000,adaptive,,Adaptive,36,186,0.062
3000,adaptive,,Adaptive,37,145,0.04833333333333333
3000,adaptive,,Adaptive,38,160,0.05333333333333334
3000,adaptive,,Adaptive,39,210,0.07
3000,adaptive,,Adaptive,40,161,0.05366666666666667
3000,adaptive,,Adaptive,41,248,0.08266666666666667
3000,adaptive,,Adaptive,42,234,0.078
3000,adaptive,,Adaptive,43,197,0.06566666666666666
3000,adaptive,,Adaptive,44,295,0.09833333333333333
3000,adaptive,,Adaptive,45,133,0.044333333333333336
3000,adaptive,,Adaptive,46,296,0.09866666666666667
3000,adaptive,,Adaptive,47,137,0.04566666666666667
3000,adaptive,,Adaptive,48,147,0.049
3000,adaptive,,Adaptive,49,230,0.07666666666666666
3000,adaptive,,Adaptive,50,305,0.10166666666666667
3000,adaptive,,Adaptive,51,197,0.06566666666666666
3000,adaptive,,Adaptive,52,159,0.053
3000,adaptive,,Adaptive,53,208,0.06933333333333333
3000,adaptive,,Adaptive,54,139,0.04633333333333333
3000,adaptive,,Adaptive,55,323,0.10766666666666666
3000,adaptive,,Adaptive,56,247,0.08233333333333333
3000,adaptive,,Adaptive,57,295,0.09833333333333333
3000,adaptive,,Adaptive,58,116,0.03866666666666667
3000,adaptive,,Adaptive,59,297,0.099
3000,adaptive,,Adaptive,60,292,0.09733333333333333
3000,adaptive,,Adaptive,61,140,0.04666666666666667
3000,adaptive,,Adaptive,62,185,0.06166666666666667
3000,adaptive,,Adaptive,63,312,0.104
3000,adaptive,,Adaptive,64,284,0.09466666666666666
3000,adaptive,,Adaptive,65,294,0.098
3000,adaptive,,Adaptive,66,202,0.06733333333333333
3000,adaptive,,Adaptive,67,120,0.04
3000,adaptive,,Adaptive,68,100,0.03333333333333333
3000,adaptive,,Adaptive,69,114,0.038
3000,adaptive,,Adaptive,70,218,0.07266666666666667
3000,adaptive,,Adaptive,71,309,0.103
3000,adaptive,,Adaptive,72,331,0.11033333333333334
3000,adaptive,,Adaptive,73,142,0.04733333333333333
3000,adaptive,,Adaptive,74,222,0.074
3000,adaptive,,Adaptive,75,137,0.04566666666666667
3000,adaptive,,Adaptive,76,168,0.056
3000,adaptive,,Adaptive,77,195,0.065
3000,adaptive,,Adaptive,78,278,0.09266666666666666
3000,adaptive,,Adaptive,79,251,0.08366666666666667
3000,adaptive,,Adaptive,80,163,0.05433333333333333
3000,adaptive,,Adaptive,81,54,0.018
3000,adaptive,,Adaptive,82,290,0.09666666666666666
3000,adaptive,,Adaptive,83,197,0.06566666666666666
3000,adaptive,,Adaptive,84,195,0.065
3000,adaptive,,Adaptive,85,208,0.06933333333333333
3000,adaptive,,Adaptive,86,269,0.08966666666666667
3000,adaptive,,Adaptive,87,108,0.036
3000,adaptive,,Adaptive,88,165,0.055
3000,adaptive,,Adaptive,89,141,0.047
3000,adaptive,,Adaptive,90,14,0.004666666666666667
3000,adaptive,,Adaptive,91,162,0.054
3000,adaptive,,Adaptive,92,233,0.07766666666666666
3000,adaptive,,Adaptive,93,113,0.03766666666666667
3000,adaptive,,Adaptive,94,184,0.06133333333333333
3000,adaptive,,Adaptive,95,136,0.04533333333333334
3000,adaptive,,Adaptive,96,168,0.056
3000,adaptive,,Adaptive,97,274,0.09133333333333334
3000,adaptive,,Adaptive,98,343,0.11433333333333333
3000,adaptive,,Adaptive,99,150,0.05
3000,adaptive,,Adaptive,100,163,0.05433333333333333
3000,adaptive,,Adaptive,101,312,0.104
3000,adaptive,,Adaptive,102,168,0.056
3000,adaptive,,Adaptive,103,222,0.074
3000,adaptive,,Adaptive,104,241,0.08033333333333334
3000,adaptive,,Adaptive,105,176,0.058666666666666666
3000,adaptive,,Adaptive,106,129,0.043
3000,adaptive,,Adaptive,107,166,0.05533333333333333
3000,adaptive,,Adaptive,108,67,0.022333333333333334
3000,adaptive,,Adaptive,109,337,0.11233333333333333
3000,adaptive,,Adaptive,110,277,0.09233333333333334
3000,adaptive,,Adaptive,111,170,0.056666666666666664
3000,adaptive,,Adaptive,112,188,0.06266666666666666
3000,adaptive,,Adaptive,113,194,0.06466666666666666
3000,adaptive,,Adaptive,114,252,0.084
3000,adaptive,,Adaptive,115,196,0.06533333333333333
3000,adaptive,,Adaptive,116,171,0.057
3000,adaptive,,Adaptive,117,292,0.09733333333333333
3000,adaptive,,Adaptive,118,169,0.05633333333333333
3000,adaptive,,Adaptive,119,167,0.05566666666666667
3000,adaptive,,Adaptive,120,61,0.02033333333333333
3000,adaptive,,Adaptive,121,169,0.05633333333333333
3000,adaptive,,Adaptive,122,87,0.029
3000,adaptive,,Adaptive,123,0,0.0
3000,adaptive,,Adaptive,124,120,0.04
3000,adaptive,,Adaptive,125,212,0.07066666666666667
3000,adaptive,,Adaptive,126,244,0.08133333333333333
3000,adaptive,,Adaptive,127,203,0.06766666666666667
3000,adaptive,,Adaptive,128,131,0.043666666666666666
3000,adaptive,,Adaptive,129,223,0.07433333333333333
3000,adaptive,,Adaptive,130,388,0.12933333333333333
3000,adaptive,,Adaptive,131,307,0.10233333333333333
3000,adaptive,,Adaptive,132,127,0.042333333333333334
3000,adaptive,,Adaptive,133,191,0.06366666666666666
3000,adaptive,,Adaptive,134,57,0.019
3000,adaptive,,Adaptive,135,241,0.08033333333333334
3000,adaptive,,Adaptive,136,121,0.04033333333333333
3000,adaptive,,Adaptive,137,296,0.09866666666666667
3000,adaptive,,Adaptive,138,118,0.03933333333333333
3000,adaptive,,Adaptive,139,159,0.053
3000,adaptive,,Adaptive,140,181,0.060333333333333336
3000,adaptive,,Adaptive,141,98,0.03266666666666666
3000,adaptive,,Adaptive,142,124,0.04133333333333333
3000,adaptive,,Adaptive,143,329,0.10966666666666666
3000,adaptive,,Adaptive,144,53,0.017666666666666667
3000,adaptive,,Adaptive,145,162,0.054
3000,adaptive,,Adaptive,146,191,0.06366666666666666
3000,adaptive,,Adaptive,147,124,0.04133333333333333
3000,adaptive,,Adaptive,148,275,0.09166666666666666
3000,adaptive,,Adaptive,149,157,0.052333333333333336
3000,adaptive,,Adaptive,150,204,0.068
3000,adaptive,,Adaptive,151,110,0.03666666666666667
3000,adaptive,,Adaptive,152,153,0.051
3000,adaptive,,Adaptive,153,157,0.052333333333333336
3000,adaptive,,Adaptive,154,99,0.033
3000,adaptive,,Adaptive,155,278,0.09266666666666666
3000,adaptive,,Adaptive,156,230,0.07666666666666666
3000,adaptive,,Adaptive,157,228,0.076
3000,adaptive,,Adaptive,158,358,0.11933333333333333
3000,adaptive,,Adaptive,159,268,0.08933333333333333
3000,adaptive,,Adaptive,160,256,0.08533333333333333
3000,adaptive,,Adaptive,161,157,0.052333333333333336
3000,adaptive,,Adaptive,162,119,0.03966666666666667
3000,adaptive,,Adaptive,163,302,0.10066666666666667
3000,adaptive,,Adaptive,164,256,0.08533333333333333
3000,adaptive,,Adaptive,165,306,0.102
3000,adaptive,,Adaptive,166,153,0.051
3000,adaptive,,Adaptive,167,295,0.09833333333333333
3000,adaptive,,Adaptive,168,112,0.037333333333333336
3000,adaptive,,Adaptive,169,183,0.061
3000,adaptive,,Adaptive,170,197,0.06566666666666666
3000,adaptive,,Adaptive,171,264,0.088
3000,adaptive,,Adaptive,172,97,0.03233333333333333
3000,adaptive,,Adaptive,173,255,0.085
3000,adaptive,,Adaptive,174,276,0.092
3000,adaptive,,Adaptive,175,113,0.03766666666666667
3000,adaptive,,Adaptive,176,186,0.062
3000,adaptive,,Adaptive,177,120,0.04
3000,adaptive,,Adaptive,178,222,0.074
3000,adaptive,,Adaptive,179,157,0.052333333333333336
3000,adaptive,,Adaptive,180,196,0.06533333333333333
3000,adaptive,,Adaptive,181,231,0.077
3000,adaptive,,Adaptive,182,256,0.08533333333333333
3000,adaptive,,Adaptive,183,135,0.045
3000,adaptive,,Adaptive,184,182,0.06066666666666667
3000,adaptive,,Adaptive,185,181,0.060333333333333336
3000,adaptive,,Adaptive,186,96,0.032
3000,adaptive,,Adaptive,187,119,0.03966666666666667
3000,adaptive,,Adaptive,188,120,0.04
3000,adaptive,,Adaptive,189,166,0.05533333333333333
3000,adaptive,,Adaptive,190,210,0.07
3000,adaptive,,Adaptive,191,220,0.07333333333333333
3000,adaptive,,Adaptive,192,92,0.030666666666666665
3000,adaptive,,Adaptive,193,340,0.11333333333333333
3000,adaptive,,Adaptive,194,251,0.08366666666666667
3000,adaptive,,Adaptive,195,193,0.06433333333333334
3000,adaptive,,Adaptive,196,276,0.092
3000,adaptive,,Adaptive,197,86,0.028666666666666667
3000,adaptive,,Adaptive,198,292,0.09733333333333333
3000,adaptive,,Adaptive,199,328,0.10933333333333334
3000,adaptive,,Adaptive,200,185,0.06166666666666667
3000,adaptive,,Adaptive,201,440,0.14666666666666667
3000,adaptive,,Adaptive,202,107,0.035666666666666666
3000,adaptive,,Adaptive,203,126,0.042
3000,adaptive,,Adaptive,204,141,0.047
3000,adaptive,,Adaptive,205,169,0.05633333333333333
3000,adaptive,,Adaptive,206,224,0.07466666666666667
3000,adaptive,,Adaptive,207,374,0.12466666666666666
3000,adaptive,,Adaptive,208,340,0.11333333333333333
3000,adaptive,,Adaptive,209,36,0.012
3000,adaptive,,Adaptive,210,148,0.04933333333333333
3000,adaptive,,Adaptive,211,254,0.08466666666666667
3000,adaptive,,Adaptive,212,0,0.0
3000,adaptive,,Adaptive,213,243,0.081
3000,adaptive,,Adaptive,214,242,0.08066666666666666
3000,adaptive,,Adaptive,215,366,0.122
3000,adaptive,,Adaptive,216,170,0.056666666666666664
3000,adaptive,,Adaptive,217,260,0.08666666666666667
3000,adaptive,,Adaptive,218,118,0.03933333333333333
3000,adaptive,,Adaptive,219,259,0.08633333333333333
3000,adaptive,,Adaptive,220,147,0.049
3000,adaptive,,Adaptive,221,357,0.119
3000,adaptive,,Adaptive,222,267,0.089
3000,adaptive,,Adaptive,223,46,0.015333333333333332
3000,adaptive,,Adaptive,224,158,0.05266666666666667
3000,adaptive,,Adaptive,225,116,0.03866666666666667
3000,adaptive,,Adaptive,226,169,0.05633333333333333
3000,adaptive,,Adaptive,227,114,0.038
3000,adaptive,,Adaptive,228,154,0.051333333333333335
3000,adaptive,,Adaptive,229,163,0.05433333333333333
3000,adaptive,,Adaptive,230,187,0.06233333333333333
3000,adaptive,,Adaptive,231,102,0.034
3000,adaptive,,Adaptive,232,131,0.043666666666666666
3000,adaptive,,Adaptive,233,170,0.056666666666666664
3000,adaptive,,Adaptive,234,315,0.105
3000,adaptive,,Adaptive,235,389,0.12966666666666668
3000,adaptive,,Adaptive,236,234,0.078
3000,adaptive,,Adaptive,237,182,0.06066666666666667
3000,adaptive,,Adaptive,238,265,0.08833333333333333
3000,adaptive,,Adaptive,239,153,0.051
3000,adaptive,,Adaptive,240,165,0.055
3000,adaptive,,Adaptive,241,154,0.051333333333333335
3000,adaptive,,Adaptive,242,151,0.050333333333333334
3000,adaptive,,Adaptive,243,184,0.06133333333333333
3000,adaptive,,Adaptive,244,307,0.10233333333333333
3000,adaptive,,Adaptive,245,215,0.07166666666666667
3000,adaptive,,Adaptive,246,236,0.07866666666666666
3000,adaptive,,Adaptive,247,216,0.072
3000,adaptive,,Adaptive,248,232,0.07733333333333334
3000,adaptive,,Adaptive,249,266,0.08866666666666667
3000,adaptive,,Adaptive,250,82,0.027333333333333334
3000,adaptive,,Adaptive,251,198,0.066
3000,adaptive,,Adaptive,252,65,0.021666666666666667
3000,adaptive,,Adaptive,253,264,0.088
3000,adaptive,,Adaptive,254,109,0.036333333333333336
3000,adaptive,,Adaptive,255,195,0.065
3000,adaptive,,Adaptive,256,316,0.10533333333333333
3000,adaptive,,Adaptive,257,178,0.059333333333333335
3000,adaptive,,Adaptive,258,148,0.04933333333333333
3000,adaptive,,Adaptive,259,148,0.04933333333333333
3000,adaptive,,Adaptive,260,199,0.06633333333333333
3000,adaptive,,Adaptive,261,63,0.021
3000,adaptive,,Adaptive,262,207,0.069
3000,adaptive,,Adaptive,263,202,0.06733333333333333
3000,adaptive,,Adaptive,264,359,0.11966666666666667
3000,adaptive,,Adaptive,265,325,0.10833333333333334
3000,adaptive,,Adaptive,266,157,0.052333333333333336
3000,adaptive,,Adaptive,267,277,0.09233333333333334
3000,adaptive,,Adaptive,268,182,0.06066666666666667
3000,adaptive,,Adaptive,269,228,0.076
3000,adaptive,,Adaptive,270,119,0.03966666666666667
3000,adaptive,,Adaptive,271,178,0.059333333333333335
3000,adaptive,,Adaptive,272,101,0.033666666666666664
3000,adaptive,,Adaptive,273,159,0.053
3000,adaptive,,Adaptive,274,134,0.04466666666666667
3000,adaptive,,Adaptive,275,114,0.038
3000,adaptive,,Adaptive,276,223,0.07433333333333333
3000,adaptive,,Adaptive,277,215,0.07166666666666667
3000,adaptive,,Adaptive,278,195,0.065
3000,adaptive,,Adaptive,279,149,0.049666666666666665
3000,adaptive,,Adaptive,280,78,0.026
3000,adaptive,,Adaptive,281,119,0.03966666666666667
3000,adaptive,,Adaptive,282,140,0.04666666666666667
3000,adaptive,,Adaptive,283,124,0.04133333333333333
3000,adaptive,,Adaptive,284,166,0.05533333333333333
3000,adaptive,,Adaptive,285,280,0.09333333333333334
3000,adaptive,,Adaptive,286,116,0.03866666666666667
3000,adaptive,,Adaptive,287,172,0.05733333333333333
3000,adaptive,,Adaptive,288,183,0.061
3000,adaptive,,Adaptive,289,264,0.088
3000,adaptive,,Adaptive,290,230,0.07666666666666666
3000,adaptive,,Adaptive,291,244,0.08133333333333333
3000,adaptive,,Adaptive,292,236,0.07866666666666666
3000,adaptive,,Adaptive,293,57,0.019
3000,adaptive,,Adaptive,294,205,0.06833333333333333
3000,adaptive,,Adaptive,295,144,0.048
3000,adaptive,,Adaptive,296,55,0.018333333333333333
3000,adaptive,,Adaptive,297,163,0.05433333333333333
3000,adaptive,,Adaptive,298,310,0.10333333333333333
3000,adaptive,,Adaptive,299,85,0.028333333333333332
3000,adaptive,,Adaptive,300,136,0.04533333333333334
3000,adaptive,,Adaptive,301,122,0.04066666666666666
3000,adaptive,,Adaptive,302,287,0.09566666666666666
3000,adaptive,,Adaptive,303,147,0.049
3000,adaptive,,Adaptive,304,203,0.06766666666666667
3000,adaptive,,Adaptive,305,265,0.08833333333333333
3000,adaptive,,Adaptive,306,99,0.033
3000,adaptive,,Adaptive,307,228,0.076
3000,adaptive,,Adaptive,308,158,0.05266666666666667
3000,adaptive,,Adaptive,309,150,0.05
3000,adaptive,,Adaptive,310,226,0.07533333333333334
3000,adaptive,,Adaptive,311,169,0.05633333333333333
3000,adaptive,,Adaptive,312,277,0.09233333333333334
3000,adaptive,,Adaptive,313,94,0.03133333333333333
3000,adaptive,,Adaptive,314,205,0.06833333333333333
3000,adaptive,,Adaptive,315,203,0.06766666666666667
3000,adaptive,,Adaptive,316,156,0.052
3000,adaptive,,Adaptive,317,221,0.07366666666666667
3000,adaptive,,Adaptive,318,69,0.023
3000,adaptive,,Adaptive,319,292,0.09733333333333333
3000,adaptive,,Adaptive,320,186,0.062
3000,adaptive,,Adaptive,321,209,0.06966666666666667
3000,adaptive,,Adaptive,322,78,0.026
3000,adaptive,,Adaptive,323,278,0.09266666666666666
3000,adaptive,,Adaptive,324,44,0.014666666666666666
3000,adaptive,,Adaptive,325,313,0.10433333333333333
3000,adaptive,,Adaptive,326,245,0.08166666666666667
3000,adaptive,,Adaptive,327,110,0.03666666666666667
3000,adaptive,,Adaptive,328,120,0.04
3000,adaptive,,Adaptive,329,331,0.11033333333333334
3000,adaptive,,Adaptive,330,141,0.047
3000,adaptive,,Adaptive,331,271,0.09033333333333333
3000,adaptive,,Adaptive,332,224,0.07466666666666667
3000,adaptive,,Adaptive,333,352,0.11733333333333333
3000,adaptive,,Adaptive,334,265,0.08833333333333333
3000,adaptive,,Adaptive,335,0,0.0
3000,adaptive,,Adaptive,336,190,0.06333333333333334
3000,adaptive,,Adaptive,337,229,0.07633333333333334
3000,adaptive,,Adaptive,338,133,0.044333333333333336
3000,adaptive,,Adaptive,339,215,0.07166666666666667
3000,adaptive,,Adaptive,340,225,0.075
3000,adaptive,,Adaptive,341,132,0.044
3000,adaptive,,Adaptive,342,195,0.065
3000,adaptive,,Adaptive,343,193,0.06433333333333334
3000,adaptive,,Adaptive,344,107,0.035666666666666666
3000,adaptive,,Adaptive,345,254,0.08466666666666667
3000,adaptive,,Adaptive,346,84,0.028
3000,adaptive,,Adaptive,347,305,0.10166666666666667
3000,adaptive,,Adaptive,348,339,0.113
3000,adaptive,,Adaptive,349,231,0.077
3000,adaptive,,Adaptive,350,153,0.051
3000,adaptive,,Adaptive,351,310,0.10333333333333333
3000,adaptive,,Adaptive,352,224,0.07466666666666667
3000,adaptive,,Adaptive,353,67,0.022333333333333334
3000,adaptive,,Adaptive,354,41,0.013666666666666667
3000,adaptive,,Adaptive,355,298,0.09933333333333333
3000,adaptive,,Adaptive,356,187,0.06233333333333333
3000,adaptive,,Adaptive,357,282,0.094
3000,adaptive,,Adaptive,358,269,0.08966666666666667
3000,adaptive,,Adaptive,359,305,0.10166666666666667
3000,adaptive,,Adaptive,360,280,0.09333333333333334
3000,adaptive,,Adaptive,361,280,0.09333333333333334
3000,adaptive,,Adaptive,362,150,0.05
3000,adaptive,,Adaptive,363,237,0.079
3000,adaptive,,Adaptive,364,110,0.03666666666666667
3000,adaptive,,Adaptive,365,197,0.06566666666666666
3000,adaptive,,Adaptive,366,141,0.047
3000,adaptive,,Adaptive,367,205,0.06833333333333333
3000,adaptive,,Adaptive,368,132,0.044
3000,adaptive,,Adaptive,369,182,0.06066666666666667
3000,adaptive,,Adaptive,370,283,0.09433333333333334
3000,adaptive,,Adaptive,371,175,0.058333333333333334
3000,adaptive,,Adaptive,372,149,0.049666666666666665
3000,adaptive,,Adaptive,373,122,0.04066666666666666
3000,adaptive,,Adaptive,374,308,0.10266666666666667
3000,adaptive,,Adaptive,375,231,0.077
3000,adaptive,,Adaptive,376,237,0.079
3000,adaptive,,Adaptive,377,130,0.043333333333333335
3000,adaptive,,Adaptive,378,120,0.04
3000,adaptive,,Adaptive,379,262,0.08733333333333333
3000,adaptive,,Adaptive,380,236,0.07866666666666666
3000,adaptive,,Adaptive,381,168,0.056
3000,adaptive,,Adaptive,382,123,0.041
3000,adaptive,,Adaptive,383,225,0.075
3000,adaptive,,Adaptive,384,136,0.04533333333333334
3000,adaptive,,Adaptive,385,130,0.043333333333333335
3000,adaptive,,Adaptive,386,375,0.125
3000,adaptive,,Adaptive,387,225,0.075
3000,adaptive,,Adaptive,388,166,0.05533333333333333
3000,adaptive,,Adaptive,389,80,0.02666666666666667
3000,adaptive,,Adaptive,390,169,0.05633333333333333
3000,adaptive,,Adaptive,391,122,0.04066666666666666
3000,adaptive,,Adaptive,392,208,0.06933333333333333
3000,adaptive,,Adaptive,393,174,0.058
3000,adaptive,,Adaptive,394,152,0.050666666666666665
3000,adaptive,,Adaptive,395,294,0.098
3000,adaptive,,Adaptive,396,174,0.058
3000,adaptive,,Adaptive,397,247,0.08233333333333333
3000,adaptive,,Adaptive,398,182,0.06066666666666667
3000,adaptive,,Adaptive,399,218,0.07266666666666667
3000,adaptive,,Adaptive,400,0,0.0
3000,adaptive,,Adaptive,401,100,0.03333333333333333
3000,adaptive,,Adaptive,402,175,0.058333333333333334
3000,adaptive,,Adaptive,403,77,0.025666666666666667
3000,adaptive,,Adaptive,404,257,0.08566666666666667
3000,adaptive,,Adaptive,405,179,0.059666666666666666
3000,adaptive,,Adaptive,406,199,0.06633333333333333
3000,adaptive,,Adaptive,407,211,0.07033333333333333
3000,adaptive,,Adaptive,408,213,0.071
3000,adaptive,,Adaptive,409,258,0.086
3000,adaptive,,Adaptive,410,238,0.07933333333333334
3000,adaptive,,Adaptive,411,231,0.077
3000,adaptive,,Adaptive,412,181,0.060333333333333336
3000,adaptive,,Adaptive,413,261,0.087
3000,adaptive,,Adaptive,414,262,0.08733333333333333
3000,adaptive,,Adaptive,415,275,0.09166666666666666
3000,adaptive,,Adaptive,416,121,0.04033333333333333
3000,adaptive,,Adaptive,417,162,0.054
3000,adaptive,,Adaptive,418,260,0.08666666666666667
3000,adaptive,,Adaptive,419,66,0.022
3000,adaptive,,Adaptive,420,47,0.015666666666666666
3000,adaptive,,Adaptive,421,47,0.015666666666666666
3000,adaptive,,Adaptive,422,212,0.07066666666666667
3000,adaptive,,Adaptive,423,146,0.048666666666666664
3000,adaptive,,Adaptive,424,74,0.024666666666666667
3000,adaptive,,Adaptive,425,137,0.04566666666666667
3000,adaptive,,Adaptive,426,155,0.051666666666666666
3000,adaptive,,Adaptive,427,145,0.04833333333333333
3000,adaptive,,Adaptive,428,185,0.06166666666666667
3000,adaptive,,Adaptive,429,192,0.064
3000,adaptive,,Adaptive,430,215,0.07166666666666667
3000,adaptive,,Adaptive,431,174,0.058
3000,adaptive,,Adaptive,432,174,0.058
3000,adaptive,,Adaptive,433,170,0.056666666666666664
3000,adaptive,,Adaptive,434,259,0.08633333333333333
3000,adaptive,,Adaptive,435,211,0.07033333333333333
3000,adaptive,,Adaptive,436,228,0.076
3000,adaptive,,Adaptive,437,151,0.050333333333333334
3000,adaptive,,Adaptive,438,110,0.03666666666666667
3000,adaptive,,Adaptive,439,142,0.04733333333333333
3000,adaptive,,Adaptive,440,304,0.10133333333333333
3000,adaptive,,Adaptive,441,301,0.10033333333333333
3000,adaptive,,Adaptive,442,231,0.077
3000,adaptive,,Adaptive,443,259,0.08633333333333333
3000,adaptive,,Adaptive,444,93,0.031
3000,adaptive,,Adaptive,445,274,0.09133333333333334
3000,adaptive,,Adaptive,446,108,0.036
3000,adaptive,,Adaptive,447,55,0.018333333333333333
3000,adaptive,,Adaptive,448,274,0.09133333333333334
3000,adaptive,,Adaptive,449,266,0.08866666666666667
3000,adaptive,,Adaptive,450,260,0.08666666666666667
3000,adaptive,,Adaptive,451,270,0.09
3000,adaptive,,Adaptive,452,182,0.06066666666666667
3000,adaptive,,Adaptive,453,239,0.07966666666666666
3000,adaptive,,Adaptive,454,116,0.03866666666666667
3000,adaptive,,Adaptive,455,156,0.052
3000,adaptive,,Adaptive,456,181,0.060333333333333336
3000,adaptive,,Adaptive,457,234,0.078
3000,adaptive,,Adaptive,458,183,0.061
3000,adaptive,,Adaptive,459,332,0.11066666666666666
3000,adaptive,,Adaptive,460,105,0.035
3000,adaptive,,Adaptive,461,210,0.07
3000,adaptive,,Adaptive,462,186,0.062
3000,adaptive,,Adaptive,463,183,0.061
3000,adaptive,,Adaptive,464,215,0.07166666666666667
3000,adaptive,,Adaptive,465,153,0.051
3000,adaptive,,Adaptive,466,139,0.04633333333333333
3000,adaptive,,Adaptive,467,187,0.06233333333333333
3000,adaptive,,Adaptive,468,214,0.07133333333333333
3000,adaptive,,Adaptive,469,148,0.04933333333333333
3000,adaptive,,Adaptive,470,154,0.051333333333333335
3000,adaptive,,Adaptive,471,125,0.041666666666666664
3000,adaptive,,Adaptive,472,187,0.06233333333333333
3000,adaptive,,Adaptive,473,240,0.08
3000,adaptive,,Adaptive,474,251,0.08366666666666667
3000,adaptive,,Adaptive,475,265,0.08833333333333333
3000,adaptive,,Adaptive,476,103,0.034333333333333334
3000,adaptive,,Adaptive,477,268,0.08933333333333333
3000,adaptive,,Adaptive,478,251,0.08366666666666667
3000,adaptive,,Adaptive,479,184,0.06133333333333333
3000,adaptive,,Adaptive,480,268,0.08933333333333333
3000,adaptive,,Adaptive,481,147,0.049
3000,adaptive,,Adaptive,482,148,0.04933333333333333
3000,adaptive,,Adaptive,483,66,0.022
3000,adaptive,,Adaptive,484,179,0.059666666666666666
3000,adaptive,,Adaptive,485,181,0.060333333333333336
3000,adaptive,,Adaptive,486,162,0.054
3000,adaptive,,Adaptive,487,63,0.021
3000,adaptive,,Adaptive,488,200,0.06666666666666667
3000,adaptive,,Adaptive,489,240,0.08
3000,adaptive,,Adaptive,490,216,0.072
3000,adaptive,,Adaptive,491,211,0.07033333333333333
3000,adaptive,,Adaptive,492,142,0.04733333333333333
3000,adaptive,,Adaptive,493,164,0.05466666666666667
3000,adaptive,,Adaptive,494,201,0.067
3000,adaptive,,Adaptive,495,108,0.036
3000,adaptive,,Adaptive,496,57,0.019
3000,adaptive,,Adaptive,497,244,0.08133333333333333
3000,adaptive,,Adaptive,498,247,0.08233333333333333
3000,adaptive,,Adaptive,499,176,0.058666666666666666
3000,adaptive,,Adaptive,500,230,0.07666666666666666
3000,adaptive,,Adaptive,501,227,0.07566666666666666
3000,adaptive,,Adaptive,502,192,0.064
3000,adaptive,,Adaptive,503,143,0.04766666666666667
3000,adaptive,,Adaptive,504,182,0.06066666666666667
3000,adaptive,,Adaptive,505,342,0.114
3000,adaptive,,Adaptive,506,160,0.05333333333333334
3000,adaptive,,Adaptive,507,148,0.04933333333333333
3000,adaptive,,Adaptive,508,217,0.07233333333333333
3000,adaptive,,Adaptive,509,127,0.042333333333333334
3000,adaptive,,Adaptive,510,238,0.07933333333333334
3000,adaptive,,Adaptive,511,316,0.10533333333333333
3000,adaptive,,Adaptive,512,283,0.09433333333333334
3000,adaptive,,Adaptive,513,112,0.037333333333333336
3000,adaptive,,Adaptive,514,170,0.056666666666666664
3000,adaptive,,Adaptive,515,251,0.08366666666666667
3000,adaptive,,Adaptive,516,268,0.08933333333333333
3000,adaptive,,Adaptive,517,60,0.02
3000,adaptive,,Adaptive,518,287,0.09566666666666666
3000,adaptive,,Adaptive,519,234,0.078
3000,adaptive,,Adaptive,520,372,0.124
3000,adaptive,,Adaptive,521,208,0.06933333333333333
3000,adaptive,,Adaptive,522,159,0.053
3000,adaptive,,Adaptive,523,304,0.10133333333333333
3000,adaptive,,Adaptive,524,282,0.094
3000,adaptive,,Adaptive,525,175,0.058333333333333334
3000,adaptive,,Adaptive,526,407,0.13566666666666666
3000,adaptive,,Adaptive,527,319,0.10633333333333334
3000,adaptive,,Adaptive,528,247,0.08233333333333333
3000,adaptive,,Adaptive,529,164,0.05466666666666667
3000,adaptive,,Adaptive,530,47,0.015666666666666666
3000,adaptive,,Adaptive,531,177,0.059
3000,adaptive,,Adaptive,532,85,0.028333333333333332
3000,adaptive,,Adaptive,533,194,0.06466666666666666
3000,adaptive,,Adaptive,534,114,0.038
3000,adaptive,,Adaptive,535,191,0.06366666666666666
3000,adaptive,,Adaptive,536,148,0.04933333333333333
3000,adaptive,,Adaptive,537,402,0.134
3000,adaptive,,Adaptive,538,241,0.08033333333333334
3000,adaptive,,Adaptive,539,354,0.118
3000,adaptive,,Adaptive,540,206,0.06866666666666667
3000,adaptive,,Adaptive,541,194,0.06466666666666666
3000,adaptive,,Adaptive,542,264,0.088
3000,adaptive,,Adaptive,543,101,0.033666666666666664
3000,adaptive,,Adaptive,544,107,0.035666666666666666
3000,adaptive,,Adaptive,545,224,0.07466666666666667
3000,adaptive,,Adaptive,546,325,0.10833333333333334
3000,adaptive,,Adaptive,547,193,0.06433333333333334
3000,adaptive,,Adaptive,548,197,0.06566666666666666
3000,adaptive,,Adaptive,549,149,0.049666666666666665
3000,adaptive,,Adaptive,550,181,0.060333333333333336
3000,adaptive,,Adaptive,551,160,0.05333333333333334
3000,adaptive,,Adaptive,552,100,0.03333333333333333
3000,adaptive,,Adaptive,553,195,0.065
3000,adaptive,,Adaptive,554,190,0.06333333333333334
3000,adaptive,,Adaptive,555,260,0.08666666666666667
3000,adaptive,,Adaptive,556,203,0.06766666666666667
3000,adaptive,,Adaptive,557,290,0.09666666666666666
3000,adaptive,,Adaptive,558,198,0.066
3000,adaptive,,Adaptive,559,135,0.045
3000,adaptive,,Adaptive,560,249,0.083
3000,adaptive,,Adaptive,561,190,0.06333333333333334
3000,adaptive,,Adaptive,562,182,0.06066666666666667
3000,adaptive,,Adaptive,563,167,0.05566666666666667
3000,adaptive,,Adaptive,564,178,0.059333333333333335
3000,adaptive,,Adaptive,565,125,0.041666666666666664
3000,adaptive,,Adaptive,566,362,0.12066666666666667
3000,adaptive,,Adaptive,567,152,0.050666666666666665
3000,adaptive,,Adaptive,568,81,0.027
3000,adaptive,,Adaptive,569,222,0.074
3000,adaptive,,Adaptive,570,189,0.063
3000,adaptive,,Adaptive,571,222,0.074
3000,adaptive,,Adaptive,572,181,0.060333333333333336
3000,adaptive,,Adaptive,573,189,0.063
3000,adaptive,,Adaptive,574,330,0.11
3000,adaptive,,Adaptive,575,222,0.074
3000,adaptive,,Adaptive,576,145,0.04833333333333333
3000,adaptive,,Adaptive,577,146,0.048666666666666664
3000,adaptive,,Adaptive,578,261,0.087
3000,adaptive,,Adaptive,579,242,0.08066666666666666
3000,adaptive,,Adaptive,580,132,0.044
3000,adaptive,,Adaptive,581,55,0.018333333333333333
3000,adaptive,,Adaptive,582,291,0.097
3000,adaptive,,Adaptive,583,281,0.09366666666666666
3000,adaptive,,Adaptive,584,291,0.097
3000,adaptive,,Adaptive,585,227,0.07566666666666666
3000,adaptive,,Adaptive,586,254,0.08466666666666667
3000,adaptive,,Adaptive,587,214,0.07133333333333333
3000,adaptive,,Adaptive,588,204,0.068
3000,adaptive,,Adaptive,589,189,0.063
3000,adaptive,,Adaptive,590,130,0.043333333333333335
3000,adaptive,,Adaptive,591,180,0.06
3000,adaptive,,Adaptive,592,206,0.06866666666666667
3000,adaptive,,Adaptive,593,138,0.046
3000,adaptive,,Adaptive,594,98,0.03266666666666666
3000,adaptive,,Adaptive,595,82,0.027333333333333334
3000,adaptive,,Adaptive,596,234,0.078
3000,adaptive,,Adaptive,597,83,0.027666666666666666
3000,adaptive,,Adaptive,598,166,0.05533333333333333
3000,adaptive,,Adaptive,599,205,0.06833333333333333
3000,adaptive,,Adaptive,600,137,0.04566666666666667
3000,adaptive,,Adaptive,601,259,0.08633333333333333
3000,adaptive,,Adaptive,602,317,0.10566666666666667
3000,adaptive,,Adaptive,603,110,0.03666666666666667
3000,adaptive,,Adaptive,604,263,0.08766666666666667
3000,adaptive,,Adaptive,605,169,0.05633333333333333
3000,adaptive,,Adaptive,606,165,0.055
3000,adaptive,,Adaptive,607,208,0.06933333333333333
3000,adaptive,,Adaptive,608,121,0.04033333333333333
3000,adaptive,,Adaptive,609,160,0.05333333333333334
3000,adaptive,,Adaptive,610,186,0.062
3000,adaptive,,Adaptive,611,253,0.08433333333333333
3000,adaptive,,Adaptive,612,189,0.063
3000,adaptive,,Adaptive,613,96,0.032
3000,adaptive,,Adaptive,614,193,0.06433333333333334
3000,adaptive,,Adaptive,615,212,0.07066666666666667
3000,adaptive,,Adaptive,616,127,0.042333333333333334
3000,adaptive,,Adaptive,617,159,0.053
3000,adaptive,,Adaptive,618,286,0.09533333333333334
3000,adaptive,,Adaptive,619,116,0.03866666666666667
3000,adaptive,,Adaptive,620,257,0.08566666666666667
3000,adaptive,,Adaptive,621,154,0.051333333333333335
3000,adaptive,,Adaptive,622,329,0.10966666666666666
3000,adaptive,,Adaptive,623,218,0.07266666666666667
3000,adaptive,,Adaptive,624,202,0.06733333333333333
3000,adaptive,,Adaptive,625,233,0.07766666666666666
3000,adaptive,,Adaptive,626,220,0.07333333333333333
3000,adaptive,,Adaptive,627,182,0.06066666666666667
3000,adaptive,,Adaptive,628,180,0.06
3000,adaptive,,Adaptive,629,144,0.048
3000,adaptive,,Adaptive,630,267,0.089
3000,adaptive,,Adaptive,631,259,0.08633333333333333
3000,adaptive,,Adaptive,632,279,0.093
3000,adaptive,,Adaptive,633,294,0.098
3000,adaptive,,Adaptive,634,248,0.08266666666666667
3000,adaptive,,Adaptive,635,90,0.03
3000,adaptive,,Adaptive,636,78,0.026
3000,adaptive,,Adaptive,637,184,0.06133333333333333
3000,adaptive,,Adaptive,638,249,0.083
3000,adaptive,,Adaptive,639,211,0.07033333333333333
3000,adaptive,,Adaptive,640,185,0.06166666666666667
3000,adaptive,,Adaptive,641,378,0.126
3000,adaptive,,Adaptive,642,239,0.07966666666666666
3000,adaptive,,Adaptive,643,170,0.056666666666666664
3000,adaptive,,Adaptive,644,144,0.048
3000,adaptive,,Adaptive,645,132,0.044
3000,adaptive,,Adaptive,646,134,0.04466666666666667
3000,adaptive,,Adaptive,647,248,0.08266666666666667
3000,adaptive,,Adaptive,648,143,0.04766666666666667
3000,adaptive,,Adaptive,649,98,0.03266666666666666
3000,adaptive,,Adaptive,650,426,0.142
3000,adaptive,,Adaptive,651,173,0.057666666666666665
3000,adaptive,,Adaptive,652,199,0.06633333333333333
3000,adaptive,,Adaptive,653,162,0.054
3000,adaptive,,Adaptive,654,241,0.08033333333333334
3000,adaptive,,Adaptive,655,142,0.04733333333333333
3000,adaptive,,Adaptive,656,277,0.09233333333333334
3000,adaptive,,Adaptive,657,160,0.05333333333333334
3000,adaptive,,Adaptive,658,118,0.03933333333333333
3000,adaptive,,Adaptive,659,140,0.04666666666666667
3000,adaptive,,Adaptive,660,301,0.10033333333333333
3000,adaptive,,Adaptive,661,166,0.05533333333333333
3000,adaptive,,Adaptive,662,175,0.058333333333333334
3000,adaptive,,Adaptive,663,258,0.086
3000,adaptive,,Adaptive,664,279,0.093
3000,adaptive,,Adaptive,665,220,0.07333333333333333
3000,adaptive,,Adaptive,666,153,0.051
3000,adaptive,,Adaptive,667,157,0.052333333333333336
3000,adaptive,,Adaptive,668,257,0.08566666666666667
3000,adaptive,,Adaptive,669,190,0.06333333333333334
3000,adaptive,,Adaptive,670,190,0.06333333333333334
3000,adaptive,,Adaptive,671,212,0.07066666666666667
3000,adaptive,,Adaptive,672,206,0.06866666666666667
3000,adaptive,,Adaptive,673,192,0.064
3000,adaptive,,Adaptive,674,283,0.09433333333333334
3000,adaptive,,Adaptive,675,285,0.095
3000,adaptive,,Adaptive,676,161,0.05366666666666667
3000,adaptive,,Adaptive,677,188,0.06266666666666666
3000,adaptive,,Adaptive,678,59,0.019666666666666666
3000,adaptive,,Adaptive,679,223,0.07433333333333333
3000,adaptive,,Adaptive,680,179,0.059666666666666666
3000,adaptive,,Adaptive,681,176,0.058666666666666666
3000,adaptive,,Adaptive,682,125,0.041666666666666664
3000,adaptive,,Adaptive,683,183,0.061
3000,adaptive,,Adaptive,684,116,0.03866666666666667
3000,adaptive,,Adaptive,685,88,0.029333333333333333
3000,adaptive,,Adaptive,686,117,0.039
3000,adaptive,,Adaptive,687,298,0.09933333333333333
3000,adaptive,,Adaptive,688,227,0.07566666666666666
3000,adaptive,,Adaptive,689,224,0.07466666666666667
3000,adaptive,,Adaptive,690,203,0.06766666666666667
3000,adaptive,,Adaptive,691,202,0.06733333333333333
3000,adaptive,,Adaptive,692,108,0.036
3000,adaptive,,Adaptive,693,376,0.12533333333333332
3000,adaptive,,Adaptive,694,203,0.06766666666666667
3000,adaptive,,Adaptive,695,68,0.02266666666666667
3000,adaptive,,Adaptive,696,257,0.08566666666666667
3000,adaptive,,Adaptive,697,149,0.049666666666666665
3000,adaptive,,Adaptive,698,135,0.045
3000,adaptive,,Adaptive,699,46,0.015333333333333332
3000,adaptive,,Adaptive,700,237,0.079
3000,adaptive,,Adaptive,701,356,0.11866666666666667
3000,adaptive,,Adaptive,702,364,0.12133333333333333
3000,adaptive,,Adaptive,703,279,0.093
3000,adaptive,,Adaptive,704,138,0.046
3000,adaptive,,Adaptive,705,152,0.050666666666666665
3000,adaptive,,Adaptive,706,276,0.092
3000,adaptive,,Adaptive,707,199,0.06633333333333333
3000,adaptive,,Adaptive,708,273,0.091
3000,adaptive,,Adaptive,709,282,0.094
3000,adaptive,,Adaptive,710,146,0.048666666666666664
3000,adaptive,,Adaptive,711,209,0.06966666666666667
3000,adaptive,,Adaptive,712,228,0.076
3000,adaptive,,Adaptive,713,183,0.061
3000,adaptive,,Adaptive,714,373,0.12433333333333334
3000,adaptive,,Adaptive,715,265,0.08833333333333333
3000,adaptive,,Adaptive,716,205,0.06833333333333333
3000,adaptive,,Adaptive,717,250,0.08333333333333333
3000,adaptive,,Adaptive,718,223,0.07433333333333333
3000,adaptive,,Adaptive,719,193,0.06433333333333334
3000,adaptive,,Adaptive,720,32,0.010666666666666666
3000,adaptive,,Adaptive,721,191,0.06366666666666666
3000,adaptive,,Adaptive,722,100,0.03333333333333333
3000,adaptive,,Adaptive,723,138,0.046
3000,adaptive,,Adaptive,724,156,0.052
3000,adaptive,,Adaptive,725,172,0.05733333333333333
3000,adaptive,,Adaptive,726,156,0.052
3000,adaptive,,Adaptive,727,233,0.07766666666666666
3000,adaptive,,Adaptive,728,112,0.037333333333333336
3000,adaptive,,Adaptive,729,68,0.02266666666666667
3000,adaptive,,Adaptive,730,82,0.027333333333333334
3000,adaptive,,Adaptive,731,280,0.09333333333333334
3000,adaptive,,Adaptive,732,207,0.069
3000,adaptive,,Adaptive,733,215,0.07166666666666667
3000,adaptive,,Adaptive,734,235,0.07833333333333334
3000,adaptive,,Adaptive,735,184,0.06133333333333333
3000,adaptive,,Adaptive,736,303,0.101
3000,adaptive,,Adaptive,737,228,0.076
3000,adaptive,,Adaptive,738,288,0.096
3000,adaptive,,Adaptive,739,143,0.04766666666666667
3000,adaptive,,Adaptive,740,263,0.08766666666666667
3000,adaptive,,Adaptive,741,249,0.083
3000,adaptive,,Adaptive,742,178,0.059333333333333335
3000,adaptive,,Adaptive,743,182,0.06066666666666667
3000,adaptive,,Adaptive,744,343,0.11433333333333333
3000,adaptive,,Adaptive,745,300,0.1
3000,adaptive,,Adaptive,746,207,0.069
3000,adaptive,,Adaptive,747,237,0.079
3000,adaptive,,Adaptive,748,333,0.111
3000,adaptive,,Adaptive,749,166,0.05533333333333333
3000,adaptive,,Adaptive,750,195,0.065
3000,adaptive,,Adaptive,751,269,0.08966666666666667
3000,adaptive,,Adaptive,752,295,0.09833333333333333
3000,adaptive,,Adaptive,753,174,0.058
3000,adaptive,,Adaptive,754,321,0.107
3000,adaptive,,Adaptive,755,191,0.06366666666666666
3000,adaptive,,Adaptive,756,177,0.059
3000,adaptive,,Adaptive,757,154,0.051333333333333335
3000,adaptive,,Adaptive,758,131,0.043666666666666666
3000,adaptive,,Adaptive,759,296,0.09866666666666667
3000,adaptive,,Adaptive,760,223,0.07433333333333333
3000,adaptive,,Adaptive,761,231,0.077
3000,adaptive,,Adaptive,762,190,0.06333333333333334
3000,adaptive,,Adaptive,763,326,0.10866666666666666
3000,adaptive,,Adaptive,764,141,0.047
3000,adaptive,,Adaptive,765,182,0.06066666666666667
3000,adaptive,,Adaptive,766,307,0.10233333333333333
3000,adaptive,,Adaptive,767,187,0.06233333333333333
3000,adaptive,,Adaptive,768,92,0.030666666666666665
3000,adaptive,,Adaptive,769,258,0.086
3000,adaptive,,Adaptive,770,94,0.03133333333333333
3000,adaptive,,Adaptive,771,152,0.050666666666666665
3000,adaptive,,Adaptive,772,269,0.08966666666666667
3000,adaptive,,Adaptive,773,182,0.06066666666666667
3000,adaptive,,Adaptive,774,147,0.049
3000,adaptive,,Adaptive,775,217,0.07233333333333333
3000,adaptive,,Adaptive,776,220,0.07333333333333333
3000,adaptive,,Adaptive,777,229,0.07633333333333334
3000,adaptive,,Adaptive,778,156,0.052
3000,adaptive,,Adaptive,779,191,0.06366666666666666
3000,adaptive,,Adaptive,780,263,0.08766666666666667
3000,adaptive,,Adaptive,781,228,0.076
3000,adaptive,,Adaptive,782,55,0.018333333333333333
3000,adaptive,,Adaptive,783,302,0.10066666666666667
3000,adaptive,,Adaptive,784,214,0.07133333333333333
3000,adaptive,,Adaptive,785,207,0.069
3000,adaptive,,Adaptive,786,218,0.07266666666666667
3000,adaptive,,Adaptive,787,189,0.063
3000,adaptive,,Adaptive,788,197,0.06566666666666666
3000,adaptive,,Adaptive,789,159,0.053
3000,adaptive,,Adaptive,790,124,0.04133333333333333
3000,adaptive,,Adaptive,791,268,0.08933333333333333
3000,adaptive,,Adaptive,792,196,0.06533333333333333
3000,adaptive,,Adaptive,793,215,0.07166666666666667
3000,adaptive,,Adaptive,794,339,0.113
3000,adaptive,,Adaptive,795,120,0.04
3000,adaptive,,Adaptive,796,144,0.048
3000,adaptive,,Adaptive,797,314,0.10466666666666667
3000,adaptive,,Adaptive,798,210,0.07
3000,adaptive,,Adaptive,799,93,0.031
3000,adaptive,,Adaptive,800,300,0.1
3000,adaptive,,Adaptive,801,213,0.071
3000,adaptive,,Adaptive,802,279,0.093
3000,adaptive,,Adaptive,803,114,0.038
3000,adaptive,,Adaptive,804,247,0.08233333333333333
3000,adaptive,,Adaptive,805,234,0.078
3000,adaptive,,Adaptive,806,169,0.05633333333333333
3000,adaptive,,Adaptive,807,216,0.072
3000,adaptive,,Adaptive,808,262,0.08733333333333333
3000,adaptive,,Adaptive,809,183,0.061
3000,adaptive,,Adaptive,810,266,0.08866666666666667
3000,adaptive,,Adaptive,811,289,0.09633333333333334
3000,adaptive,,Adaptive,812,120,0.04
3000,adaptive,,Adaptive,813,245,0.08166666666666667
3000,adaptive,,Adaptive,814,160,0.05333333333333334
3000,adaptive,,Adaptive,815,168,0.056
3000,adaptive,,Adaptive,816,224,0.07466666666666667
3000,adaptive,,Adaptive,817,205,0.06833333333333333
3000,adaptive,,Adaptive,818,93,0.031
3000,adaptive,,Adaptive,819,102,0.034
3000,adaptive,,Adaptive,820,199,0.06633333333333333
3000,adaptive,,Adaptive,821,296,0.09866666666666667
3000,adaptive,,Adaptive,822,294,0.098
3000,adaptive,,Adaptive,823,131,0.043666666666666666
3000,adaptive,,Adaptive,824,258,0.086
3000,adaptive,,Adaptive,825,127,0.042333333333333334
3000,adaptive,,Adaptive,826,184,0.06133333333333333
3000,adaptive,,Adaptive,827,188,0.06266666666666666
3000,adaptive,,Adaptive,828,211,0.07033333333333333
3000,adaptive,,Adaptive,829,102,0.034
3000,adaptive,,Adaptive,830,261,0.087
3000,adaptive,,Adaptive,831,165,0.055
3000,adaptive,,Adaptive,832,62,0.020666666666666667
3000,adaptive,,Adaptive,833,309,0.103
3000,adaptive,,Adaptive,834,291,0.097
3000,adaptive,,Adaptive,835,131,0.043666666666666666
3000,adaptive,,Adaptive,836,211,0.07033333333333333
3000,adaptive,,Adaptive,837,127,0.042333333333333334
3000,adaptive,,Adaptive,838,211,0.07033333333333333
3000,adaptive,,Adaptive,839,85,0.028333333333333332
3000,adaptive,,Adaptive,840,107,0.035666666666666666
3000,adaptive,,Adaptive,841,112,0.037333333333333336
3000,adaptive,,Adaptive,842,137,0.04566666666666667
3000,adaptive,,Adaptive,843,28,0.009333333333333334
3000,adaptive,,Adaptive,844,246,0.082
3000,adaptive,,Adaptive,845,223,0.07433333333333333
3000,adaptive,,Adaptive,846,309,0.103
3000,adaptive,,Adaptive,847,216,0.072
3000,adaptive,,Adaptive,848,53,0.017666666666666667
3000,adaptive,,Adaptive,849,220,0.07333333333333333
3000,adaptive,,Adaptive,850,161,0.05366666666666667
3000,adaptive,,Adaptive,851,56,0.018666666666666668
3000,adaptive,,Adaptive,852,352,0.11733333333333333
3000,adaptive,,Adaptive,853,212,0.07066666666666667
3000,adaptive,,Adaptive,854,190,0.06333333333333334
3000,adaptive,,Adaptive,855,234,0.078
3000,adaptive,,Adaptive,856,175,0.058333333333333334
3000,adaptive,,Adaptive,857,180,0.06
3000,adaptive,,Adaptive,858,213,0.071
3000,adaptive,,Adaptive,859,135,0.045
3000,adaptive,,Adaptive,860,166,0.05533333333333333
3000,adaptive,,Adaptive,861,290,0.09666666666666666
3000,adaptive,,Adaptive,862,260,0.08666666666666667
3000,adaptive,,Adaptive,863,254,0.08466666666666667
3000,adaptive,,Adaptive,864,289,0.09633333333333334
3000,adaptive,,Adaptive,865,223,0.07433333333333333
3000,adaptive,,Adaptive,866,147,0.049
3000,adaptive,,Adaptive,867,73,0.024333333333333332
3000,adaptive,,Adaptive,868,259,0.08633333333333333
3000,adaptive,,Adaptive,869,140,0.04666666666666667
3000,adaptive,,Adaptive,870,162,0.054
3000,adaptive,,Adaptive,871,226,0.07533333333333334
3000,adaptive,,Adaptive,872,84,0.028
3000,adaptive,,Adaptive,873,333,0.111
3000,adaptive,,Adaptive,874,192,0.064
3000,adaptive,,Adaptive,875,117,0.039
3000,adaptive,,Adaptive,876,138,0.046
3000,adaptive,,Adaptive,877,345,0.115
3000,adaptive,,Adaptive,878,316,0.10533333333333333
3000,adaptive,,Adaptive,879,134,0.04466666666666667
3000,adaptive,,Adaptive,880,246,0.082
3000,adaptive,,Adaptive,881,149,0.049666666666666665
3000,adaptive,,Adaptive,882,166,0.05533333333333333
3000,adaptive,,Adaptive,883,140,0.04666666666666667
3000,adaptive,,Adaptive,884,148,0.04933333333333333
3000,adaptive,,Adaptive,885,180,0.06
3000,adaptive,,Adaptive,886,129,0.043
3000,adaptive,,Adaptive,887,218,0.07266666666666667
3000,adaptive,,Adaptive,888,312,0.104
3000,adaptive,,Adaptive,889,305,0.10166666666666667
3000,adaptive,,Adaptive,890,269,0.08966666666666667
3000,adaptive,,Adaptive,891,88,0.029333333333333333
3000,adaptive,,Adaptive,892,158,0.05266666666666667
3000,adaptive,,Adaptive,893,127,0.042333333333333334
3000,adaptive,,Adaptive,894,230,0.07666666666666666
3000,adaptive,,Adaptive,895,246,0.082
3000,adaptive,,Adaptive,896,292,0.09733333333333333
3000,adaptive,,Adaptive,897,254,0.08466666666666667
3000,adaptive,,Adaptive,898,278,0.09266666666666666
3000,adaptive,,Adaptive,899,152,0.050666666666666665
3000,adaptive,,Adaptive,900,268,0.08933333333333333
3000,adaptive,,Adaptive,901,181,0.060333333333333336
3000,adaptive,,Adaptive,902,159,0.053
3000,adaptive,,Adaptive,903,195,0.065
3000,adaptive,,Adaptive,904,358,0.11933333333333333
3000,adaptive,,Adaptive,905,153,0.051
3000,adaptive,,Adaptive,906,140,0.04666666666666667
3000,adaptive,,Adaptive,907,185,0.06166666666666667
3000,adaptive,,Adaptive,908,246,0.082
3000,adaptive,,Adaptive,909,153,0.051
3000,adaptive,,Adaptive,910,242,0.08066666666666666
3000,adaptive,,Adaptive,911,216,0.072
3000,adaptive,,Adaptive,912,249,0.083
3000,adaptive,,Adaptive,913,316,0.10533333333333333
3000,adaptive,,Adaptive,914,242,0.08066666666666666
3000,adaptive,,Adaptive,915,160,0.05333333333333334
3000,adaptive,,Adaptive,916,147,0.049
3000,adaptive,,Adaptive,917,160,0.05333333333333334
3000,adaptive,,Adaptive,918,304,0.10133333333333333
3000,adaptive,,Adaptive,919,268,0.08933333333333333
3000,adaptive,,Adaptive,920,291,0.097
3000,adaptive,,Adaptive,921,235,0.07833333333333334
3000,adaptive,,Adaptive,922,100,0.03333333333333333
3000,adaptive,,Adaptive,923,249,0.083
3000,adaptive,,Adaptive,924,208,0.06933333333333333
3000,adaptive,,Adaptive,925,209,0.06966666666666667
3000,adaptive,,Adaptive,926,158,0.05266666666666667
3000,adaptive,,Adaptive,927,102,0.034
3000,adaptive,,Adaptive,928,139,0.04633333333333333
3000,adaptive,,Adaptive,929,242,0.08066666666666666
3000,adaptive,,Adaptive,930,173,0.057666666666666665
3000,adaptive,,Adaptive,931,34,0.011333333333333334
3000,adaptive,,Adaptive,932,218,0.07266666666666667
3000,adaptive,,Adaptive,933,166,0.05533333333333333
3000,adaptive,,Adaptive,934,169,0.05633333333333333
3000,adaptive,,Adaptive,935,167,0.05566666666666667
3000,adaptive,,Adaptive,936,166,0.05533333333333333
3000,adaptive,,Adaptive,937,165,0.055
3000,adaptive,,Adaptive,938,49,0.01633333333333333
3000,adaptive,,Adaptive,939,128,0.042666666666666665
3000,adaptive,,Adaptive,940,213,0.071
3000,adaptive,,Adaptive,941,243,0.081
3000,adaptive,,Adaptive,942,275,0.09166666666666666
3000,adaptive,,Adaptive,943,89,0.029666666666666668
3000,adaptive,,Adaptive,944,151,0.050333333333333334
3000,adaptive,,Adaptive,945,202,0.06733333333333333
3000,adaptive,,Adaptive,946,86,0.028666666666666667
3000,adaptive,,Adaptive,947,248,0.08266666666666667
3000,adaptive,,Adaptive,948,253,0.08433333333333333
3000,adaptive,,Adaptive,949,295,0.09833333333333333
3000,adaptive,,Adaptive,950,264,0.088
3000,adaptive,,Adaptive,951,116,0.03866666666666667
3000,adaptive,,Adaptive,952,368,0.12266666666666666
3000,adaptive,,Adaptive,953,183,0.061
3000,adaptive,,Adaptive,954,136,0.04533333333333334
3000,adaptive,,Adaptive,955,59,0.019666666666666666
3000,adaptive,,Adaptive,956,363,0.121
3000,adaptive,,Adaptive,957,196,0.06533333333333333
3000,adaptive,,Adaptive,958,134,0.04466666666666667
3000,adaptive,,Adaptive,959,162,0.054
3000,adaptive,,Adaptive,960,245,0.08166666666666667
3000,adaptive,,Adaptive,961,169,0.05633333333333333
3000,adaptive,,Adaptive,962,267,0.089
3000,adaptive,,Adaptive,963,262,0.08733333333333333
3000,adaptive,,Adaptive,964,96,0.032
3000,adaptive,,Adaptive,965,216,0.072
3000,adaptive,,Adaptive,966,140,0.04666666666666667
3000,adaptive,,Adaptive,967,149,0.049666666666666665
3000,adaptive,,Adaptive,968,190,0.06333333333333334
3000,adaptive,,Adaptive,969,72,0.024
3000,adaptive,,Adaptive,970,288,0.096
3000,adaptive,,Adaptive,971,105,0.035
3000,adaptive,,Adaptive,972,198,0.066
3000,adaptive,,Adaptive,973,316,0.10533333333333333
3000,adaptive,,Adaptive,974,275,0.09166666666666666
3000,adaptive,,Adaptive,975,221,0.07366666666666667
3000,adaptive,,Adaptive,976,100,0.03333333333333333
3000,adaptive,,Adaptive,977,192,0.064
3000,adaptive,,Adaptive,978,176,0.058666666666666666
3000,adaptive,,Adaptive,979,254,0.08466666666666667
3000,adaptive,,Adaptive,980,97,0.03233333333333333
3000,adaptive,,Adaptive,981,109,0.036333333333333336
3000,adaptive,,Adaptive,982,200,0.06666666666666667
3000,adaptive,,Adaptive,983,99,0.033
3000,adaptive,,Adaptive,984,137,0.04566666666666667
3000,adaptive,,Adaptive,985,196,0.06533333333333333
3000,adaptive,,Adaptive,986,157,0.052333333333333336
3000,adaptive,,Adaptive,987,65,0.021666666666666667
3000,adaptive,,Adaptive,988,165,0.055
3000,adaptive,,Adaptive,989,301,0.10033333333333333
3000,adaptive,,Adaptive,990,33,0.011
3000,adaptive,,Adaptive,991,151,0.050333333333333334
3000,adaptive,,Adaptive,992,206,0.06866666666666667
3000,adaptive,,Adaptive,993,245,0.08166666666666667
3000,adaptive,,Adaptive,994,118,0.03933333333333333
3000,adaptive,,Adaptive,995,119,0.03966666666666667
3000,adaptive,,Adaptive,996,147,0.049
3000,adaptive,,Adaptive,997,146,0.048666666666666664
3000,adaptive,,Adaptive,998,237,0.079
3000,adaptive,,Adaptive,999,202,0.06733333333333333
3000,fixed,0.95,Fixed λ=0.95,0,762,0.254
3000,fixed,0.95,Fixed λ=0.95,1,1148,0.38266666666666665
3000,fixed,0.95,Fixed λ=0.95,2,426,0.142
3000,fixed,0.95,Fixed λ=0.95,3,1071,0.357
3000,fixed,0.95,Fixed λ=0.95,4,758,0.25266666666666665
3000,fixed,0.95,Fixed λ=0.95,5,602,0.20066666666666666
3000,fixed,0.95,Fixed λ=0.95,6,601,0.20033333333333334
3000,fixed,0.95,Fixed λ=0.95,7,556,0.18533333333333332
3000,fixed,0.95,Fixed λ=0.95,8,900,0.3
3000,fixed,0.95,Fixed λ=0.95,9,344,0.11466666666666667
3000,fixed,0.95,Fixed λ=0.95,10,765,0.255
3000,fixed,0.95,Fixed λ=0.95,11,563,0.18766666666666668
3000,fixed,0.95,Fixed λ=0.95,12,735,0.245
3000,fixed,0.95,Fixed λ=0.95,13,795,0.265
3000,fixed,0.95,Fixed λ=0.95,14,787,0.2623333333333333
3000,fixed,0.95,Fixed λ=0.95,15,769,0.25633333333333336
3000,fixed,0.95,Fixed λ=0.95,16,961,0.32033333333333336
3000,fixed,0.95,Fixed λ=0.95,17,1265,0.4216666666666667
3000,fixed,0.95,Fixed λ=0.95,18,787,0.2623333333333333
3000,fixed,0.95,Fixed λ=0.95,19,495,0.165
3000,fixed,0.95,Fixed λ=0.95,20,718,0.23933333333333334
3000,fixed,0.95,Fixed λ=0.95,21,971,0.32366666666666666
3000,fixed,0.95,Fixed λ=0.95,22,260,0.08666666666666667
3000,fixed,0.95,Fixed λ=0.95,23,546,0.182
3000,fixed,0.95,Fixed λ=0.95,24,1279,0.42633333333333334
3000,fixed,0.95,Fixed λ=0.95,25,899,0.2996666666666667
3000,fixed,0.95,Fixed λ=0.95,26,643,0.21433333333333332
3000,fixed,0.95,Fixed λ=0.95,27,574,0.19133333333333333
3000,fixed,0.95,Fixed λ=0.95,28,418,0.13933333333333334
3000,fixed,0.95,Fixed λ=0.95,29,501,0.167
3000,fixed,0.95,Fixed λ=0.95,30,647,0.21566666666666667
3000,fixed,0.95,Fixed λ=0.95,31,651,0.217
3000,fixed,0.95,Fixed λ=0.95,32,551,0.18366666666666667
3000,fixed,0.95,Fixed λ=0.95,33,1104,0.368
3000,fixed,0.95,Fixed λ=0.95,34,988,0.3293333333333333
3000,fixed,0.95,Fixed λ=0.95,35,418,0.13933333333333334
3000,fixed,0.95,Fixed λ=0.95,36,631,0.21033333333333334
3000,fixed,0.95,Fixed λ=0.95,37,726,0.242
3000,fixed,0.95,Fixed λ=0.95,38,678,0.226
3000,fixed,0.95,Fixed λ=0.95,39,1009,0.3363333333333333
3000,fixed,0.95,Fixed λ=0.95,40,675,0.225
3000,fixed,0.95,Fixed λ=0.95,41,1043,0.3476666666666667
3000,fixed,0.95,Fixed λ=0.95,42,815,0.27166666666666667
3000,fixed,0.95,Fixed λ=0.95,43,177,0.059
3000,fixed,0.95,Fixed λ=0.95,44,1248,0.416
3000,fixed,0.95,Fixed λ=0.95,45,481,0.16033333333333333
3000,fixed,0.95,Fixed λ=0.95,46,746,0.24866666666666667
3000,fixed,0.95,Fixed λ=0.95,47,1128,0.376
3000,fixed,0.95,Fixed λ=0.95,48,216,0.072
3000,fixed,0.95,Fixed λ=0.95,49,191,0.06366666666666666
3000,fixed,0.95,Fixed λ=0.95,50,384,0.128
3000,fixed,0.95,Fixed λ=0.95,51,406,0.13533333333333333
3000,fixed,0.95,Fixed λ=0.95,52,847,0.2823333333333333
3000,fixed,0.95,Fixed λ=0.95,53,1122,0.374
3000,fixed,0.95,Fixed λ=0.95,54,1001,0.33366666666666667
3000,fixed,0.95,Fixed λ=0.95,55,525,0.175
3000,fixed,0.95,Fixed λ=0.95,56,1400,0.4666666666666667
3000,fixed,0.95,Fixed λ=0.95,57,731,0.24366666666666667
3000,fixed,0.95,Fixed λ=0.95,58,912,0.304
3000,fixed,0.95,Fixed λ=0.95,59,670,0.22333333333333333
3000,fixed,0.95,Fixed λ=0.95,60,746,0.24866666666666667
3000,fixed,0.95,Fixed λ=0.95,61,916,0.30533333333333335
3000,fixed,0.95,Fixed λ=0.95,62,987,0.329
3000,fixed,0.95,Fixed λ=0.95,63,761,0.25366666666666665
3000,fixed,0.95,Fixed λ=0.95,64,128,0.042666666666666665
3000,fixed,0.95,Fixed λ=0.95,65,727,0.24233333333333335
3000,fixed,0.95,Fixed λ=0.95,66,486,0.162
3000,fixed,0.95,Fixed λ=0.95,67,1059,0.353
3000,fixed,0.95,Fixed λ=0.95,68,515,0.17166666666666666
3000,fixed,0.95,Fixed λ=0.95,69,772,0.25733333333333336
3000,fixed,0.95,Fixed λ=0.95,70,1051,0.35033333333333333
3000,fixed,0.95,Fixed λ=0.95,71,926,0.30866666666666664
3000,fixed,0.95,Fixed λ=0.95,72,329,0.10966666666666666
3000,fixed,0.95,Fixed λ=0.95,73,954,0.318
3000,fixed,0.95,Fixed λ=0.95,74,1204,0.4013333333333333
3000,fixed,0.95,Fixed λ=0.95,75,778,0.25933333333333336
3000,fixed,0.95,Fixed λ=0.95,76,1013,0.33766666666666667
3000,fixed,0.95,Fixed λ=0.95,77,543,0.181
3000,fixed,0.95,Fixed λ=0.95,78,1006,0.3353333333333333
3000,fixed,0.95,Fixed λ=0.95,79,607,0.20233333333333334
3000,fixed,0.95,Fixed λ=0.95,80,782,0.26066666666666666
3000,fixed,0.95,Fixed λ=0.95,81,432,0.144
3000,fixed,0.95,Fixed λ=0.95,82,826,0.2753333333333333
3000,fixed,0.95,Fixed λ=0.95,83,35,0.011666666666666667
3000,fixed,0.95,Fixed λ=0.95,84,860,0.2866666666666667
3000,fixed,0.95,Fixed λ=0.95,85,539,0.17966666666666667
3000,fixed,0.95,Fixed λ=0.95,86,636,0.212
3000,fixed,0.95,Fixed λ=0.95,87,930,0.31
3000,fixed,0.95,Fixed λ=0.95,88,913,0.30433333333333334
3000,fixed,0.95,Fixed λ=0.95,89,483,0.161
3000,fixed,0.95,Fixed λ=0.95,90,541,0.18033333333333335
3000,fixed,0.95,Fixed λ=0.95,91,636,0.212
3000,fixed,0.95,Fixed λ=0.95,92,507,0.169
3000,fixed,0.95,Fixed λ=0.95,93,792,0.264
3000,fixed,0.95,Fixed λ=0.95,94,135,0.045
3000,fixed,0.95,Fixed λ=0.95,95,749,0.24966666666666668
3000,fixed,0.95,Fixed λ=0.95,96,763,0.25433333333333336
3000,fixed,0.95,Fixed λ=0.95,97,429,0.143
3000,fixed,0.95,Fixed λ=0.95,98,1123,0.37433333333333335
3000,fixed,0.95,Fixed λ=0.95,99,522,0.174
3000,fixed,0.95,Fixed λ=0.95,100,732,0.244
3000,fixed,0.95,Fixed λ=0.95,101,518,0.17266666666666666
3000,fixed,0.95,Fixed λ=0.95,102,458,0.15266666666666667
3000,fixed,0.95,Fixed λ=0.95,103,354,0.118
3000,fixed,0.95,Fixed λ=0.95,104,685,0.22833333333333333
3000,fixed,0.95,Fixed λ=0.95,105,997,0.3323333333333333
3000,fixed,0.95,Fixed λ=0.95,106,283,0.09433333333333334
3000,fixed,0.95,Fixed λ=0.95,107,672,0.224
3000,fixed,0.95,Fixed λ=0.95,108,1052,0.3506666666666667
3000,fixed,0.95,Fixed λ=0.95,109,559,0.18633333333333332
3000,fixed,0.95,Fixed λ=0.95,110,703,0.23433333333333334
3000,fixed,0.95,Fixed λ=0.95,111,1139,0.37966666666666665
3000,fixed,0.95,Fixed λ=0.95,112,753,0.251
3000,fixed,0.95,Fixed λ=0.95,113,401,0.13366666666666666
3000,fixed,0.95,Fixed λ=0.95,114,757,0.25233333333333335
3000,fixed,0.95,Fixed λ=0.95,115,678,0.226
3000,fixed,0.95,Fixed λ=0.95,116,400,0.13333333333333333
3000,fixed,0.95,Fixed λ=0.95,117,778,0.25933333333333336
3000,fixed,0.95,Fixed λ=0.95,118,599,0.19966666666666666
3000,fixed,0.95,Fixed λ=0.95,119,863,0.2876666666666667
3000,fixed,0.95,Fixed λ=0.95,120,319,0.10633333333333334
3000,fixed,0.95,Fixed λ=0.95,121,411,0.137
3000,fixed,0.95,Fixed λ=0.95,122,654,0.218
3000,fixed,0.95,Fixed λ=0.95,123,813,0.271
3000,fixed,0.95,Fixed λ=0.95,124,505,0.16833333333333333
3000,fixed,0.95,Fixed λ=0.95,125,388,0.12933333333333333
3000,fixed,0.95,Fixed λ=0.95,126,251,0.08366666666666667
3000,fixed,0.95,Fixed λ=0.95,127,723,0.241
3000,fixed,0.95,Fixed λ=0.95,128,808,0.2693333333333333
3000,fixed,0.95,Fixed λ=0.95,129,381,0.127
3000,fixed,0.95,Fixed λ=0.95,130,413,0.13766666666666666
3000,fixed,0.95,Fixed λ=0.95,131,347,0.11566666666666667
3000,fixed,0.95,Fixed λ=0.95,132,920,0.30666666666666664
3000,fixed,0.95,Fixed λ=0.95,133,482,0.16066666666666668
3000,fixed,0.95,Fixed λ=0.95,134,746,0.24866666666666667
3000,fixed,0.95,Fixed λ=0.95,135,773,0.25766666666666665
3000,fixed,0.95,Fixed λ=0.95,136,571,0.19033333333333333
3000,fixed,0.95,Fixed λ=0.95,137,409,0.13633333333333333
3000,fixed,0.95,Fixed λ=0.95,138,1022,0.3406666666666667
3000,fixed,0.95,Fixed λ=0.95,139,946,0.31533333333333335
3000,fixed,0.95,Fixed λ=0.95,140,806,0.26866666666666666
3000,fixed,0.95,Fixed λ=0.95,141,378,0.126
3000,fixed,0.95,Fixed λ=0.95,142,527,0.17566666666666667
3000,fixed,0.95,Fixed λ=0.95,143,931,0.31033333333333335
3000,fixed,0.95,Fixed λ=0.95,144,320,0.10666666666666667
3000,fixed,0.95,Fixed λ=0.95,145,1226,0.4086666666666667
3000,fixed,0.95,Fixed λ=0.95,146,525,0.175
3000,fixed,0.95,Fixed λ=0.95,147,562,0.18733333333333332
3000,fixed,0.95,Fixed λ=0.95,148,316,0.10533333333333333
3000,fixed,0.95,Fixed λ=0.95,149,995,0.33166666666666667
3000,fixed,0.95,Fixed λ=0.95,150,620,0.20666666666666667
3000,fixed,0.95,Fixed λ=0.95,151,611,0.20366666666666666
3000,fixed,0.95,Fixed λ=0.95,152,675,0.225
3000,fixed,0.95,Fixed λ=0.95,153,1075,0.35833333333333334
3000,fixed,0.95,Fixed λ=0.95,154,667,0.22233333333333333
3000,fixed,0.95,Fixed λ=0.95,155,428,0.14266666666666666
3000,fixed,0.95,Fixed λ=0.95,156,708,0.236
3000,fixed,0.95,Fixed λ=0.95,157,774,0.258
3000,fixed,0.95,Fixed λ=0.95,158,794,0.26466666666666666
3000,fixed,0.95,Fixed λ=0.95,159,1000,0.3333333333333333
3000,fixed,0.95,Fixed λ=0.95,160,349,0.11633333333333333
3000,fixed,0.95,Fixed λ=0.95,161,512,0.17066666666666666
3000,fixed,0.95,Fixed λ=0.95,162,853,0.2843333333333333
3000,fixed,0.95,Fixed λ=0.95,163,1267,0.42233333333333334
3000,fixed,0.95,Fixed λ=0.95,164,435,0.145
3000,fixed,0.95,Fixed λ=0.95,165,472,0.15733333333333333
3000,fixed,0.95,Fixed λ=0.95,166,947,0.31566666666666665
3000,fixed,0.95,Fixed λ=0.95,167,422,0.14066666666666666
3000,fixed,0.95,Fixed λ=0.95,168,0,0.0
3000,fixed,0.95,Fixed λ=0.95,169,709,0.23633333333333334
3000,fixed,0.95,Fixed λ=0.95,170,979,0.3263333333333333
3000,fixed,0.95,Fixed λ=0.95,171,1625,0.5416666666666666
3000,fixed,0.95,Fixed λ=0.95,172,467,0.15566666666666668
3000,fixed,0.95,Fixed λ=0.95,173,273,0.091
3000,fixed,0.95,Fixed λ=0.95,174,970,0.3233333333333333
3000,fixed,0.95,Fixed λ=0.95,175,770,0.25666666666666665
3000,fixed,0.95,Fixed λ=0.95,176,941,0.31366666666666665
3000,fixed,0.95,Fixed λ=0.95,177,577,0.19233333333333333
3000,fixed,0.95,Fixed λ=0.95,178,1085,0.3616666666666667
3000,fixed,0.95,Fixed λ=0.95,179,1511,0.5036666666666667
3000,fixed,0.95,Fixed λ=0.95,180,630,0.21
3000,fixed,0.95,Fixed λ=0.95,181,658,0.21933333333333332
3000,fixed,0.95,Fixed λ=0.95,182,878,0.2926666666666667
3000,fixed,0.95,Fixed λ=0.95,183,855,0.285
3000,fixed,0.95,Fixed λ=0.95,184,582,0.194
3000,fixed,0.95,Fixed λ=0.95,185,144,0.048
3000,fixed,0.95,Fixed λ=0.95,186,804,0.268
3000,fixed,0.95,Fixed λ=0.95,187,1227,0.409
3000,fixed,0.95,Fixed λ=0.95,188,317,0.10566666666666667
3000,fixed,0.95,Fixed λ=0.95,189,362,0.12066666666666667
3000,fixed,0.95,Fixed λ=0.95,190,154,0.051333333333333335
3000,fixed,0.95,Fixed λ=0.95,191,514,0.17133333333333334
3000,fixed,0.95,Fixed λ=0.95,192,1017,0.339
3000,fixed,0.95,Fixed λ=0.95,193,352,0.11733333333333333
3000,fixed,0.95,Fixed λ=0.95,194,807,0.269
3000,fixed,0.95,Fixed λ=0.95,195,480,0.16
3000,fixed,0.95,Fixed λ=0.95,196,605,0.20166666666666666
3000,fixed,0.95,Fixed λ=0.95,197,299,0.09966666666666667
3000,fixed,0.95,Fixed λ=0.95,198,688,0.22933333333333333
3000,fixed,0.95,Fixed λ=0.95,199,1262,0.4206666666666667
3000,fixed,0.95,Fixed λ=0.95,200,906,0.302
3000,fixed,0.95,Fixed λ=0.95,201,660,0.22
3000,fixed,0.95,Fixed λ=0.95,202,783,0.261
3000,fixed,0.95,Fixed λ=0.95,203,767,0.25566666666666665
3000,fixed,0.95,Fixed λ=0.95,204,946,0.31533333333333335
3000,fixed,0.95,Fixed λ=0.95,205,334,0.11133333333333334
3000,fixed,0.95,Fixed λ=0.95,206,933,0.311
3000,fixed,0.95,Fixed λ=0.95,207,443,0.14766666666666667
3000,fixed,0.95,Fixed λ=0.95,208,1071,0.357
3000,fixed,0.95,Fixed λ=0.95,209,346,0.11533333333333333
3000,fixed,0.95,Fixed λ=0.95,210,471,0.157
3000,fixed,0.95,Fixed λ=0.95,211,92,0.030666666666666665
3000,fixed,0.95,Fixed λ=0.95,212,429,0.143
3000,fixed,0.95,Fixed λ=0.95,213,394,0.13133333333333333
3000,fixed,0.95,Fixed λ=0.95,214,1210,0.4033333333333333
3000,fixed,0.95,Fixed λ=0.95,215,627,0.209
3000,fixed,0.95,Fixed λ=0.95,216,758,0.25266666666666665
3000,fixed,0.95,Fixed λ=0.95,217,345,0.115
3000,fixed,0.95,Fixed λ=0.95,218,844,0.2813333333333333
3000,fixed,0.95,Fixed λ=0.95,219,578,0.19266666666666668
3000,fixed,0.95,Fixed λ=0.95,220,842,0.2806666666666667
3000,fixed,0.95,Fixed λ=0.95,221,578,0.19266666666666668
3000,fixed,0.95,Fixed λ=0.95,222,667,0.22233333333333333
3000,fixed,0.95,Fixed λ=0.95,223,534,0.178
3000,fixed,0.95,Fixed λ=0.95,224,435,0.145
3000,fixed,0.95,Fixed λ=0.95,225,199,0.06633333333333333
3000,fixed,0.95,Fixed λ=0.95,226,1036,0.3453333333333333
3000,fixed,0.95,Fixed λ=0.95,227,411,0.137
3000,fixed,0.95,Fixed λ=0.95,228,1295,0.43166666666666664
3000,fixed,0.95,Fixed λ=0.95,229,438,0.146
3000,fixed,0.95,Fixed λ=0.95,230,1075,0.35833333333333334
3000,fixed,0.95,Fixed λ=0.95,231,474,0.158
3000,fixed,0.95,Fixed λ=0.95,232,905,0.3016666666666667
3000,fixed,0.95,Fixed λ=0.95,233,568,0.18933333333333333
3000,fixed,0.95,Fixed λ=0.95,234,351,0.117
3000,fixed,0.95,Fixed λ=0.95,235,787,0.2623333333333333
3000,fixed,0.95,Fixed λ=0.95,236,366,0.122
3000,fixed,0.95,Fixed λ=0.95,237,247,0.08233333333333333
3000,fixed,0.95,Fixed λ=0.95,238,1420,0.47333333333333333
3000,fixed,0.95,Fixed λ=0.95,239,592,0.19733333333333333
3000,fixed,0.95,Fixed λ=0.95,240,434,0.14466666666666667
3000,fixed,0.95,Fixed λ=0.95,241,404,0.13466666666666666
3000,fixed,0.95,Fixed λ=0.95,242,673,0.22433333333333333
3000,fixed,0.95,Fixed λ=0.95,243,1076,0.3586666666666667
3000,fixed,0.95,Fixed λ=0.95,244,401,0.13366666666666666
3000,fixed,0.95,Fixed λ=0.95,245,958,0.31933333333333336
3000,fixed,0.95,Fixed λ=0.95,246,735,0.245
3000,fixed,0.95,Fixed λ=0.95,247,434,0.14466666666666667
3000,fixed,0.95,Fixed λ=0.95,248,1054,0.35133333333333333
3000,fixed,0.95,Fixed λ=0.95,249,742,0.24733333333333332
3000,fixed,0.95,Fixed λ=0.95,250,417,0.139
3000,fixed,0.95,Fixed λ=0.95,251,696,0.232
3000,fixed,0.95,Fixed λ=0.95,252,0,0.0
3000,fixed,0.95,Fixed λ=0.95,253,474,0.158
3000,fixed,0.95,Fixed λ=0.95,254,801,0.267
3000,fixed,0.95,Fixed λ=0.95,255,917,0.30566666666666664
3000,fixed,0.95,Fixed λ=0.95,256,552,0.184
3000,fixed,0.95,Fixed λ=0.95,257,481,0.16033333333333333
3000,fixed,0.95,Fixed λ=0.95,258,731,0.24366666666666667
3000,fixed,0.95,Fixed λ=0.95,259,1054,0.35133333333333333
3000,fixed,0.95,Fixed λ=0.95,260,735,0.245
3000,fixed,0.95,Fixed λ=0.95,261,874,0.29133333333333333
3000,fixed,0.95,Fixed λ=0.95,262,446,0.14866666666666667
3000,fixed,0.95,Fixed λ=0.95,263,595,0.19833333333333333
3000,fixed,0.95,Fixed λ=0.95,264,454,0.15133333333333332
3000,fixed,0.95,Fixed λ=0.95,265,411,0.137
3000,fixed,0.95,Fixed λ=0.95,266,1200,0.4
3000,fixed,0.95,Fixed λ=0.95,267,1301,0.43366666666666664
3000,fixed,0.95,Fixed λ=0.95,268,276,0.092
3000,fixed,0.95,Fixed λ=0.95,269,1628,0.5426666666666666
3000,fixed,0.95,Fixed λ=0.95,270,1107,0.369
3000,fixed,0.95,Fixed λ=0.95,271,827,0.27566666666666667
3000,fixed,0.95,Fixed λ=0.95,272,691,0.23033333333333333
3000,fixed,0.95,Fixed λ=0.95,273,601,0.20033333333333334
3000,fixed,0.95,Fixed λ=0.95,274,599,0.19966666666666666
3000,fixed,0.95,Fixed λ=0.95,275,627,0.209
3000,fixed,0.95,Fixed λ=0.95,276,638,0.21266666666666667
3000,fixed,0.95,Fixed λ=0.95,277,557,0.18566666666666667
3000,fixed,0.95,Fixed λ=0.95,278,568,0.18933333333333333
3000,fixed,0.95,Fixed λ=0.95,279,1004,0.33466666666666667
3000,fixed,0.95,Fixed λ=0.95,280,777,0.259
3000,fixed,0.95,Fixed λ=0.95,281,195,0.065
3000,fixed,0.95,Fixed λ=0.95,282,1015,0.3383333333333333
3000,fixed,0.95,Fixed λ=0.95,283,1326,0.442
3000,fixed,0.95,Fixed λ=0.95,284,853,0.2843333333333333
3000,fixed,0.95,Fixed λ=0.95,285,1034,0.3446666666666667
3000,fixed,0.95,Fixed λ=0.95,286,682,0.22733333333333333
3000,fixed,0.95,Fixed λ=0.95,287,754,0.25133333333333335
3000,fixed,0.95,Fixed λ=0.95,288,573,0.191
3000,fixed,0.95,Fixed λ=0.95,289,437,0.14566666666666667
3000,fixed,0.95,Fixed λ=0.95,290,711,0.237
3000,fixed,0.95,Fixed λ=0.95,291,445,0.14833333333333334
3000,fixed,0.95,Fixed λ=0.95,292,711,0.237
3000,fixed,0.95,Fixed λ=0.95,293,945,0.315
3000,fixed,0.95,Fixed λ=0.95,294,865,0.28833333333333333
3000,fixed,0.95,Fixed λ=0.95,295,209,0.06966666666666667
3000,fixed,0.95,Fixed λ=0.95,296,533,0.17766666666666667
3000,fixed,0.95,Fixed λ=0.95,297,476,0.15866666666666668
3000,fixed,0.95,Fixed λ=0.95,298,576,0.192
3000,fixed,0.95,Fixed λ=0.95,299,689,0.22966666666666666
3000,fixed,0.95,Fixed λ=0.95,300,748,0.24933333333333332
3000,fixed,0.95,Fixed λ=0.95,301,858,0.286
3000,fixed,0.95,Fixed λ=0.95,302,614,0.20466666666666666
3000,fixed,0.95,Fixed λ=0.95,303,622,0.20733333333333334
3000,fixed,0.95,Fixed λ=0.95,304,317,0.10566666666666667
3000,fixed,0.95,Fixed λ=0.95,305,701,0.23366666666666666
3000,fixed,0.95,Fixed λ=0.95,306,1214,0.4046666666666667
3000,fixed,0.95,Fixed λ=0.95,307,409,0.13633333333333333
3000,fixed,0.95,Fixed λ=0.95,308,1020,0.34
3000,fixed,0.95,Fixed λ=0.95,309,383,0.12766666666666668
3000,fixed,0.95,Fixed λ=0.95,310,861,0.287
3000,fixed,0.95,Fixed λ=0.95,311,1104,0.368
3000,fixed,0.95,Fixed λ=0.95,312,1302,0.434
3000,fixed,0.95,Fixed λ=0.95,313,787,0.2623333333333333
3000,fixed,0.95,Fixed λ=0.95,314,485,0.16166666666666665
3000,fixed,0.95,Fixed λ=0.95,315,1231,0.4103333333333333
3000,fixed,0.95,Fixed λ=0.95,316,539,0.17966666666666667
3000,fixed,0.95,Fixed λ=0.95,317,547,0.18233333333333332
3000,fixed,0.95,Fixed λ=0.95,318,631,0.21033333333333334
3000,fixed,0.95,Fixed λ=0.95,319,749,0.24966666666666668
3000,fixed,0.95,Fixed λ=0.95,320,257,0.08566666666666667
3000,fixed,0.95,Fixed λ=0.95,321,844,0.2813333333333333
3000,fixed,0.95,Fixed λ=0.95,322,718,0.23933333333333334
3000,fixed,0.95,Fixed λ=0.95,323,908,0.30266666666666664
3000,fixed,0.95,Fixed λ=0.95,324,262,0.08733333333333333
3000,fixed,0.95,Fixed λ=0.95,325,639,0.213
3000,fixed,0.95,Fixed λ=0.95,326,491,0.16366666666666665
3000,fixed,0.95,Fixed λ=0.95,327,921,0.307
3000,fixed,0.95,Fixed λ=0.95,328,917,0.30566666666666664
3000,fixed,0.95,Fixed λ=0.95,329,145,0.04833333333333333
3000,fixed,0.95,Fixed λ=0.95,330,1144,0.38133333333333336
3000,fixed,0.95,Fixed λ=0.95,331,1054,0.35133333333333333
3000,fixed,0.95,Fixed λ=0.95,332,570,0.19
3000,fixed,0.95,Fixed λ=0.95,333,923,0.30766666666666664
3000,fixed,0.95,Fixed λ=0.95,334,348,0.116
3000,fixed,0.95,Fixed λ=0.95,335,470,0.15666666666666668
3000,fixed,0.95,Fixed λ=0.95,336,1021,0.3403333333333333
3000,fixed,0.95,Fixed λ=0.95,337,581,0.19366666666666665
3000,fixed,0.95,Fixed λ=0.95,338,390,0.13
3000,fixed,0.95,Fixed λ=0.95,339,854,0.2846666666666667
3000,fixed,0.95,Fixed λ=0.95,340,1129,0.37633333333333335
3000,fixed,0.95,Fixed λ=0.95,341,623,0.20766666666666667
3000,fixed,0.95,Fixed λ=0.95,342,528,0.176
3000,fixed,0.95,Fixed λ=0.95,343,304,0.10133333333333333
3000,fixed,0.95,Fixed λ=0.95,344,747,0.249
3000,fixed,0.95,Fixed λ=0.95,345,488,0.16266666666666665
3000,fixed,0.95,Fixed λ=0.95,346,1081,0.36033333333333334
3000,fixed,0.95,Fixed λ=0.95,347,210,0.07
3000,fixed,0.95,Fixed λ=0.95,348,380,0.12666666666666668
3000,fixed,0.95,Fixed λ=0.95,349,629,0.20966666666666667
3000,fixed,0.95,Fixed λ=0.95,350,606,0.202
3000,fixed,0.95,Fixed λ=0.95,351,550,0.18333333333333332
3000,fixed,0.95,Fixed λ=0.95,352,362,0.12066666666666667
3000,fixed,0.95,Fixed λ=0.95,353,446,0.14866666666666667
3000,fixed,0.95,Fixed λ=0.95,354,508,0.16933333333333334
3000,fixed,0.95,Fixed λ=0.95,355,564,0.188
3000,fixed,0.95,Fixed λ=0.95,356,474,0.158
3000,fixed,0.95,Fixed λ=0.95,357,810,0.27
3000,fixed,0.95,Fixed λ=0.95,358,1090,0.36333333333333334
3000,fixed,0.95,Fixed λ=0.95,359,594,0.198
3000,fixed,0.95,Fixed λ=0.95,360,845,0.2816666666666667
3000,fixed,0.95,Fixed λ=0.95,361,530,0.17666666666666667
3000,fixed,0.95,Fixed λ=0.95,362,679,0.22633333333333333
3000,fixed,0.95,Fixed λ=0.95,363,801,0.267
3000,fixed,0.95,Fixed λ=0.95,364,1166,0.38866666666666666
3000,fixed,0.95,Fixed λ=0.95,365,417,0.139
3000,fixed,0.95,Fixed λ=0.95,366,320,0.10666666666666667
3000,fixed,0.95,Fixed λ=0.95,367,634,0.21133333333333335
3000,fixed,0.95,Fixed λ=0.95,368,598,0.19933333333333333
3000,fixed,0.95,Fixed λ=0.95,369,1356,0.452
3000,fixed,0.95,Fixed λ=0.95,370,1095,0.365
3000,fixed,0.95,Fixed λ=0.95,371,519,0.173
3000,fixed,0.95,Fixed λ=0.95,372,955,0.31833333333333336
3000,fixed,0.95,Fixed λ=0.95,373,745,0.24833333333333332
3000,fixed,0.95,Fixed λ=0.95,374,327,0.109
3000,fixed,0.95,Fixed λ=0.95,375,443,0.14766666666666667
3000,fixed,0.95,Fixed λ=0.95,376,382,0.12733333333333333
3000,fixed,0.95,Fixed λ=0.95,377,1249,0.41633333333333333
3000,fixed,0.95,Fixed λ=0.95,378,438,0.146
3000,fixed,0.95,Fixed λ=0.95,379,1141,0.38033333333333336
3000,fixed,0.95,Fixed λ=0.95,380,744,0.248
3000,fixed,0.95,Fixed λ=0.95,381,318,0.106
3000,fixed,0.95,Fixed λ=0.95,382,781,0.26033333333333336
3000,fixed,0.95,Fixed λ=0.95,383,744,0.248
3000,fixed,0.95,Fixed λ=0.95,384,444,0.148
3000,fixed,0.95,Fixed λ=0.95,385,1052,0.3506666666666667
3000,fixed,0.95,Fixed λ=0.95,386,305,0.10166666666666667
3000,fixed,0.95,Fixed λ=0.95,387,1161,0.387
3000,fixed,0.95,Fixed λ=0.95,388,442,0.14733333333333334
3000,fixed,0.95,Fixed λ=0.95,389,857,0.2856666666666667
3000,fixed,0.95,Fixed λ=0.95,390,1193,0.39766666666666667
3000,fixed,0.95,Fixed λ=0.95,391,684,0.228
3000,fixed,0.95,Fixed λ=0.95,392,36,0.012
3000,fixed,0.95,Fixed λ=0.95,393,648,0.216
3000,fixed,0.95,Fixed λ=0.95,394,883,0.29433333333333334
3000,fixed,0.95,Fixed λ=0.95,395,763,0.25433333333333336
3000,fixed,0.95,Fixed λ=0.95,396,1067,0.3556666666666667
3000,fixed,0.95,Fixed λ=0.95,397,800,0.26666666666666666
3000,fixed,0.95,Fixed λ=0.95,398,1274,0.4246666666666667
3000,fixed,0.95,Fixed λ=0.95,399,717,0.239
3000,fixed,0.95,Fixed λ=0.95,400,874,0.29133333333333333
3000,fixed,0.95,Fixed λ=0.95,401,439,0.14633333333333334
3000,fixed,0.95,Fixed λ=0.95,402,237,0.079
3000,fixed,0.95,Fixed λ=0.95,403,576,0.192
3000,fixed,0.95,Fixed λ=0.95,404,961,0.32033333333333336
3000,fixed,0.95,Fixed λ=0.95,405,674,0.22466666666666665
3000,fixed,0.95,Fixed λ=0.95,406,754,0.25133333333333335
3000,fixed,0.95,Fixed λ=0.95,407,1226,0.4086666666666667
3000,fixed,0.95,Fixed λ=0.95,408,566,0.18866666666666668
3000,fixed,0.95,Fixed λ=0.95,409,867,0.289
3000,fixed,0.95,Fixed λ=0.95,410,1001,0.33366666666666667
3000,fixed,0.95,Fixed λ=0.95,411,543,0.181
3000,fixed,0.95,Fixed λ=0.95,412,837,0.279
3000,fixed,0.95,Fixed λ=0.95,413,827,0.27566666666666667
3000,fixed,0.95,Fixed λ=0.95,414,575,0.19166666666666668
3000,fixed,0.95,Fixed λ=0.95,415,209,0.06966666666666667
3000,fixed,0.95,Fixed λ=0.95,416,676,0.22533333333333333
3000,fixed,0.95,Fixed λ=0.95,417,850,0.2833333333333333
3000,fixed,0.95,Fixed λ=0.95,418,932,0.31066666666666665
3000,fixed,0.95,Fixed λ=0.95,419,907,0.30233333333333334
3000,fixed,0.95,Fixed λ=0.95,420,1105,0.36833333333333335
3000,fixed,0.95,Fixed λ=0.95,421,602,0.20066666666666666
3000,fixed,0.95,Fixed λ=0.95,422,974,0.32466666666666666
3000,fixed,0.95,Fixed λ=0.95,423,1090,0.36333333333333334
3000,fixed,0.95,Fixed λ=0.95,424,1203,0.401
3000,fixed,0.95,Fixed λ=0.95,425,435,0.145
3000,fixed,0.95,Fixed λ=0.95,426,373,0.12433333333333334
3000,fixed,0.95,Fixed λ=0.95,427,427,0.14233333333333334
3000,fixed,0.95,Fixed λ=0.95,428,0,0.0
3000,fixed,0.95,Fixed λ=0.95,429,648,0.216
3000,fixed,0.95,Fixed λ=0.95,430,811,0.2703333333333333
3000,fixed,0.95,Fixed λ=0.95,431,1024,0.3413333333333333
3000,fixed,0.95,Fixed λ=0.95,432,445,0.14833333333333334
3000,fixed,0.95,Fixed λ=0.95,433,837,0.279
3000,fixed,0.95,Fixed λ=0.95,434,893,0.2976666666666667
3000,fixed,0.95,Fixed λ=0.95,435,633,0.211
3000,fixed,0.95,Fixed λ=0.95,436,771,0.257
3000,fixed,0.95,Fixed λ=0.95,437,1197,0.399
3000,fixed,0.95,Fixed λ=0.95,438,1160,0.38666666666666666
3000,fixed,0.95,Fixed λ=0.95,439,211,0.07033333333333333
3000,fixed,0.95,Fixed λ=0.95,440,234,0.078
3000,fixed,0.95,Fixed λ=0.95,441,617,0.20566666666666666
3000,fixed,0.95,Fixed λ=0.95,442,711,0.237
3000,fixed,0.95,Fixed λ=0.95,443,935,0.31166666666666665
3000,fixed,0.95,Fixed λ=0.95,444,759,0.253
3000,fixed,0.95,Fixed λ=0.95,445,582,0.194
3000,fixed,0.95,Fixed λ=0.95,446,437,0.14566666666666667
3000,fixed,0.95,Fixed λ=0.95,447,695,0.23166666666666666
3000,fixed,0.95,Fixed λ=0.95,448,338,0.11266666666666666
3000,fixed,0.95,Fixed λ=0.95,449,400,0.13333333333333333
3000,fixed,0.95,Fixed λ=0.95,450,670,0.22333333333333333
3000,fixed,0.95,Fixed λ=0.95,451,598,0.19933333333333333
3000,fixed,0.95,Fixed λ=0.95,452,602,0.20066666666666666
3000,fixed,0.95,Fixed λ=0.95,453,794,0.26466666666666666
3000,fixed,0.95,Fixed λ=0.95,454,470,0.15666666666666668
3000,fixed,0.95,Fixed λ=0.95,455,682,0.22733333333333333
3000,fixed,0.95,Fixed λ=0.95,456,330,0.11
3000,fixed,0.95,Fixed λ=0.95,457,522,0.174
3000,fixed,0.95,Fixed λ=0.95,458,831,0.277
3000,fixed,0.95,Fixed λ=0.95,459,508,0.16933333333333334
3000,fixed,0.95,Fixed λ=0.95,460,630,0.21
3000,fixed,0.95,Fixed λ=0.95,461,1145,0.38166666666666665
3000,fixed,0.95,Fixed λ=0.95,462,900,0.3
3000,fixed,0.95,Fixed λ=0.95,463,525,0.175
3000,fixed,0.95,Fixed λ=0.95,464,447,0.149
3000,fixed,0.95,Fixed λ=0.95,465,350,0.11666666666666667
3000,fixed,0.95,Fixed λ=0.95,466,686,0.22866666666666666
3000,fixed,0.95,Fixed λ=0.95,467,691,0.23033333333333333
3000,fixed,0.95,Fixed λ=0.95,468,706,0.23533333333333334
3000,fixed,0.95,Fixed λ=0.95,469,576,0.192
3000,fixed,0.95,Fixed λ=0.95,470,726,0.242
3000,fixed,0.95,Fixed λ=0.95,471,305,0.10166666666666667
3000,fixed,0.95,Fixed λ=0.95,472,915,0.305
3000,fixed,0.95,Fixed λ=0.95,473,927,0.309
3000,fixed,0.95,Fixed λ=0.95,474,1057,0.35233333333333333
3000,fixed,0.95,Fixed λ=0.95,475,596,0.19866666666666666
3000,fixed,0.95,Fixed λ=0.95,476,1033,0.3443333333333333
3000,fixed,0.95,Fixed λ=0.95,477,452,0.15066666666666667
3000,fixed,0.95,Fixed λ=0.95,478,717,0.239
3000,fixed,0.95,Fixed λ=0.95,479,388,0.12933333333333333
3000,fixed,0.95,Fixed λ=0.95,480,285,0.095
3000,fixed,0.95,Fixed λ=0.95,481,350,0.11666666666666667
3000,fixed,0.95,Fixed λ=0.95,482,887,0.2956666666666667
3000,fixed,0.95,Fixed λ=0.95,483,477,0.159
3000,fixed,0.95,Fixed λ=0.95,484,751,0.25033333333333335
3000,fixed,0.95,Fixed λ=0.95,485,1422,0.474
3000,fixed,0.95,Fixed λ=0.95,486,501,0.167
3000,fixed,0.95,Fixed λ=0.95,487,1100,0.36666666666666664
3000,fixed,0.95,Fixed λ=0.95,488,374,0.12466666666666666
3000,fixed,0.95,Fixed λ=0.95,489,385,0.12833333333333333
3000,fixed,0.95,Fixed λ=0.95,490,363,0.121
3000,fixed,0.95,Fixed λ=0.95,491,479,0.15966666666666668
3000,fixed,0.95,Fixed λ=0.95,492,616,0.20533333333333334
3000,fixed,0.95,Fixed λ=0.95,493,415,0.13833333333333334
3000,fixed,0.95,Fixed λ=0.95,494,1022,0.3406666666666667
3000,fixed,0.95,Fixed λ=0.95,495,744,0.248
3000,fixed,0.95,Fixed λ=0.95,496,884,0.2946666666666667
3000,fixed,0.95,Fixed λ=0.95,497,1116,0.372
3000,fixed,0.95,Fixed λ=0.95,498,617,0.20566666666666666
3000,fixed,0.95,Fixed λ=0.95,499,1258,0.41933333333333334
3000,fixed,0.95,Fixed λ=0.95,500,1128,0.376
3000,fixed,0.95,Fixed λ=0.95,501,885,0.295
3000,fixed,0.95,Fixed λ=0.95,502,925,0.30833333333333335
3000,fixed,0.95,Fixed λ=0.95,503,787,0.2623333333333333
3000,fixed,0.95,Fixed λ=0.95,504,987,0.329
3000,fixed,0.95,Fixed λ=0.95,505,507,0.169
3000,fixed,0.95,Fixed λ=0.95,506,390,0.13
3000,fixed,0.95,Fixed λ=0.95,507,662,0.22066666666666668
3000,fixed,0.95,Fixed λ=0.95,508,562,0.18733333333333332
3000,fixed,0.95,Fixed λ=0.95,509,461,0.15366666666666667
3000,fixed,0.95,Fixed λ=0.95,510,645,0.215
3000,fixed,0.95,Fixed λ=0.95,511,641,0.21366666666666667
3000,fixed,0.95,Fixed λ=0.95,512,464,0.15466666666666667
3000,fixed,0.95,Fixed λ=0.95,513,556,0.18533333333333332
3000,fixed,0.95,Fixed λ=0.95,514,521,0.17366666666666666
3000,fixed,0.95,Fixed λ=0.95,515,997,0.3323333333333333
3000,fixed,0.95,Fixed λ=0.95,516,385,0.12833333333333333
3000,fixed,0.95,Fixed λ=0.95,517,588,0.196
3000,fixed,0.95,Fixed λ=0.95,518,297,0.099
3000,fixed,0.95,Fixed λ=0.95,519,272,0.09066666666666667
3000,fixed,0.95,Fixed λ=0.95,520,571,0.19033333333333333
3000,fixed,0.95,Fixed λ=0.95,521,1192,0.3973333333333333
3000,fixed,0.95,Fixed λ=0.95,522,411,0.137
3000,fixed,0.95,Fixed λ=0.95,523,401,0.13366666666666666
3000,fixed,0.95,Fixed λ=0.95,524,596,0.19866666666666666
3000,fixed,0.95,Fixed λ=0.95,525,505,0.16833333333333333
3000,fixed,0.95,Fixed λ=0.95,526,394,0.13133333333333333
3000,fixed,0.95,Fixed λ=0.95,527,937,0.31233333333333335
3000,fixed,0.95,Fixed λ=0.95,528,680,0.22666666666666666
3000,fixed,0.95,Fixed λ=0.95,529,669,0.223
3000,fixed,0.95,Fixed λ=0.95,530,825,0.275
3000,fixed,0.95,Fixed λ=0.95,531,196,0.06533333333333333
3000,fixed,0.95,Fixed λ=0.95,532,907,0.30233333333333334
3000,fixed,0.95,Fixed λ=0.95,533,368,0.12266666666666666
3000,fixed,0.95,Fixed λ=0.95,534,1153,0.38433333333333336
3000,fixed,0.95,Fixed λ=0.95,535,69,0.023
3000,fixed,0.95,Fixed λ=0.95,536,768,0.256
3000,fixed,0.95,Fixed λ=0.95,537,723,0.241
3000,fixed,0.95,Fixed λ=0.95,538,422,0.14066666666666666
3000,fixed,0.95,Fixed λ=0.95,539,1517,0.5056666666666667
3000,fixed,0.95,Fixed λ=0.95,540,1027,0.3423333333333333
3000,fixed,0.95,Fixed λ=0.95,541,924,0.308
3000,fixed,0.95,Fixed λ=0.95,542,487,0.16233333333333333
3000,fixed,0.95,Fixed λ=0.95,543,1119,0.373
3000,fixed,0.95,Fixed λ=0.95,544,806,0.26866666666666666
3000,fixed,0.95,Fixed λ=0.95,545,318,0.106
3000,fixed,0.95,Fixed λ=0.95,546,424,0.14133333333333334
3000,fixed,0.95,Fixed λ=0.95,547,645,0.215
3000,fixed,0.95,Fixed λ=0.95,548,224,0.07466666666666667
3000,fixed,0.95,Fixed λ=0.95,549,674,0.22466666666666665
3000,fixed,0.95,Fixed λ=0.95,550,648,0.216
3000,fixed,0.95,Fixed λ=0.95,551,339,0.113
3000,fixed,0.95,Fixed λ=0.95,552,715,0.23833333333333334
3000,fixed,0.95,Fixed λ=0.95,553,832,0.2773333333333333
3000,fixed,0.95,Fixed λ=0.95,554,688,0.22933333333333333
3000,fixed,0.95,Fixed λ=0.95,555,369,0.123
3000,fixed,0.95,Fixed λ=0.95,556,557,0.18566666666666667
3000,fixed,0.95,Fixed λ=0.95,557,533,0.17766666666666667
3000,fixed,0.95,Fixed λ=0.95,558,301,0.10033333333333333
3000,fixed,0.95,Fixed λ=0.95,559,1002,0.334
3000,fixed,0.95,Fixed λ=0.95,560,701,0.23366666666666666
3000,fixed,0.95,Fixed λ=0.95,561,658,0.21933333333333332
3000,fixed,0.95,Fixed λ=0.95,562,791,0.26366666666666666
3000,fixed,0.95,Fixed λ=0.95,563,469,0.15633333333333332
3000,fixed,0.95,Fixed λ=0.95,564,184,0.06133333333333333
3000,fixed,0.95,Fixed λ=0.95,565,673,0.22433333333333333
3000,fixed,0.95,Fixed λ=0.95,566,663,0.221
3000,fixed,0.95,Fixed λ=0.95,567,675,0.225
3000,fixed,0.95,Fixed λ=0.95,568,826,0.2753333333333333
3000,fixed,0.95,Fixed λ=0.95,569,752,0.25066666666666665
3000,fixed,0.95,Fixed λ=0.95,570,113,0.03766666666666667
3000,fixed,0.95,Fixed λ=0.95,571,451,0.15033333333333335
3000,fixed,0.95,Fixed λ=0.95,572,1116,0.372
3000,fixed,0.95,Fixed λ=0.95,573,518,0.17266666666666666
3000,fixed,0.95,Fixed λ=0.95,574,335,0.11166666666666666
3000,fixed,0.95,Fixed λ=0.95,575,1103,0.36766666666666664
3000,fixed,0.95,Fixed λ=0.95,576,579,0.193
3000,fixed,0.95,Fixed λ=0.95,577,730,0.24333333333333335
3000,fixed,0.95,Fixed λ=0.95,578,1008,0.336
3000,fixed,0.95,Fixed λ=0.95,579,542,0.18066666666666667
3000,fixed,0.95,Fixed λ=0.95,580,1523,0.5076666666666667
3000,fixed,0.95,Fixed λ=0.95,581,345,0.115
3000,fixed,0.95,Fixed λ=0.95,582,687,0.229
3000,fixed,0.95,Fixed λ=0.95,583,572,0.19066666666666668
3000,fixed,0.95,Fixed λ=0.95,584,1077,0.359
3000,fixed,0.95,Fixed λ=0.95,585,414,0.138
3000,fixed,0.95,Fixed λ=0.95,586,1614,0.538
3000,fixed,0.95,Fixed λ=0.95,587,839,0.2796666666666667
3000,fixed,0.95,Fixed λ=0.95,588,899,0.2996666666666667
3000,fixed,0.95,Fixed λ=0.95,589,807,0.269
3000,fixed,0.95,Fixed λ=0.95,590,616,0.20533333333333334
3000,fixed,0.95,Fixed λ=0.95,591,572,0.19066666666666668
3000,fixed,0.95,Fixed λ=0.95,592,285,0.095
3000,fixed,0.95,Fixed λ=0.95,593,875,0.2916666666666667
3000,fixed,0.95,Fixed λ=0.95,594,460,0.15333333333333332
3000,fixed,0.95,Fixed λ=0.95,595,700,0.23333333333333334
3000,fixed,0.95,Fixed λ=0.95,596,1121,0.37366666666666665
3000,fixed,0.95,Fixed λ=0.95,597,686,0.22866666666666666
3000,fixed,0.95,Fixed λ=0.95,598,627,0.209
3000,fixed,0.95,Fixed λ=0.95,599,886,0.29533333333333334
3000,fixed,0.95,Fixed λ=0.95,600,276,0.092
3000,fixed,0.95,Fixed λ=0.95,601,669,0.223
3000,fixed,0.95,Fixed λ=0.95,602,291,0.097
3000,fixed,0.95,Fixed λ=0.95,603,484,0.16133333333333333
3000,fixed,0.95,Fixed λ=0.95,604,751,0.25033333333333335
3000,fixed,0.95,Fixed λ=0.95,605,294,0.098
3000,fixed,0.95,Fixed λ=0.95,606,674,0.22466666666666665
3000,fixed,0.95,Fixed λ=0.95,607,694,0.23133333333333334
3000,fixed,0.95,Fixed λ=0.95,608,700,0.23333333333333334
3000,fixed,0.95,Fixed λ=0.95,609,444,0.148
3000,fixed,0.95,Fixed λ=0.95,610,958,0.31933333333333336
3000,fixed,0.95,Fixed λ=0.95,611,886,0.29533333333333334
3000,fixed,0.95,Fixed λ=0.95,612,436,0.14533333333333334
3000,fixed,0.95,Fixed λ=0.95,613,318,0.106
3000,fixed,0.95,Fixed λ=0.95,614,527,0.17566666666666667
3000,fixed,0.95,Fixed λ=0.95,615,435,0.145
3000,fixed,0.95,Fixed λ=0.95,616,976,0.3253333333333333
3000,fixed,0.95,Fixed λ=0.95,617,919,0.30633333333333335
3000,fixed,0.95,Fixed λ=0.95,618,537,0.179
3000,fixed,0.95,Fixed λ=0.95,619,484,0.16133333333333333
3000,fixed,0.95,Fixed λ=0.95,620,396,0.132
3000,fixed,0.95,Fixed λ=0.95,621,682,0.22733333333333333
3000,fixed,0.95,Fixed λ=0.95,622,723,0.241
3000,fixed,0.95,Fixed λ=0.95,623,718,0.23933333333333334
3000,fixed,0.95,Fixed λ=0.95,624,380,0.12666666666666668
3000,fixed,0.95,Fixed λ=0.95,625,345,0.115
3000,fixed,0.95,Fixed λ=0.95,626,916,0.30533333333333335
3000,fixed,0.95,Fixed λ=0.95,627,699,0.233
3000,fixed,0.95,Fixed λ=0.95,628,1568,0.5226666666666666
3000,fixed,0.95,Fixed λ=0.95,629,863,0.2876666666666667
3000,fixed,0.95,Fixed λ=0.95,630,941,0.31366666666666665
3000,fixed,0.95,Fixed λ=0.95,631,880,0.29333333333333333
3000,fixed,0.95,Fixed λ=0.95,632,826,0.2753333333333333
3000,fixed,0.95,Fixed λ=0.95,633,465,0.155
3000,fixed,0.95,Fixed λ=0.95,634,723,0.241
3000,fixed,0.95,Fixed λ=0.95,635,1074,0.358
3000,fixed,0.95,Fixed λ=0.95,636,555,0.185
3000,fixed,0.95,Fixed λ=0.95,637,778,0.25933333333333336
3000,fixed,0.95,Fixed λ=0.95,638,858,0.286
3000,fixed,0.95,Fixed λ=0.95,639,796,0.2653333333333333
3000,fixed,0.95,Fixed λ=0.95,640,1006,0.3353333333333333
3000,fixed,0.95,Fixed λ=0.95,641,1158,0.386
3000,fixed,0.95,Fixed λ=0.95,642,622,0.20733333333333334
3000,fixed,0.95,Fixed λ=0.95,643,547,0.18233333333333332
3000,fixed,0.95,Fixed λ=0.95,644,808,0.2693333333333333
3000,fixed,0.95,Fixed λ=0.95,645,646,0.21533333333333332
3000,fixed,0.95,Fixed λ=0.95,646,571,0.19033333333333333
3000,fixed,0.95,Fixed λ=0.95,647,661,0.22033333333333333
3000,fixed,0.95,Fixed λ=0.95,648,932,0.31066666666666665
3000,fixed,0.95,Fixed λ=0.95,649,717,0.239
3000,fixed,0.95,Fixed λ=0.95,650,810,0.27
3000,fixed,0.95,Fixed λ=0.95,651,522,0.174
3000,fixed,0.95,Fixed λ=0.95,652,421,0.14033333333333334
3000,fixed,0.95,Fixed λ=0.95,653,495,0.165
3000,fixed,0.95,Fixed λ=0.95,654,325,0.10833333333333334
3000,fixed,0.95,Fixed λ=0.95,655,578,0.19266666666666668
3000,fixed,0.95,Fixed λ=0.95,656,719,0.23966666666666667
3000,fixed,0.95,Fixed λ=0.95,657,885,0.295
3000,fixed,0.95,Fixed λ=0.95,658,537,0.179
3000,fixed,0.95,Fixed λ=0.95,659,679,0.22633333333333333
3000,fixed,0.95,Fixed λ=0.95,660,704,0.23466666666666666
3000,fixed,0.95,Fixed λ=0.95,661,472,0.15733333333333333
3000,fixed,0.95,Fixed λ=0.95,662,774,0.258
3000,fixed,0.95,Fixed λ=0.95,663,760,0.25333333333333335
3000,fixed,0.95,Fixed λ=0.95,664,552,0.184
3000,fixed,0.95,Fixed λ=0.95,665,603,0.201
3000,fixed,0.95,Fixed λ=0.95,666,876,0.292
3000,fixed,0.95,Fixed λ=0.95,667,1093,0.36433333333333334
3000,fixed,0.95,Fixed λ=0.95,668,542,0.18066666666666667
3000,fixed,0.95,Fixed λ=0.95,669,675,0.225
3000,fixed,0.95,Fixed λ=0.95,670,398,0.13266666666666665
3000,fixed,0.95,Fixed λ=0.95,671,1240,0.41333333333333333
3000,fixed,0.95,Fixed λ=0.95,672,534,0.178
3000,fixed,0.95,Fixed λ=0.95,673,727,0.24233333333333335
3000,fixed,0.95,Fixed λ=0.95,674,571,0.19033333333333333
3000,fixed,0.95,Fixed λ=0.95,675,540,0.18
3000,fixed,0.95,Fixed λ=0.95,676,699,0.233
3000,fixed,0.95,Fixed λ=0.95,677,198,0.066
3000,fixed,0.95,Fixed λ=0.95,678,1228,0.4093333333333333
3000,fixed,0.95,Fixed λ=0.95,679,757,0.25233333333333335
3000,fixed,0.95,Fixed λ=0.95,680,903,0.301
3000,fixed,0.95,Fixed λ=0.95,681,1275,0.425
3000,fixed,0.95,Fixed λ=0.95,682,926,0.30866666666666664
3000,fixed,0.95,Fixed λ=0.95,683,476,0.15866666666666668
3000,fixed,0.95,Fixed λ=0.95,684,924,0.308
3000,fixed,0.95,Fixed λ=0.95,685,341,0.11366666666666667
3000,fixed,0.95,Fixed λ=0.95,686,915,0.305
3000,fixed,0.95,Fixed λ=0.95,687,966,0.322
3000,fixed,0.95,Fixed λ=0.95,688,331,0.11033333333333334
3000,fixed,0.95,Fixed λ=0.95,689,785,0.26166666666666666
3000,fixed,0.95,Fixed λ=0.95,690,931,0.31033333333333335
3000,fixed,0.95,Fixed λ=0.95,691,415,0.13833333333333334
3000,fixed,0.95,Fixed λ=0.95,692,541,0.18033333333333335
3000,fixed,0.95,Fixed λ=0.95,693,472,0.15733333333333333
3000,fixed,0.95,Fixed λ=0.95,694,672,0.224
3000,fixed,0.95,Fixed λ=0.95,695,766,0.25533333333333336
3000,fixed,0.95,Fixed λ=0.95,696,627,0.209
3000,fixed,0.95,Fixed λ=0.95,697,522,0.174
3000,fixed,0.95,Fixed λ=0.95,698,389,0.12966666666666668
3000,fixed,0.95,Fixed λ=0.95,699,843,0.281
3000,fixed,0.95,Fixed λ=0.95,700,244,0.08133333333333333
3000,fixed,0.95,Fixed λ=0.95,701,456,0.152
3000,fixed,0.95,Fixed λ=0.95,702,1003,0.3343333333333333
3000,fixed,0.95,Fixed λ=0.95,703,751,0.25033333333333335
3000,fixed,0.95,Fixed λ=0.95,704,731,0.24366666666666667
3000,fixed,0.95,Fixed λ=0.95,705,458,0.15266666666666667
3000,fixed,0.95,Fixed λ=0.95,706,736,0.24533333333333332
3000,fixed,0.95,Fixed λ=0.95,707,824,0.27466666666666667
3000,fixed,0.95,Fixed λ=0.95,708,428,0.14266666666666666
3000,fixed,0.95,Fixed λ=0.95,709,1115,0.37166666666666665
3000,fixed,0.95,Fixed λ=0.95,710,1764,0.588
3000,fixed,0.95,Fixed λ=0.95,711,1165,0.3883333333333333
3000,fixed,0.95,Fixed λ=0.95,712,534,0.178
3000,fixed,0.95,Fixed λ=0.95,713,442,0.14733333333333334
3000,fixed,0.95,Fixed λ=0.95,714,933,0.311
3000,fixed,0.95,Fixed λ=0.95,715,234,0.078
3000,fixed,0.95,Fixed λ=0.95,716,524,0.17466666666666666
3000,fixed,0.95,Fixed λ=0.95,717,1302,0.434
3000,fixed,0.95,Fixed λ=0.95,718,607,0.20233333333333334
3000,fixed,0.95,Fixed λ=0.95,719,642,0.214
3000,fixed,0.95,Fixed λ=0.95,720,165,0.055
3000,fixed,0.95,Fixed λ=0.95,721,739,0.24633333333333332
3000,fixed,0.95,Fixed λ=0.95,722,908,0.30266666666666664
3000,fixed,0.95,Fixed λ=0.95,723,552,0.184
3000,fixed,0.95,Fixed λ=0.95,724,305,0.10166666666666667
3000,fixed,0.95,Fixed λ=0.95,725,1347,0.449
3000,fixed,0.95,Fixed λ=0.95,726,877,0.29233333333333333
3000,fixed,0.95,Fixed λ=0.95,727,757,0.25233333333333335
3000,fixed,0.95,Fixed λ=0.95,728,400,0.13333333333333333
3000,fixed,0.95,Fixed λ=0.95,729,404,0.13466666666666666
3000,fixed,0.95,Fixed λ=0.95,730,309,0.103
3000,fixed,0.95,Fixed λ=0.95,731,683,0.22766666666666666
3000,fixed,0.95,Fixed λ=0.95,732,962,0.32066666666666666
3000,fixed,0.95,Fixed λ=0.95,733,595,0.19833333333333333
3000,fixed,0.95,Fixed λ=0.95,734,315,0.105
3000,fixed,0.95,Fixed λ=0.95,735,397,0.13233333333333333
3000,fixed,0.95,Fixed λ=0.95,736,461,0.15366666666666667
3000,fixed,0.95,Fixed λ=0.95,737,488,0.16266666666666665
3000,fixed,0.95,Fixed λ=0.95,738,361,0.12033333333333333
3000,fixed,0.95,Fixed λ=0.95,739,350,0.11666666666666667
3000,fixed,0.95,Fixed λ=0.95,740,583,0.19433333333333333
3000,fixed,0.95,Fixed λ=0.95,741,527,0.17566666666666667
3000,fixed,0.95,Fixed λ=0.95,742,636,0.212
3000,fixed,0.95,Fixed λ=0.95,743,762,0.254
3000,fixed,0.95,Fixed λ=0.95,744,728,0.24266666666666667
3000,fixed,0.95,Fixed λ=0.95,745,961,0.32033333333333336
3000,fixed,0.95,Fixed λ=0.95,746,614,0.20466666666666666
3000,fixed,0.95,Fixed λ=0.95,747,778,0.25933333333333336
3000,fixed,0.95,Fixed λ=0.95,748,93,0.031
3000,fixed,0.95,Fixed λ=0.95,749,406,0.13533333333333333
3000,fixed,0.95,Fixed λ=0.95,750,986,0.32866666666666666
3000,fixed,0.95,Fixed λ=0.95,751,853,0.2843333333333333
3000,fixed,0.95,Fixed λ=0.95,752,591,0.197
3000,fixed,0.95,Fixed λ=0.95,753,642,0.214
3000,fixed,0.95,Fixed λ=0.95,754,739,0.24633333333333332
3000,fixed,0.95,Fixed λ=0.95,755,285,0.095
3000,fixed,0.95,Fixed λ=0.95,756,524,0.17466666666666666
3000,fixed,0.95,Fixed λ=0.95,757,469,0.15633333333333332
3000,fixed,0.95,Fixed λ=0.95,758,695,0.23166666666666666
3000,fixed,0.95,Fixed λ=0.95,759,322,0.10733333333333334
3000,fixed,0.95,Fixed λ=0.95,760,668,0.22266666666666668
3000,fixed,0.95,Fixed λ=0.95,761,887,0.2956666666666667
3000,fixed,0.95,Fixed λ=0.95,762,428,0.14266666666666666
3000,fixed,0.95,Fixed λ=0.95,763,526,0.17533333333333334
3000,fixed,0.95,Fixed λ=0.95,764,635,0.21166666666666667
3000,fixed,0.95,Fixed λ=0.95,765,452,0.15066666666666667
3000,fixed,0.95,Fixed λ=0.95,766,816,0.272
3000,fixed,0.95,Fixed λ=0.95,767,791,0.26366666666666666
3000,fixed,0.95,Fixed λ=0.95,768,529,0.17633333333333334
3000,fixed,0.95,Fixed λ=0.95,769,623,0.20766666666666667
3000,fixed,0.95,Fixed λ=0.95,770,260,0.08666666666666667
3000,fixed,0.95,Fixed λ=0.95,771,1036,0.3453333333333333
3000,fixed,0.95,Fixed λ=0.95,772,228,0.076
3000,fixed,0.95,Fixed λ=0.95,773,336,0.112
3000,fixed,0.95,Fixed λ=0.95,774,942,0.314
3000,fixed,0.95,Fixed λ=0.95,775,1108,0.36933333333333335
3000,fixed,0.95,Fixed λ=0.95,776,975,0.325
3000,fixed,0.95,Fixed λ=0.95,777,539,0.17966666666666667
3000,fixed,0.95,Fixed λ=0.95,778,609,0.203
3000,fixed,0.95,Fixed λ=0.95,779,268,0.08933333333333333
3000,fixed,0.95,Fixed λ=0.95,780,341,0.11366666666666667
3000,fixed,0.95,Fixed λ=0.95,781,638,0.21266666666666667
3000,fixed,0.95,Fixed λ=0.95,782,379,0.12633333333333333
3000,fixed,0.95,Fixed λ=0.95,783,565,0.18833333333333332
3000,fixed,0.95,Fixed λ=0.95,784,670,0.22333333333333333
3000,fixed,0.95,Fixed λ=0.95,785,389,0.12966666666666668
3000,fixed,0.95,Fixed λ=0.95,786,608,0.20266666666666666
3000,fixed,0.95,Fixed λ=0.95,787,658,0.21933333333333332
3000,fixed,0.95,Fixed λ=0.95,788,673,0.22433333333333333
3000,fixed,0.95,Fixed λ=0.95,789,854,0.2846666666666667
3000,fixed,0.95,Fixed λ=0.95,790,505,0.16833333333333333
3000,fixed,0.95,Fixed λ=0.95,791,991,0.3303333333333333
3000,fixed,0.95,Fixed λ=0.95,792,1093,0.36433333333333334
3000,fixed,0.95,Fixed λ=0.95,793,347,0.11566666666666667
3000,fixed,0.95,Fixed λ=0.95,794,920,0.30666666666666664
3000,fixed,0.95,Fixed λ=0.95,795,551,0.18366666666666667
3000,fixed,0.95,Fixed λ=0.95,796,1317,0.439
3000,fixed,0.95,Fixed λ=0.95,797,144,0.048
3000,fixed,0.95,Fixed λ=0.95,798,489,0.163
3000,fixed,0.95,Fixed λ=0.95,799,523,0.17433333333333334
3000,fixed,0.95,Fixed λ=0.95,800,656,0.21866666666666668
3000,fixed,0.95,Fixed λ=0.95,801,364,0.12133333333333333
3000,fixed,0.95,Fixed λ=0.95,802,605,0.20166666666666666
3000,fixed,0.95,Fixed λ=0.95,803,546,0.182
3000,fixed,0.95,Fixed λ=0.95,804,163,0.05433333333333333
3000,fixed,0.95,Fixed λ=0.95,805,1419,0.473
3000,fixed,0.95,Fixed λ=0.95,806,953,0.31766666666666665
3000,fixed,0.95,Fixed λ=0.95,807,1176,0.392
3000,fixed,0.95,Fixed λ=0.95,808,459,0.153
3000,fixed,0.95,Fixed λ=0.95,809,461,0.15366666666666667
3000,fixed,0.95,Fixed λ=0.95,810,474,0.158
3000,fixed,0.95,Fixed λ=0.95,811,830,0.27666666666666667
3000,fixed,0.95,Fixed λ=0.95,812,639,0.213
3000,fixed,0.95,Fixed λ=0.95,813,310,0.10333333333333333
3000,fixed,0.95,Fixed λ=0.95,814,458,0.15266666666666667
3000,fixed,0.95,Fixed λ=0.95,815,522,0.174
3000,fixed,0.95,Fixed λ=0.95,816,554,0.18466666666666667
3000,fixed,0.95,Fixed λ=0.95,817,336,0.112
3000,fixed,0.95,Fixed λ=0.95,818,249,0.083
3000,fixed,0.95,Fixed λ=0.95,819,852,0.284
3000,fixed,0.95,Fixed λ=0.95,820,785,0.26166666666666666
3000,fixed,0.95,Fixed λ=0.95,821,700,0.23333333333333334
3000,fixed,0.95,Fixed λ=0.95,822,695,0.23166666666666666
3000,fixed,0.95,Fixed λ=0.95,823,878,0.2926666666666667
3000,fixed,0.95,Fixed λ=0.95,824,682,0.22733333333333333
3000,fixed,0.95,Fixed λ=0.95,825,791,0.26366666666666666
3000,fixed,0.95,Fixed λ=0.95,826,313,0.10433333333333333
3000,fixed,0.95,Fixed λ=0.95,827,508,0.16933333333333334
3000,fixed,0.95,Fixed λ=0.95,828,414,0.138
3000,fixed,0.95,Fixed λ=0.95,829,418,0.13933333333333334
3000,fixed,0.95,Fixed λ=0.95,830,964,0.32133333333333336
3000,fixed,0.95,Fixed λ=0.95,831,696,0.232
3000,fixed,0.95,Fixed λ=0.95,832,1534,0.5113333333333333
3000,fixed,0.95,Fixed λ=0.95,833,1071,0.357
3000,fixed,0.95,Fixed λ=0.95,834,637,0.21233333333333335
3000,fixed,0.95,Fixed λ=0.95,835,372,0.124
3000,fixed,0.95,Fixed λ=0.95,836,995,0.33166666666666667
3000,fixed,0.95,Fixed λ=0.95,837,817,0.2723333333333333
3000,fixed,0.95,Fixed λ=0.95,838,363,0.121
3000,fixed,0.95,Fixed λ=0.95,839,871,0.29033333333333333
3000,fixed,0.95,Fixed λ=0.95,840,639,0.213
3000,fixed,0.95,Fixed λ=0.95,841,481,0.16033333333333333
3000,fixed,0.95,Fixed λ=0.95,842,404,0.13466666666666666
3000,fixed,0.95,Fixed λ=0.95,843,1081,0.36033333333333334
3000,fixed,0.95,Fixed λ=0.95,844,1025,0.3416666666666667
3000,fixed,0.95,Fixed λ=0.95,845,345,0.115
3000,fixed,0.95,Fixed λ=0.95,846,673,0.22433333333333333
3000,fixed,0.95,Fixed λ=0.95,847,861,0.287
3000,fixed,0.95,Fixed λ=0.95,848,394,0.13133333333333333
3000,fixed,0.95,Fixed λ=0.95,849,673,0.22433333333333333
3000,fixed,0.95,Fixed λ=0.95,850,348,0.116
3000,fixed,0.95,Fixed λ=0.95,851,1046,0.3486666666666667
3000,fixed,0.95,Fixed λ=0.95,852,670,0.22333333333333333
3000,fixed,0.95,Fixed λ=0.95,853,552,0.184
3000,fixed,0.95,Fixed λ=0.95,854,90,0.03
3000,fixed,0.95,Fixed λ=0.95,855,550,0.18333333333333332
3000,fixed,0.95,Fixed λ=0.95,856,973,0.3243333333333333
3000,fixed,0.95,Fixed λ=0.95,857,470,0.15666666666666668
3000,fixed,0.95,Fixed λ=0.95,858,234,0.078
3000,fixed,0.95,Fixed λ=0.95,859,517,0.17233333333333334
3000,fixed,0.95,Fixed λ=0.95,860,99,0.033
3000,fixed,0.95,Fixed λ=0.95,861,775,0.25833333333333336
3000,fixed,0.95,Fixed λ=0.95,862,1128,0.376
3000,fixed,0.95,Fixed λ=0.95,863,789,0.263
3000,fixed,0.95,Fixed λ=0.95,864,835,0.2783333333333333
3000,fixed,0.95,Fixed λ=0.95,865,517,0.17233333333333334
3000,fixed,0.95,Fixed λ=0.95,866,1176,0.392
3000,fixed,0.95,Fixed λ=0.95,867,330,0.11
3000,fixed,0.95,Fixed λ=0.95,868,519,0.173
3000,fixed,0.95,Fixed λ=0.95,869,525,0.175
3000,fixed,0.95,Fixed λ=0.95,870,834,0.278
3000,fixed,0.95,Fixed λ=0.95,871,886,0.29533333333333334
3000,fixed,0.95,Fixed λ=0.95,872,1079,0.3596666666666667
3000,fixed,0.95,Fixed λ=0.95,873,1280,0.4266666666666667
3000,fixed,0.95,Fixed λ=0.95,874,476,0.15866666666666668
3000,fixed,0.95,Fixed λ=0.95,875,830,0.27666666666666667
3000,fixed,0.95,Fixed λ=0.95,876,412,0.13733333333333334
3000,fixed,0.95,Fixed λ=0.95,877,515,0.17166666666666666
3000,fixed,0.95,Fixed λ=0.95,878,1428,0.476
3000,fixed,0.95,Fixed λ=0.95,879,982,0.3273333333333333
3000,fixed,0.95,Fixed λ=0.95,880,355,0.11833333333333333
3000,fixed,0.95,Fixed λ=0.95,881,996,0.332
3000,fixed,0.95,Fixed λ=0.95,882,834,0.278
3000,fixed,0.95,Fixed λ=0.95,883,986,0.32866666666666666
3000,fixed,0.95,Fixed λ=0.95,884,519,0.173
3000,fixed,0.95,Fixed λ=0.95,885,478,0.15933333333333333
3000,fixed,0.95,Fixed λ=0.95,886,940,0.31333333333333335
3000,fixed,0.95,Fixed λ=0.95,887,867,0.289
3000,fixed,0.95,Fixed λ=0.95,888,910,0.30333333333333334
3000,fixed,0.95,Fixed λ=0.95,889,331,0.11033333333333334
3000,fixed,0.95,Fixed λ=0.95,890,891,0.297
3000,fixed,0.95,Fixed λ=0.95,891,154,0.051333333333333335
3000,fixed,0.95,Fixed λ=0.95,892,412,0.13733333333333334
3000,fixed,0.95,Fixed λ=0.95,893,256,0.08533333333333333
3000,fixed,0.95,Fixed λ=0.95,894,802,0.2673333333333333
3000,fixed,0.95,Fixed λ=0.95,895,1315,0.43833333333333335
3000,fixed,0.95,Fixed λ=0.95,896,148,0.04933333333333333
3000,fixed,0.95,Fixed λ=0.95,897,1213,0.4043333333333333
3000,fixed,0.95,Fixed λ=0.95,898,1124,0.37466666666666665
3000,fixed,0.95,Fixed λ=0.95,899,612,0.204
3000,fixed,0.95,Fixed λ=0.95,900,490,0.16333333333333333
3000,fixed,0.95,Fixed λ=0.95,901,619,0.20633333333333334
3000,fixed,0.95,Fixed λ=0.95,902,702,0.234
3000,fixed,0.95,Fixed λ=0.95,903,875,0.2916666666666667
3000,fixed,0.95,Fixed λ=0.95,904,420,0.14
3000,fixed,0.95,Fixed λ=0.95,905,391,0.13033333333333333
3000,fixed,0.95,Fixed λ=0.95,906,822,0.274
3000,fixed,0.95,Fixed λ=0.95,907,589,0.19633333333333333
3000,fixed,0.95,Fixed λ=0.95,908,728,0.24266666666666667
3000,fixed,0.95,Fixed λ=0.95,909,117,0.039
3000,fixed,0.95,Fixed λ=0.95,910,956,0.31866666666666665
3000,fixed,0.95,Fixed λ=0.95,911,666,0.222
3000,fixed,0.95,Fixed λ=0.95,912,1520,0.5066666666666667
3000,fixed,0.95,Fixed λ=0.95,913,298,0.09933333333333333
3000,fixed,0.95,Fixed λ=0.95,914,52,0.017333333333333333
3000,fixed,0.95,Fixed λ=0.95,915,767,0.25566666666666665
3000,fixed,0.95,Fixed λ=0.95,916,1000,0.3333333333333333
3000,fixed,0.95,Fixed λ=0.95,917,637,0.21233333333333335
3000,fixed,0.95,Fixed λ=0.95,918,1168,0.3893333333333333
3000,fixed,0.95,Fixed λ=0.95,919,1223,0.4076666666666667
3000,fixed,0.95,Fixed λ=0.95,920,791,0.26366666666666666
3000,fixed,0.95,Fixed λ=0.95,921,266,0.08866666666666667
3000,fixed,0.95,Fixed λ=0.95,922,981,0.327
3000,fixed,0.95,Fixed λ=0.95,923,515,0.17166666666666666
3000,fixed,0.95,Fixed λ=0.95,924,494,0.16466666666666666
3000,fixed,0.95,Fixed λ=0.95,925,482,0.16066666666666668
3000,fixed,0.95,Fixed λ=0.95,926,630,0.21
3000,fixed,0.95,Fixed λ=0.95,927,665,0.22166666666666668
3000,fixed,0.95,Fixed λ=0.95,928,887,0.2956666666666667
3000,fixed,0.95,Fixed λ=0.95,929,527,0.17566666666666667
3000,fixed,0.95,Fixed λ=0.95,930,605,0.20166666666666666
3000,fixed,0.95,Fixed λ=0.95,931,958,0.31933333333333336
3000,fixed,0.95,Fixed λ=0.95,932,752,0.25066666666666665
3000,fixed,0.95,Fixed λ=0.95,933,498,0.166
3000,fixed,0.95,Fixed λ=0.95,934,1051,0.35033333333333333
3000,fixed,0.95,Fixed λ=0.95,935,815,0.27166666666666667
3000,fixed,0.95,Fixed λ=0.95,936,807,0.269
3000,fixed,0.95,Fixed λ=0.95,937,244,0.08133333333333333
3000,fixed,0.95,Fixed λ=0.95,938,411,0.137
3000,fixed,0.95,Fixed λ=0.95,939,549,0.183
3000,fixed,0.95,Fixed λ=0.95,940,347,0.11566666666666667
3000,fixed,0.95,Fixed λ=0.95,941,646,0.21533333333333332
3000,fixed,0.95,Fixed λ=0.95,942,606,0.202
3000,fixed,0.95,Fixed λ=0.95,943,1208,0.4026666666666667
3000,fixed,0.95,Fixed λ=0.95,944,881,0.2936666666666667
3000,fixed,0.95,Fixed λ=0.95,945,187,0.06233333333333333
3000,fixed,0.95,Fixed λ=0.95,946,311,0.10366666666666667
3000,fixed,0.95,Fixed λ=0.95,947,676,0.22533333333333333
3000,fixed,0.95,Fixed λ=0.95,948,667,0.22233333333333333
3000,fixed,0.95,Fixed λ=0.95,949,706,0.23533333333333334
3000,fixed,0.95,Fixed λ=0.95,950,278,0.09266666666666666
3000,fixed,0.95,Fixed λ=0.95,951,838,0.2793333333333333
3000,fixed,0.95,Fixed λ=0.95,952,710,0.23666666666666666
3000,fixed,0.95,Fixed λ=0.95,953,780,0.26
3000,fixed,0.95,Fixed λ=0.95,954,729,0.243
3000,fixed,0.95,Fixed λ=0.95,955,614,0.20466666666666666
3000,fixed,0.95,Fixed λ=0.95,956,537,0.179
3000,fixed,0.95,Fixed λ=0.95,957,373,0.12433333333333334
3000,fixed,0.95,Fixed λ=0.95,958,1194,0.398
3000,fixed,0.95,Fixed λ=0.95,959,415,0.13833333333333334
3000,fixed,0.95,Fixed λ=0.95,960,299,0.09966666666666667
3000,fixed,0.95,Fixed λ=0.95,961,616,0.20533333333333334
3000,fixed,0.95,Fixed λ=0.95,962,273,0.091
3000,fixed,0.95,Fixed λ=0.95,963,739,0.24633333333333332
3000,fixed,0.95,Fixed λ=0.95,964,772,0.25733333333333336
3000,fixed,0.95,Fixed λ=0.95,965,636,0.212
3000,fixed,0.95,Fixed λ=0.95,966,1258,0.41933333333333334
3000,fixed,0.95,Fixed λ=0.95,967,757,0.25233333333333335
3000,fixed,0.95,Fixed λ=0.95,968,358,0.11933333333333333
3000,fixed,0.95,Fixed λ=0.95,969,360,0.12
3000,fixed,0.95,Fixed λ=0.95,970,568,0.18933333333333333
3000,fixed,0.95,Fixed λ=0.95,971,299,0.09966666666666667
3000,fixed,0.95,Fixed λ=0.95,972,560,0.18666666666666668
3000,fixed,0.95,Fixed λ=0.95,973,696,0.232
3000,fixed,0.95,Fixed λ=0.95,974,842,0.2806666666666667
3000,fixed,0.95,Fixed λ=0.95,975,498,0.166
3000,fixed,0.95,Fixed λ=0.95,976,899,0.2996666666666667
3000,fixed,0.95,Fixed λ=0.95,977,1002,0.334
3000,fixed,0.95,Fixed λ=0.95,978,1591,0.5303333333333333
3000,fixed,0.95,Fixed λ=0.95,979,326,0.10866666666666666
3000,fixed,0.95,Fixed λ=0.95,980,612,0.204
3000,fixed,0.95,Fixed λ=0.95,981,543,0.181
3000,fixed,0.95,Fixed λ=0.95,982,566,0.18866666666666668
3000,fixed,0.95,Fixed λ=0.95,983,363,0.121
3000,fixed,0.95,Fixed λ=0.95,984,740,0.24666666666666667
3000,fixed,0.95,Fixed λ=0.95,985,1014,0.338
3000,fixed,0.95,Fixed λ=0.95,986,700,0.23333333333333334
3000,fixed,0.95,Fixed λ=0.95,987,924,0.308
3000,fixed,0.95,Fixed λ=0.95,988,914,0.30466666666666664
3000,fixed,0.95,Fixed λ=0.95,989,885,0.295
3000,fixed,0.95,Fixed λ=0.95,990,345,0.115
3000,fixed,0.95,Fixed λ=0.95,991,494,0.16466666666666666
3000,fixed,0.95,Fixed λ=0.95,992,183,0.061
3000,fixed,0.95,Fixed λ=0.95,993,872,0.2906666666666667
3000,fixed,0.95,Fixed λ=0.95,994,1210,0.4033333333333333
3000,fixed,0.95,Fixed λ=0.95,995,738,0.246
3000,fixed,0.95,Fixed λ=0.95,996,1065,0.355
3000,fixed,0.95,Fixed λ=0.95,997,678,0.226
3000,fixed,0.95,Fixed λ=0.95,998,335,0.11166666666666666
3000,fixed,0.95,Fixed λ=0.95,999,1112,0.37066666666666664
3000,none,1.0,No forgetting,0,537,0.179
3000,none,1.0,No forgetting,1,1186,0.3953333333333333
3000,none,1.0,No forgetting,2,982,0.3273333333333333
3000,none,1.0,No forgetting,3,648,0.216
3000,none,1.0,No forgetting,4,955,0.31833333333333336
3000,none,1.0,No forgetting,5,1277,0.4256666666666667
3000,none,1.0,No forgetting,6,683,0.22766666666666666
3000,none,1.0,No forgetting,7,807,0.269
3000,none,1.0,No forgetting,8,1134,0.378
3000,none,1.0,No forgetting,9,1299,0.433
3000,none,1.0,No forgetting,10,1321,0.44033333333333335
3000,none,1.0,No forgetting,11,742,0.24733333333333332
3000,none,1.0,No forgetting,12,1452,0.484
3000,none,1.0,No forgetting,13,701,0.23366666666666666
3000,none,1.0,No forgetting,14,1666,0.5553333333333333
3000,none,1.0,No forgetting,15,1515,0.505
3000,none,1.0,No forgetting,16,984,0.328
3000,none,1.0,No forgetting,17,472,0.15733333333333333
3000,none,1.0,No forgetting,18,1312,0.43733333333333335
3000,none,1.0,No forgetting,19,903,0.301
3000,none,1.0,No forgetting,20,289,0.09633333333333334
3000,none,1.0,No forgetting,21,2038,0.6793333333333333
3000,none,1.0,No forgetting,22,1134,0.378
3000,none,1.0,No forgetting,23,1540,0.5133333333333333
3000,none,1.0,No forgetting,24,1641,0.547
3000,none,1.0,No forgetting,25,883,0.29433333333333334
3000,none,1.0,No forgetting,26,1150,0.38333333333333336
3000,none,1.0,No forgetting,27,406,0.13533333333333333
3000,none,1.0,No forgetting,28,1187,0.39566666666666667
3000,none,1.0,No forgetting,29,1704,0.568
3000,none,1.0,No forgetting,30,794,0.26466666666666666
3000,none,1.0,No forgetting,31,486,0.162
3000,none,1.0,No forgetting,32,1442,0.4806666666666667
3000,none,1.0,No forgetting,33,935,0.31166666666666665
3000,none,1.0,No forgetting,34,1564,0.5213333333333333
3000,none,1.0,No forgetting,35,255,0.085
3000,none,1.0,No forgetting,36,1128,0.376
3000,none,1.0,No forgetting,37,849,0.283
3000,none,1.0,No forgetting,38,1451,0.4836666666666667
3000,none,1.0,No forgetting,39,953,0.31766666666666665
3000,none,1.0,No forgetting,40,1842,0.614
3000,none,1.0,No forgetting,41,1274,0.4246666666666667
3000,none,1.0,No forgetting,42,1258,0.41933333333333334
3000,none,1.0,No forgetting,43,1325,0.44166666666666665
3000,none,1.0,No forgetting,44,1354,0.4513333333333333
3000,none,1.0,No forgetting,45,1341,0.447
3000,none,1.0,No forgetting,46,1322,0.44066666666666665
3000,none,1.0,No forgetting,47,1353,0.451
3000,none,1.0,No forgetting,48,623,0.20766666666666667
3000,none,1.0,No forgetting,49,1327,0.44233333333333336
3000,none,1.0,No forgetting,50,991,0.3303333333333333
3000,none,1.0,No forgetting,51,1208,0.4026666666666667
3000,none,1.0,No forgetting,52,407,0.13566666666666666
3000,none,1.0,No forgetting,53,1655,0.5516666666666666
3000,none,1.0,No forgetting,54,843,0.281
3000,none,1.0,No forgetting,55,810,0.27
3000,none,1.0,No forgetting,56,389,0.12966666666666668
3000,none,1.0,No forgetting,57,816,0.272
3000,none,1.0,No forgetting,58,1010,0.33666666666666667
3000,none,1.0,No forgetting,59,1121,0.37366666666666665
3000,none,1.0,No forgetting,60,1573,0.5243333333333333
3000,none,1.0,No forgetting,61,800,0.26666666666666666
3000,none,1.0,No forgetting,62,1799,0.5996666666666667
3000,none,1.0,No forgetting,63,1242,0.414
3000,none,1.0,No forgetting,64,1551,0.517
3000,none,1.0,No forgetting,65,939,0.313
3000,none,1.0,No forgetting,66,1451,0.4836666666666667
3000,none,1.0,No forgetting,67,1670,0.5566666666666666
3000,none,1.0,No forgetting,68,1689,0.563
3000,none,1.0,No forgetting,69,553,0.18433333333333332
3000,none,1.0,No forgetting,70,1197,0.399
3000,none,1.0,No forgetting,71,1639,0.5463333333333333
3000,none,1.0,No forgetting,72,1479,0.493
3000,none,1.0,No forgetting,73,519,0.173
3000,none,1.0,No forgetting,74,468,0.156
3000,none,1.0,No forgetting,75,665,0.22166666666666668
3000,none,1.0,No forgetting,76,1866,0.622
3000,none,1.0,No forgetting,77,1308,0.436
3000,none,1.0,No forgetting,78,1353,0.451
3000,none,1.0,No forgetting,79,1163,0.38766666666666666
3000,none,1.0,No forgetting,80,1222,0.4073333333333333
3000,none,1.0,No forgetting,81,991,0.3303333333333333
3000,none,1.0,No forgetting,82,989,0.32966666666666666
3000,none,1.0,No forgetting,83,988,0.3293333333333333
3000,none,1.0,No forgetting,84,1069,0.35633333333333334
3000,none,1.0,No forgetting,85,1040,0.3466666666666667
3000,none,1.0,No forgetting,86,719,0.23966666666666667
3000,none,1.0,No forgetting,87,108,0.036
3000,none,1.0,No forgetting,88,1253,0.4176666666666667
3000,none,1.0,No forgetting,89,737,0.24566666666666667
3000,none,1.0,No forgetting,90,888,0.296
3000,none,1.0,No forgetting,91,1199,0.39966666666666667
3000,none,1.0,No forgetting,92,1368,0.456
3000,none,1.0,No forgetting,93,1217,0.4056666666666667
3000,none,1.0,No forgetting,94,1307,0.43566666666666665
3000,none,1.0,No forgetting,95,867,0.289
3000,none,1.0,No forgetting,96,1061,0.3536666666666667
3000,none,1.0,No forgetting,97,843,0.281
3000,none,1.0,No forgetting,98,465,0.155
3000,none,1.0,No forgetting,99,1342,0.44733333333333336
3000,none,1.0,No forgetting,100,215,0.07166666666666667
3000,none,1.0,No forgetting,101,1758,0.586
3000,none,1.0,No forgetting,102,1146,0.382
3000,none,1.0,No forgetting,103,1491,0.497
3000,none,1.0,No forgetting,104,502,0.16733333333333333
3000,none,1.0,No forgetting,105,862,0.28733333333333333
3000,none,1.0,No forgetting,106,1162,0.3873333333333333
3000,none,1.0,No forgetting,107,883,0.29433333333333334
3000,none,1.0,No forgetting,108,1863,0.621
3000,none,1.0,No forgetting,109,1326,0.442
3000,none,1.0,No forgetting,110,1086,0.362
3000,none,1.0,No forgetting,111,761,0.25366666666666665
3000,none,1.0,No forgetting,112,1298,0.43266666666666664
3000,none,1.0,No forgetting,113,1153,0.38433333333333336
3000,none,1.0,No forgetting,114,1816,0.6053333333333333
3000,none,1.0,No forgetting,115,1689,0.563
3000,none,1.0,No forgetting,116,1094,0.36466666666666664
3000,none,1.0,No forgetting,117,1200,0.4
3000,none,1.0,No forgetting,118,1261,0.42033333333333334
3000,none,1.0,No forgetting,119,1191,0.397
3000,none,1.0,No forgetting,120,800,0.26666666666666666
3000,none,1.0,No forgetting,121,647,0.21566666666666667
3000,none,1.0,No forgetting,122,903,0.301
3000,none,1.0,No forgetting,123,497,0.16566666666666666
3000,none,1.0,No forgetting,124,1611,0.537
3000,none,1.0,No forgetting,125,851,0.2836666666666667
3000,none,1.0,No forgetting,126,1068,0.356
3000,none,1.0,No forgetting,127,603,0.201
3000,none,1.0,No forgetting,128,718,0.23933333333333334
3000,none,1.0,No forgetting,129,440,0.14666666666666667
3000,none,1.0,No forgetting,130,617,0.20566666666666666
3000,none,1.0,No forgetting,131,502,0.16733333333333333
3000,none,1.0,No forgetting,132,197,0.06566666666666666
3000,none,1.0,No forgetting,133,935,0.31166666666666665
3000,none,1.0,No forgetting,134,1311,0.437
3000,none,1.0,No forgetting,135,794,0.26466666666666666
3000,none,1.0,No forgetting,136,1044,0.348
3000,none,1.0,No forgetting,137,1182,0.394
3000,none,1.0,No forgetting,138,1405,0.4683333333333333
3000,none,1.0,No forgetting,139,928,0.30933333333333335
3000,none,1.0,No forgetting,140,1637,0.5456666666666666
3000,none,1.0,No forgetting,141,1308,0.436
3000,none,1.0,No forgetting,142,1806,0.602
3000,none,1.0,No forgetting,143,1150,0.38333333333333336
3000,none,1.0,No forgetting,144,1258,0.41933333333333334
3000,none,1.0,No forgetting,145,2247,0.749
3000,none,1.0,No forgetting,146,1036,0.3453333333333333
3000,none,1.0,No forgetting,147,1707,0.569
3000,none,1.0,No forgetting,148,483,0.161
3000,none,1.0,No forgetting,149,658,0.21933333333333332
3000,none,1.0,No forgetting,150,1677,0.559
3000,none,1.0,No forgetting,151,1342,0.44733333333333336
3000,none,1.0,No forgetting,152,1232,0.4106666666666667
3000,none,1.0,No forgetting,153,2077,0.6923333333333334
3000,none,1.0,No forgetting,154,1380,0.46
3000,none,1.0,No forgetting,155,991,0.3303333333333333
3000,none,1.0,No forgetting,156,1772,0.5906666666666667
3000,none,1.0,No forgetting,157,1803,0.601
3000,none,1.0,No forgetting,158,1290,0.43
3000,none,1.0,No forgetting,159,812,0.27066666666666667
3000,none,1.0,No forgetting,160,1336,0.44533333333333336
3000,none,1.0,No forgetting,161,963,0.321
3000,none,1.0,No forgetting,162,871,0.29033333333333333
3000,none,1.0,No forgetting,163,1521,0.507
3000,none,1.0,No forgetting,164,1262,0.4206666666666667
3000,none,1.0,No forgetting,165,648,0.216
3000,none,1.0,No forgetting,166,1162,0.3873333333333333
3000,none,1.0,No forgetting,167,951,0.317
3000,none,1.0,No forgetting,168,1574,0.5246666666666666
3000,none,1.0,No forgetting,169,529,0.17633333333333334
3000,none,1.0,No forgetting,170,1450,0.48333333333333334
3000,none,1.0,No forgetting,171,1538,0.5126666666666667
3000,none,1.0,No forgetting,172,1638,0.546
3000,none,1.0,No forgetting,173,1312,0.43733333333333335
3000,none,1.0,No forgetting,174,1247,0.4156666666666667
3000,none,1.0,No forgetting,175,1667,0.5556666666666666
3000,none,1.0,No forgetting,176,1471,0.49033333333333334
3000,none,1.0,No forgetting,177,1874,0.6246666666666667
3000,none,1.0,No forgetting,178,1314,0.438
3000,none,1.0,No forgetting,179,672,0.224
3000,none,1.0,No forgetting,180,944,0.31466666666666665
3000,none,1.0,No forgetting,181,832,0.2773333333333333
3000,none,1.0,No forgetting,182,1244,0.4146666666666667
3000,none,1.0,No forgetting,183,912,0.304
3000,none,1.0,No forgetting,184,692,0.23066666666666666
3000,none,1.0,No forgetting,185,706,0.23533333333333334
3000,none,1.0,No forgetting,186,1776,0.592
3000,none,1.0,No forgetting,187,2034,0.678
3000,none,1.0,No forgetting,188,768,0.256
3000,none,1.0,No forgetting,189,568,0.18933333333333333
3000,none,1.0,No forgetting,190,800,0.26666666666666666
3000,none,1.0,No forgetting,191,1349,0.44966666666666666
3000,none,1.0,No forgetting,192,1509,0.503
3000,none,1.0,No forgetting,193,1093,0.36433333333333334
3000,none,1.0,No forgetting,194,1375,0.4583333333333333
3000,none,1.0,No forgetting,195,790,0.2633333333333333
3000,none,1.0,No forgetting,196,734,0.24466666666666667
3000,none,1.0,No forgetting,197,763,0.25433333333333336
3000,none,1.0,No forgetting,198,938,0.31266666666666665
3000,none,1.0,No forgetting,199,1472,0.49066666666666664
3000,none,1.0,No forgetting,200,1354,0.4513333333333333
3000,none,1.0,No forgetting,201,598,0.19933333333333333
3000,none,1.0,No forgetting,202,1451,0.4836666666666667
3000,none,1.0,No forgetting,203,1466,0.4886666666666667
3000,none,1.0,No forgetting,204,352,0.11733333333333333
3000,none,1.0,No forgetting,205,1922,0.6406666666666667
3000,none,1.0,No forgetting,206,1255,0.41833333333333333
3000,none,1.0,No forgetting,207,1321,0.44033333333333335
3000,none,1.0,No forgetting,208,1210,0.4033333333333333
3000,none,1.0,No forgetting,209,766,0.25533333333333336
3000,none,1.0,No forgetting,210,903,0.301
3000,none,1.0,No forgetting,211,2302,0.7673333333333333
3000,none,1.0,No forgetting,212,540,0.18
3000,none,1.0,No forgetting,213,1386,0.462
3000,none,1.0,No forgetting,214,1735,0.5783333333333334
3000,none,1.0,No forgetting,215,771,0.257
3000,none,1.0,No forgetting,216,1459,0.48633333333333334
3000,none,1.0,No forgetting,217,995,0.33166666666666667
3000,none,1.0,No forgetting,218,1141,0.38033333333333336
3000,none,1.0,No forgetting,219,1661,0.5536666666666666
3000,none,1.0,No forgetting,220,1326,0.442
3000,none,1.0,No forgetting,221,1189,0.3963333333333333
3000,none,1.0,No forgetting,222,865,0.28833333333333333
3000,none,1.0,No forgetting,223,2136,0.712
3000,none,1.0,No forgetting,224,1050,0.35
3000,none,1.0,No forgetting,225,714,0.238
3000,none,1.0,No forgetting,226,1750,0.5833333333333334
3000,none,1.0,No forgetting,227,896,0.2986666666666667
3000,none,1.0,No forgetting,228,1468,0.48933333333333334
3000,none,1.0,No forgetting,229,843,0.281
3000,none,1.0,No forgetting,230,636,0.212
3000,none,1.0,No forgetting,231,285,0.095
3000,none,1.0,No forgetting,232,1083,0.361
3000,none,1.0,No forgetting,233,1523,0.5076666666666667
3000,none,1.0,No forgetting,234,287,0.09566666666666666
3000,none,1.0,No forgetting,235,1486,0.49533333333333335
3000,none,1.0,No forgetting,236,1276,0.42533333333333334
3000,none,1.0,No forgetting,237,1405,0.4683333333333333
3000,none,1.0,No forgetting,238,223,0.07433333333333333
3000,none,1.0,No forgetting,239,925,0.30833333333333335
3000,none,1.0,No forgetting,240,575,0.19166666666666668
3000,none,1.0,No forgetting,241,968,0.32266666666666666
3000,none,1.0,No forgetting,242,1509,0.503
3000,none,1.0,No forgetting,243,1663,0.5543333333333333
3000,none,1.0,No forgetting,244,1825,0.6083333333333333
3000,none,1.0,No forgetting,245,797,0.26566666666666666
3000,none,1.0,No forgetting,246,650,0.21666666666666667
3000,none,1.0,No forgetting,247,944,0.31466666666666665
3000,none,1.0,No forgetting,248,1761,0.587
3000,none,1.0,No forgetting,249,1093,0.36433333333333334
3000,none,1.0,No forgetting,250,1091,0.3636666666666667
3000,none,1.0,No forgetting,251,1930,0.6433333333333333
3000,none,1.0,No forgetting,252,1206,0.402
3000,none,1.0,No forgetting,253,957,0.319
3000,none,1.0,No forgetting,254,1715,0.5716666666666667
3000,none,1.0,No forgetting,255,1557,0.519
3000,none,1.0,No forgetting,256,84,0.028
3000,none,1.0,No forgetting,257,1382,0.46066666666666667
3000,none,1.0,No forgetting,258,1913,0.6376666666666667
3000,none,1.0,No forgetting,259,734,0.24466666666666667
3000,none,1.0,No forgetting,260,753,0.251
3000,none,1.0,No forgetting,261,675,0.225
3000,none,1.0,No forgetting,262,1165,0.3883333333333333
3000,none,1.0,No forgetting,263,662,0.22066666666666668
3000,none,1.0,No forgetting,264,887,0.2956666666666667
3000,none,1.0,No forgetting,265,1260,0.42
3000,none,1.0,No forgetting,266,1138,0.37933333333333336
3000,none,1.0,No forgetting,267,743,0.24766666666666667
3000,none,1.0,No forgetting,268,1026,0.342
3000,none,1.0,No forgetting,269,1042,0.3473333333333333
3000,none,1.0,No forgetting,270,1595,0.5316666666666666
3000,none,1.0,No forgetting,271,289,0.09633333333333334
3000,none,1.0,No forgetting,272,276,0.092
3000,none,1.0,No forgetting,273,846,0.282
3000,none,1.0,No forgetting,274,599,0.19966666666666666
3000,none,1.0,No forgetting,275,1237,0.41233333333333333
3000,none,1.0,No forgetting,276,1037,0.3456666666666667
3000,none,1.0,No forgetting,277,716,0.23866666666666667
3000,none,1.0,No forgetting,278,1862,0.6206666666666667
3000,none,1.0,No forgetting,279,1453,0.48433333333333334
3000,none,1.0,No forgetting,280,1585,0.5283333333333333
3000,none,1.0,No forgetting,281,1157,0.38566666666666666
3000,none,1.0,No forgetting,282,567,0.189
3000,none,1.0,No forgetting,283,1493,0.49766666666666665
3000,none,1.0,No forgetting,284,1153,0.38433333333333336
3000,none,1.0,No forgetting,285,1008,0.336
3000,none,1.0,No forgetting,286,1476,0.492
3000,none,1.0,No forgetting,287,1749,0.583
3000,none,1.0,No forgetting,288,1308,0.436
3000,none,1.0,No forgetting,289,1828,0.6093333333333333
3000,none,1.0,No forgetting,290,621,0.207
3000,none,1.0,No forgetting,291,1151,0.38366666666666666
3000,none,1.0,No forgetting,292,1561,0.5203333333333333
3000,none,1.0,No forgetting,293,662,0.22066666666666668
3000,none,1.0,No forgetting,294,1032,0.344
3000,none,1.0,No forgetting,295,1537,0.5123333333333333
3000,none,1.0,No forgetting,296,1207,0.4023333333333333
3000,none,1.0,No forgetting,297,1385,0.46166666666666667
3000,none,1.0,No forgetting,298,745,0.24833333333333332
3000,none,1.0,No forgetting,299,1248,0.416
3000,none,1.0,No forgetting,300,778,0.25933333333333336
3000,none,1.0,No forgetting,301,996,0.332
3000,none,1.0,No forgetting,302,1312,0.43733333333333335
3000,none,1.0,No forgetting,303,56,0.018666666666666668
3000,none,1.0,No forgetting,304,1789,0.5963333333333334
3000,none,1.0,No forgetting,305,596,0.19866666666666666
3000,none,1.0,No forgetting,306,547,0.18233333333333332
3000,none,1.0,No forgetting,307,1576,0.5253333333333333
3000,none,1.0,No forgetting,308,626,0.20866666666666667
3000,none,1.0,No forgetting,309,1288,0.42933333333333334
3000,none,1.0,No forgetting,310,1504,0.5013333333333333
3000,none,1.0,No forgetting,311,1010,0.33666666666666667
3000,none,1.0,No forgetting,312,811,0.2703333333333333
3000,none,1.0,No forgetting,313,1741,0.5803333333333334
3000,none,1.0,No forgetting,314,1180,0.3933333333333333
3000,none,1.0,No forgetting,315,1094,0.36466666666666664
3000,none,1.0,No forgetting,316,1163,0.38766666666666666
3000,none,1.0,No forgetting,317,372,0.124
3000,none,1.0,No forgetting,318,1929,0.643
3000,none,1.0,No forgetting,319,522,0.174
3000,none,1.0,No forgetting,320,1218,0.406
3000,none,1.0,No forgetting,321,1334,0.44466666666666665
3000,none,1.0,No forgetting,322,1027,0.3423333333333333
3000,none,1.0,No forgetting,323,1116,0.372
3000,none,1.0,No forgetting,324,992,0.33066666666666666
3000,none,1.0,No forgetting,325,1324,0.44133333333333336
3000,none,1.0,No forgetting,326,1006,0.3353333333333333
3000,none,1.0,No forgetting,327,950,0.31666666666666665
3000,none,1.0,No forgetting,328,1439,0.4796666666666667
3000,none,1.0,No forgetting,329,1063,0.35433333333333333
3000,none,1.0,No forgetting,330,499,0.16633333333333333
3000,none,1.0,No forgetting,331,852,0.284
3000,none,1.0,No forgetting,332,1803,0.601
3000,none,1.0,No forgetting,333,1445,0.4816666666666667
3000,none,1.0,No forgetting,334,533,0.17766666666666667
3000,none,1.0,No forgetting,335,1380,0.46
3000,none,1.0,No forgetting,336,458,0.15266666666666667
3000,none,1.0,No forgetting,337,1377,0.459
3000,none,1.0,No forgetting,338,998,0.33266666666666667
3000,none,1.0,No forgetting,339,1308,0.436
3000,none,1.0,No forgetting,340,1887,0.629
3000,none,1.0,No forgetting,341,1207,0.4023333333333333
3000,none,1.0,No forgetting,342,381,0.127
3000,none,1.0,No forgetting,343,1012,0.3373333333333333
3000,none,1.0,No forgetting,344,1107,0.369
3000,none,1.0,No forgetting,345,1018,0.3393333333333333
3000,none,1.0,No forgetting,346,969,0.323
3000,none,1.0,No forgetting,347,1507,0.5023333333333333
3000,none,1.0,No forgetting,348,962,0.32066666666666666
3000,none,1.0,No forgetting,349,1242,0.414
3000,none,1.0,No forgetting,350,1168,0.3893333333333333
3000,none,1.0,No forgetting,351,1119,0.373
3000,none,1.0,No forgetting,352,1034,0.3446666666666667
3000,none,1.0,No forgetting,353,883,0.29433333333333334
3000,none,1.0,No forgetting,354,537,0.179
3000,none,1.0,No forgetting,355,965,0.32166666666666666
3000,none,1.0,No forgetting,356,1123,0.37433333333333335
3000,none,1.0,No forgetting,357,1448,0.4826666666666667
3000,none,1.0,No forgetting,358,1605,0.535
3000,none,1.0,No forgetting,359,1300,0.43333333333333335
3000,none,1.0,No forgetting,360,923,0.30766666666666664
3000,none,1.0,No forgetting,361,1249,0.41633333333333333
3000,none,1.0,No forgetting,362,308,0.10266666666666667
3000,none,1.0,No forgetting,363,1706,0.5686666666666667
3000,none,1.0,No forgetting,364,807,0.269
3000,none,1.0,No forgetting,365,589,0.19633333333333333
3000,none,1.0,No forgetting,366,1552,0.5173333333333333
3000,none,1.0,No forgetting,367,1316,0.43866666666666665
3000,none,1.0,No forgetting,368,957,0.319
3000,none,1.0,No forgetting,369,808,0.2693333333333333
3000,none,1.0,No forgetting,370,1143,0.381
3000,none,1.0,No forgetting,371,999,0.333
3000,none,1.0,No forgetting,372,1661,0.5536666666666666
3000,none,1.0,No forgetting,373,471,0.157
3000,none,1.0,No forgetting,374,930,0.31
3000,none,1.0,No forgetting,375,1447,0.48233333333333334
3000,none,1.0,No forgetting,376,1218,0.406
3000,none,1.0,No forgetting,377,368,0.12266666666666666
3000,none,1.0,No forgetting,378,405,0.135
3000,none,1.0,No forgetting,379,1448,0.4826666666666667
3000,none,1.0,No forgetting,380,792,0.264
3000,none,1.0,No forgetting,381,1123,0.37433333333333335
3000,none,1.0,No forgetting,382,1060,0.35333333333333333
3000,none,1.0,No forgetting,383,1632,0.544
3000,none,1.0,No forgetting,384,802,0.2673333333333333
3000,none,1.0,No forgetting,385,685,0.22833333333333333
3000,none,1.0,No forgetting,386,1575,0.525
3000,none,1.0,No forgetting,387,1005,0.335
3000,none,1.0,No forgetting,388,1501,0.5003333333333333
3000,none,1.0,No forgetting,389,412,0.13733333333333334
3000,none,1.0,No forgetting,390,996,0.332
3000,none,1.0,No forgetting,391,627,0.209
3000,none,1.0,No forgetting,392,539,0.17966666666666667
3000,none,1.0,No forgetting,393,1333,0.44433333333333336
3000,none,1.0,No forgetting,394,565,0.18833333333333332
3000,none,1.0,No forgetting,395,1276,0.42533333333333334
3000,none,1.0,No forgetting,396,587,0.19566666666666666
3000,none,1.0,No forgetting,397,819,0.273
3000,none,1.0,No forgetting,398,1082,0.3606666666666667
3000,none,1.0,No forgetting,399,944,0.31466666666666665
3000,none,1.0,No forgetting,400,847,0.2823333333333333
3000,none,1.0,No forgetting,401,1321,0.44033333333333335
3000,none,1.0,No forgetting,402,630,0.21
3000,none,1.0,No forgetting,403,372,0.124
3000,none,1.0,No forgetting,404,1808,0.6026666666666667
3000,none,1.0,No forgetting,405,745,0.24833333333333332
3000,none,1.0,No forgetting,406,1946,0.6486666666666666
3000,none,1.0,No forgetting,407,997,0.3323333333333333
3000,none,1.0,No forgetting,408,1331,0.44366666666666665
3000,none,1.0,No forgetting,409,1342,0.44733333333333336
3000,none,1.0,No forgetting,410,858,0.286
3000,none,1.0,No forgetting,411,970,0.3233333333333333
3000,none,1.0,No forgetting,412,845,0.2816666666666667
3000,none,1.0,No forgetting,413,1205,0.40166666666666667
3000,none,1.0,No forgetting,414,598,0.19933333333333333
3000,none,1.0,No forgetting,415,1752,0.584
3000,none,1.0,No forgetting,416,832,0.2773333333333333
3000,none,1.0,No forgetting,417,1237,0.41233333333333333
3000,none,1.0,No forgetting,418,778,0.25933333333333336
3000,none,1.0,No forgetting,419,1024,0.3413333333333333
3000,none,1.0,No forgetting,420,1257,0.419
3000,none,1.0,No forgetting,421,747,0.249
3000,none,1.0,No forgetting,422,979,0.3263333333333333
3000,none,1.0,No forgetting,423,1764,0.588
3000,none,1.0,No forgetting,424,1229,0.4096666666666667
3000,none,1.0,No forgetting,425,306,0.102
3000,none,1.0,No forgetting,426,716,0.23866666666666667
3000,none,1.0,No forgetting,427,1468,0.48933333333333334
3000,none,1.0,No forgetting,428,805,0.2683333333333333
3000,none,1.0,No forgetting,429,1508,0.5026666666666667
3000,none,1.0,No forgetting,430,797,0.26566666666666666
3000,none,1.0,No forgetting,431,1178,0.39266666666666666
3000,none,1.0,No forgetting,432,734,0.24466666666666667
3000,none,1.0,No forgetting,433,1419,0.473
3000,none,1.0,No forgetting,434,1397,0.4656666666666667
3000,none,1.0,No forgetting,435,1477,0.49233333333333335
3000,none,1.0,No forgetting,436,1551,0.517
3000,none,1.0,No forgetting,437,968,0.32266666666666666
3000,none,1.0,No forgetting,438,1172,0.39066666666666666
3000,none,1.0,No forgetting,439,705,0.235
3000,none,1.0,No forgetting,440,1101,0.367
3000,none,1.0,No forgetting,441,1024,0.3413333333333333
3000,none,1.0,No forgetting,442,1186,0.3953333333333333
3000,none,1.0,No forgetting,443,1490,0.49666666666666665
3000,none,1.0,No forgetting,444,669,0.223
3000,none,1.0,No forgetting,445,654,0.218
3000,none,1.0,No forgetting,446,1107,0.369
3000,none,1.0,No forgetting,447,1218,0.406
3000,none,1.0,No forgetting,448,1439,0.4796666666666667
3000,none,1.0,No forgetting,449,1098,0.366
3000,none,1.0,No forgetting,450,308,0.10266666666666667
3000,none,1.0,No forgetting,451,1549,0.5163333333333333
3000,none,1.0,No forgetting,452,1247,0.4156666666666667
3000,none,1.0,No forgetting,453,843,0.281
3000,none,1.0,No forgetting,454,1123,0.37433333333333335
3000,none,1.0,No forgetting,455,873,0.291
3000,none,1.0,No forgetting,456,1402,0.4673333333333333
3000,none,1.0,No forgetting,457,1707,0.569
3000,none,1.0,No forgetting,458,830,0.27666666666666667
3000,none,1.0,No forgetting,459,1117,0.37233333333333335
3000,none,1.0,No forgetting,460,1099,0.36633333333333334
3000,none,1.0,No forgetting,461,1615,0.5383333333333333
3000,none,1.0,No forgetting,462,1455,0.485
3000,none,1.0,No forgetting,463,1507,0.5023333333333333
3000,none,1.0,No forgetting,464,1199,0.39966666666666667
3000,none,1.0,No forgetting,465,1514,0.5046666666666667
3000,none,1.0,No forgetting,466,446,0.14866666666666667
3000,none,1.0,No forgetting,467,1775,0.5916666666666667
3000,none,1.0,No forgetting,468,1056,0.352
3000,none,1.0,No forgetting,469,1185,0.395
3000,none,1.0,No forgetting,470,1115,0.37166666666666665
3000,none,1.0,No forgetting,471,806,0.26866666666666666
3000,none,1.0,No forgetting,472,1600,0.5333333333333333
3000,none,1.0,No forgetting,473,1656,0.552
3000,none,1.0,No forgetting,474,846,0.282
3000,none,1.0,No forgetting,475,2113,0.7043333333333334
3000,none,1.0,No forgetting,476,1687,0.5623333333333334
3000,none,1.0,No forgetting,477,836,0.2786666666666667
3000,none,1.0,No forgetting,478,1235,0.4116666666666667
3000,none,1.0,No forgetting,479,589,0.19633333333333333
3000,none,1.0,No forgetting,480,1198,0.3993333333333333
3000,none,1.0,No forgetting,481,1025,0.3416666666666667
3000,none,1.0,No forgetting,482,1281,0.427
3000,none,1.0,No forgetting,483,570,0.19
3000,none,1.0,No forgetting,484,864,0.288
3000,none,1.0,No forgetting,485,763,0.25433333333333336
3000,none,1.0,No forgetting,486,1173,0.391
3000,none,1.0,No forgetting,487,1173,0.391
3000,none,1.0,No forgetting,488,746,0.24866666666666667
3000,none,1.0,No forgetting,489,1302,0.434
3000,none,1.0,No forgetting,490,1187,0.39566666666666667
3000,none,1.0,No forgetting,491,1643,0.5476666666666666
3000,none,1.0,No forgetting,492,1099,0.36633333333333334
3000,none,1.0,No forgetting,493,1462,0.48733333333333334
3000,none,1.0,No forgetting,494,934,0.31133333333333335
3000,none,1.0,No forgetting,495,1023,0.341
3000,none,1.0,No forgetting,496,1581,0.527
3000,none,1.0,No forgetting,497,2093,0.6976666666666667
3000,none,1.0,No forgetting,498,1018,0.3393333333333333
3000,none,1.0,No forgetting,499,472,0.15733333333333333
3000,none,1.0,No forgetting,500,801,0.267
3000,none,1.0,No forgetting,501,1329,0.443
3000,none,1.0,No forgetting,502,788,0.26266666666666666
3000,none,1.0,No forgetting,503,1140,0.38
3000,none,1.0,No forgetting,504,1170,0.39
3000,none,1.0,No forgetting,505,1773,0.591
3000,none,1.0,No forgetting,506,1687,0.5623333333333334
3000,none,1.0,No forgetting,507,818,0.27266666666666667
3000,none,1.0,No forgetting,508,1311,0.437
3000,none,1.0,No forgetting,509,779,0.25966666666666666
3000,none,1.0,No forgetting,510,1151,0.38366666666666666
3000,none,1.0,No forgetting,511,700,0.23333333333333334
3000,none,1.0,No forgetting,512,208,0.06933333333333333
3000,none,1.0,No forgetting,513,768,0.256
3000,none,1.0,No forgetting,514,1777,0.5923333333333334
3000,none,1.0,No forgetting,515,989,0.32966666666666666
3000,none,1.0,No forgetting,516,1692,0.564
3000,none,1.0,No forgetting,517,743,0.24766666666666667
3000,none,1.0,No forgetting,518,1669,0.5563333333333333
3000,none,1.0,No forgetting,519,1093,0.36433333333333334
3000,none,1.0,No forgetting,520,1483,0.49433333333333335
3000,none,1.0,No forgetting,521,700,0.23333333333333334
3000,none,1.0,No forgetting,522,1221,0.407
3000,none,1.0,No forgetting,523,431,0.14366666666666666
3000,none,1.0,No forgetting,524,1447,0.48233333333333334
3000,none,1.0,No forgetting,525,1169,0.38966666666666666
3000,none,1.0,No forgetting,526,2187,0.729
3000,none,1.0,No forgetting,527,744,0.248
3000,none,1.0,No forgetting,528,1451,0.4836666666666667
3000,none,1.0,No forgetting,529,1258,0.41933333333333334
3000,none,1.0,No forgetting,530,1423,0.47433333333333333
3000,none,1.0,No forgetting,531,935,0.31166666666666665
3000,none,1.0,No forgetting,532,592,0.19733333333333333
3000,none,1.0,No forgetting,533,670,0.22333333333333333
3000,none,1.0,No forgetting,534,1629,0.543
3000,none,1.0,No forgetting,535,1532,0.5106666666666667
3000,none,1.0,No forgetting,536,565,0.18833333333333332
3000,none,1.0,No forgetting,537,1134,0.378
3000,none,1.0,No forgetting,538,761,0.25366666666666665
3000,none,1.0,No forgetting,539,1012,0.3373333333333333
3000,none,1.0,No forgetting,540,853,0.2843333333333333
3000,none,1.0,No forgetting,541,757,0.25233333333333335
3000,none,1.0,No forgetting,542,559,0.18633333333333332
3000,none,1.0,No forgetting,543,1490,0.49666666666666665
3000,none,1.0,No forgetting,544,1164,0.388
3000,none,1.0,No forgetting,545,1362,0.454
3000,none,1.0,No forgetting,546,1181,0.39366666666666666
3000,none,1.0,No forgetting,547,638,0.21266666666666667
3000,none,1.0,No forgetting,548,1716,0.572
3000,none,1.0,No forgetting,549,1301,0.43366666666666664
3000,none,1.0,No forgetting,550,1446,0.482
3000,none,1.0,No forgetting,551,581,0.19366666666666665
3000,none,1.0,No forgetting,552,764,0.25466666666666665
3000,none,1.0,No forgetting,553,1180,0.3933333333333333
3000,none,1.0,No forgetting,554,854,0.2846666666666667
3000,none,1.0,No forgetting,555,1030,0.3433333333333333
3000,none,1.0,No forgetting,556,1825,0.6083333333333333
3000,none,1.0,No forgetting,557,1295,0.43166666666666664
3000,none,1.0,No forgetting,558,1054,0.35133333333333333
3000,none,1.0,No forgetting,559,1686,0.562
3000,none,1.0,No forgetting,560,961,0.32033333333333336
3000,none,1.0,No forgetting,561,1538,0.5126666666666667
3000,none,1.0,No forgetting,562,1449,0.483
3000,none,1.0,No forgetting,563,1009,0.3363333333333333
3000,none,1.0,No forgetting,564,974,0.32466666666666666
3000,none,1.0,No forgetting,565,939,0.313
3000,none,1.0,No forgetting,566,571,0.19033333333333333
3000,none,1.0,No forgetting,567,801,0.267
3000,none,1.0,No forgetting,568,1540,0.5133333333333333
3000,none,1.0,No forgetting,569,649,0.21633333333333332
3000,none,1.0,No forgetting,570,1114,0.37133333333333335
3000,none,1.0,No forgetting,571,1392,0.464
3000,none,1.0,No forgetting,572,1492,0.49733333333333335
3000,none,1.0,No forgetting,573,977,0.32566666666666666
3000,none,1.0,No forgetting,574,1121,0.37366666666666665
3000,none,1.0,No forgetting,575,1159,0.3863333333333333
3000,none,1.0,No forgetting,576,481,0.16033333333333333
3000,none,1.0,No forgetting,577,478,0.15933333333333333
3000,none,1.0,No forgetting,578,744,0.248
3000,none,1.0,No forgetting,579,1150,0.38333333333333336
3000,none,1.0,No forgetting,580,1365,0.455
3000,none,1.0,No forgetting,581,837,0.279
3000,none,1.0,No forgetting,582,681,0.227
3000,none,1.0,No forgetting,583,325,0.10833333333333334
3000,none,1.0,No forgetting,584,477,0.159
3000,none,1.0,No forgetting,585,1846,0.6153333333333333
3000,none,1.0,No forgetting,586,1354,0.4513333333333333
3000,none,1.0,No forgetting,587,1187,0.39566666666666667
3000,none,1.0,No forgetting,588,1944,0.648
3000,none,1.0,No forgetting,589,624,0.208
3000,none,1.0,No forgetting,590,989,0.32966666666666666
3000,none,1.0,No forgetting,591,1035,0.345
3000,none,1.0,No forgetting,592,275,0.09166666666666666
3000,none,1.0,No forgetting,593,860,0.2866666666666667
3000,none,1.0,No forgetting,594,959,0.31966666666666665
3000,none,1.0,No forgetting,595,967,0.32233333333333336
3000,none,1.0,No forgetting,596,732,0.244
3000,none,1.0,No forgetting,597,980,0.32666666666666666
3000,none,1.0,No forgetting,598,814,0.2713333333333333
3000,none,1.0,No forgetting,599,1315,0.43833333333333335
3000,none,1.0,No forgetting,600,1382,0.46066666666666667
3000,none,1.0,No forgetting,601,1443,0.481
3000,none,1.0,No forgetting,602,887,0.2956666666666667
3000,none,1.0,No forgetting,603,1087,0.36233333333333334
3000,none,1.0,No forgetting,604,1627,0.5423333333333333
3000,none,1.0,No forgetting,605,930,0.31
3000,none,1.0,No forgetting,606,219,0.073
3000,none,1.0,No forgetting,607,1221,0.407
3000,none,1.0,No forgetting,608,1595,0.5316666666666666
3000,none,1.0,No forgetting,609,1269,0.423
3000,none,1.0,No forgetting,610,1598,0.5326666666666666
3000,none,1.0,No forgetting,611,1006,0.3353333333333333
3000,none,1.0,No forgetting,612,631,0.21033333333333334
3000,none,1.0,No forgetting,613,1252,0.41733333333333333
3000,none,1.0,No forgetting,614,1426,0.47533333333333333
3000,none,1.0,No forgetting,615,989,0.32966666666666666
3000,none,1.0,No forgetting,616,732,0.244
3000,none,1.0,No forgetting,617,1337,0.44566666666666666
3000,none,1.0,No forgetting,618,595,0.19833333333333333
3000,none,1.0,No forgetting,619,515,0.17166666666666666
3000,none,1.0,No forgetting,620,1099,0.36633333333333334
3000,none,1.0,No forgetting,621,889,0.29633333333333334
3000,none,1.0,No forgetting,622,497,0.16566666666666666
3000,none,1.0,No forgetting,623,1002,0.334
3000,none,1.0,No forgetting,624,492,0.164
3000,none,1.0,No forgetting,625,1670,0.5566666666666666
3000,none,1.0,No forgetting,626,1383,0.461
3000,none,1.0,No forgetting,627,580,0.19333333333333333
3000,none,1.0,No forgetting,628,1414,0.4713333333333333
3000,none,1.0,No forgetting,629,822,0.274
3000,none,1.0,No forgetting,630,964,0.32133333333333336
3000,none,1.0,No forgetting,631,1325,0.44166666666666665
3000,none,1.0,No forgetting,632,908,0.30266666666666664
3000,none,1.0,No forgetting,633,1136,0.37866666666666665
3000,none,1.0,No forgetting,634,1157,0.38566666666666666
3000,none,1.0,No forgetting,635,1175,0.39166666666666666
3000,none,1.0,No forgetting,636,2077,0.6923333333333334
3000,none,1.0,No forgetting,637,1145,0.38166666666666665
3000,none,1.0,No forgetting,638,560,0.18666666666666668
3000,none,1.0,No forgetting,639,1711,0.5703333333333334
3000,none,1.0,No forgetting,640,1260,0.42
3000,none,1.0,No forgetting,641,421,0.14033333333333334
3000,none,1.0,No forgetting,642,777,0.259
3000,none,1.0,No forgetting,643,879,0.293
3000,none,1.0,No forgetting,644,457,0.15233333333333332
3000,none,1.0,No forgetting,645,1136,0.37866666666666665
3000,none,1.0,No forgetting,646,775,0.25833333333333336
3000,none,1.0,No forgetting,647,1370,0.45666666666666667
3000,none,1.0,No forgetting,648,854,0.2846666666666667
3000,none,1.0,No forgetting,649,948,0.316
3000,none,1.0,No forgetting,650,489,0.163
3000,none,1.0,No forgetting,651,1292,0.43066666666666664
3000,none,1.0,No forgetting,652,1069,0.35633333333333334
3000,none,1.0,No forgetting,653,993,0.331
3000,none,1.0,No forgetting,654,593,0.19766666666666666
3000,none,1.0,No forgetting,655,1258,0.41933333333333334
3000,none,1.0,No forgetting,656,230,0.07666666666666666
3000,none,1.0,No forgetting,657,1897,0.6323333333333333
3000,none,1.0,No forgetting,658,1554,0.518
3000,none,1.0,No forgetting,659,1776,0.592
3000,none,1.0,No forgetting,660,880,0.29333333333333333
3000,none,1.0,No forgetting,661,1134,0.378
3000,none,1.0,No forgetting,662,1364,0.45466666666666666
3000,none,1.0,No forgetting,663,1942,0.6473333333333333
3000,none,1.0,No forgetting,664,1372,0.4573333333333333
3000,none,1.0,No forgetting,665,1060,0.35333333333333333
3000,none,1.0,No forgetting,666,1555,0.5183333333333333
3000,none,1.0,No forgetting,667,910,0.30333333333333334
3000,none,1.0,No forgetting,668,910,0.30333333333333334
3000,none,1.0,No forgetting,669,1379,0.45966666666666667
3000,none,1.0,No forgetting,670,535,0.17833333333333334
3000,none,1.0,No forgetting,671,1320,0.44
3000,none,1.0,No forgetting,672,845,0.2816666666666667
3000,none,1.0,No forgetting,673,949,0.31633333333333336
3000,none,1.0,No forgetting,674,809,0.26966666666666667
3000,none,1.0,No forgetting,675,1336,0.44533333333333336
3000,none,1.0,No forgetting,676,1024,0.3413333333333333
3000,none,1.0,No forgetting,677,1018,0.3393333333333333
3000,none,1.0,No forgetting,678,543,0.181
3000,none,1.0,No forgetting,679,850,0.2833333333333333
3000,none,1.0,No forgetting,680,943,0.31433333333333335
3000,none,1.0,No forgetting,681,1019,0.3396666666666667
3000,none,1.0,No forgetting,682,609,0.203
3000,none,1.0,No forgetting,683,559,0.18633333333333332
3000,none,1.0,No forgetting,684,847,0.2823333333333333
3000,none,1.0,No forgetting,685,0,0.0
3000,none,1.0,No forgetting,686,925,0.30833333333333335
3000,none,1.0,No forgetting,687,1182,0.394
3000,none,1.0,No forgetting,688,880,0.29333333333333333
3000,none,1.0,No forgetting,689,300,0.1
3000,none,1.0,No forgetting,690,551,0.18366666666666667
3000,none,1.0,No forgetting,691,1279,0.42633333333333334
3000,none,1.0,No forgetting,692,1389,0.463
3000,none,1.0,No forgetting,693,1331,0.44366666666666665
3000,none,1.0,No forgetting,694,1329,0.443
3000,none,1.0,No forgetting,695,1417,0.4723333333333333
3000,none,1.0,No forgetting,696,1303,0.43433333333333335
3000,none,1.0,No forgetting,697,1153,0.38433333333333336
3000,none,1.0,No forgetting,698,668,0.22266666666666668
3000,none,1.0,No forgetting,699,1136,0.37866666666666665
3000,none,1.0,No forgetting,700,896,0.2986666666666667
3000,none,1.0,No forgetting,701,1503,0.501
3000,none,1.0,No forgetting,702,716,0.23866666666666667
3000,none,1.0,No forgetting,703,1050,0.35
3000,none,1.0,No forgetting,704,254,0.08466666666666667
3000,none,1.0,No forgetting,705,1606,0.5353333333333333
3000,none,1.0,No forgetting,706,550,0.18333333333333332
3000,none,1.0,No forgetting,707,1164,0.388
3000,none,1.0,No forgetting,708,1957,0.6523333333333333
3000,none,1.0,No forgetting,709,584,0.19466666666666665
3000,none,1.0,No forgetting,710,1628,0.5426666666666666
3000,none,1.0,No forgetting,711,939,0.313
3000,none,1.0,No forgetting,712,1148,0.38266666666666665
3000,none,1.0,No forgetting,713,767,0.25566666666666665
3000,none,1.0,No forgetting,714,1102,0.36733333333333335
3000,none,1.0,No forgetting,715,518,0.17266666666666666
3000,none,1.0,No forgetting,716,902,0.3006666666666667
3000,none,1.0,No forgetting,717,536,0.17866666666666667
3000,none,1.0,No forgetting,718,983,0.32766666666666666
3000,none,1.0,No forgetting,719,1088,0.3626666666666667
3000,none,1.0,No forgetting,720,831,0.277
3000,none,1.0,No forgetting,721,939,0.313
3000,none,1.0,No forgetting,722,673,0.22433333333333333
3000,none,1.0,No forgetting,723,1121,0.37366666666666665
3000,none,1.0,No forgetting,724,1272,0.424
3000,none,1.0,No forgetting,725,1049,0.3496666666666667
3000,none,1.0,No forgetting,726,1053,0.351
3000,none,1.0,No forgetting,727,81,0.027
3000,none,1.0,No forgetting,728,547,0.18233333333333332
3000,none,1.0,No forgetting,729,1568,0.5226666666666666
3000,none,1.0,No forgetting,730,1827,0.609
3000,none,1.0,No forgetting,731,1394,0.4646666666666667
3000,none,1.0,No forgetting,732,221,0.07366666666666667
3000,none,1.0,No forgetting,733,1604,0.5346666666666666
3000,none,1.0,No forgetting,734,1082,0.3606666666666667
3000,none,1.0,No forgetting,735,613,0.20433333333333334
3000,none,1.0,No forgetting,736,903,0.301
3000,none,1.0,No forgetting,737,555,0.185
3000,none,1.0,No forgetting,738,1368,0.456
3000,none,1.0,No forgetting,739,913,0.30433333333333334
3000,none,1.0,No forgetting,740,1200,0.4
3000,none,1.0,No forgetting,741,1287,0.429
3000,none,1.0,No forgetting,742,683,0.22766666666666666
3000,none,1.0,No forgetting,743,1450,0.48333333333333334
3000,none,1.0,No forgetting,744,1128,0.376
3000,none,1.0,No forgetting,745,1060,0.35333333333333333
3000,none,1.0,No forgetting,746,454,0.15133333333333332
3000,none,1.0,No forgetting,747,974,0.32466666666666666
3000,none,1.0,No forgetting,748,934,0.31133333333333335
3000,none,1.0,No forgetting,749,908,0.30266666666666664
3000,none,1.0,No forgetting,750,1050,0.35
3000,none,1.0,No forgetting,751,603,0.201
3000,none,1.0,No forgetting,752,1166,0.38866666666666666
3000,none,1.0,No forgetting,753,833,0.2776666666666667
3000,none,1.0,No forgetting,754,345,0.115
3000,none,1.0,No forgetting,755,720,0.24
3000,none,1.0,No forgetting,756,633,0.211
3000,none,1.0,No forgetting,757,744,0.248
3000,none,1.0,No forgetting,758,873,0.291
3000,none,1.0,No forgetting,759,1205,0.40166666666666667
3000,none,1.0,No forgetting,760,1399,0.4663333333333333
3000,none,1.0,No forgetting,761,1299,0.433
3000,none,1.0,No forgetting,762,259,0.08633333333333333
3000,none,1.0,No forgetting,763,1845,0.615
3000,none,1.0,No forgetting,764,1669,0.5563333333333333
3000,none,1.0,No forgetting,765,1476,0.492
3000,none,1.0,No forgetting,766,1286,0.42866666666666664
3000,none,1.0,No forgetting,767,2039,0.6796666666666666
3000,none,1.0,No forgetting,768,1629,0.543
3000,none,1.0,No forgetting,769,1127,0.37566666666666665
3000,none,1.0,No forgetting,770,676,0.22533333333333333
3000,none,1.0,No forgetting,771,612,0.204
3000,none,1.0,No forgetting,772,1039,0.3463333333333333
3000,none,1.0,No forgetting,773,584,0.19466666666666665
3000,none,1.0,No forgetting,774,985,0.3283333333333333
3000,none,1.0,No forgetting,775,823,0.2743333333333333
3000,none,1.0,No forgetting,776,1463,0.4876666666666667
3000,none,1.0,No forgetting,777,706,0.23533333333333334
3000,none,1.0,No forgetting,778,1021,0.3403333333333333
3000,none,1.0,No forgetting,779,952,0.31733333333333336
3000,none,1.0,No forgetting,780,1554,0.518
3000,none,1.0,No forgetting,781,1382,0.46066666666666667
3000,none,1.0,No forgetting,782,1051,0.35033333333333333
3000,none,1.0,No forgetting,783,1079,0.3596666666666667
3000,none,1.0,No forgetting,784,1542,0.514
3000,none,1.0,No forgetting,785,1346,0.44866666666666666
3000,none,1.0,No forgetting,786,745,0.24833333333333332
3000,none,1.0,No forgetting,787,832,0.2773333333333333
3000,none,1.0,No forgetting,788,672,0.224
3000,none,1.0,No forgetting,789,1597,0.5323333333333333
3000,none,1.0,No forgetting,790,964,0.32133333333333336
3000,none,1.0,No forgetting,791,1592,0.5306666666666666
3000,none,1.0,No forgetting,792,1474,0.49133333333333334
3000,none,1.0,No forgetting,793,1439,0.4796666666666667
3000,none,1.0,No forgetting,794,1018,0.3393333333333333
3000,none,1.0,No forgetting,795,1267,0.42233333333333334
3000,none,1.0,No forgetting,796,1109,0.36966666666666664
3000,none,1.0,No forgetting,797,1615,0.5383333333333333
3000,none,1.0,No forgetting,798,935,0.31166666666666665
3000,none,1.0,No forgetting,799,1136,0.37866666666666665
3000,none,1.0,No forgetting,800,1970,0.6566666666666666
3000,none,1.0,No forgetting,801,1379,0.45966666666666667
3000,none,1.0,No forgetting,802,914,0.30466666666666664
3000,none,1.0,No forgetting,803,1281,0.427
3000,none,1.0,No forgetting,804,1085,0.3616666666666667
3000,none,1.0,No forgetting,805,1517,0.5056666666666667
3000,none,1.0,No forgetting,806,1077,0.359
3000,none,1.0,No forgetting,807,2421,0.807
3000,none,1.0,No forgetting,808,1695,0.565
3000,none,1.0,No forgetting,809,1130,0.37666666666666665
3000,none,1.0,No forgetting,810,646,0.21533333333333332
3000,none,1.0,No forgetting,811,942,0.314
3000,none,1.0,No forgetting,812,1557,0.519
3000,none,1.0,No forgetting,813,490,0.16333333333333333
3000,none,1.0,No forgetting,814,1982,0.6606666666666666
3000,none,1.0,No forgetting,815,1187,0.39566666666666667
3000,none,1.0,No forgetting,816,593,0.19766666666666666
3000,none,1.0,No forgetting,817,1645,0.5483333333333333
3000,none,1.0,No forgetting,818,1292,0.43066666666666664
3000,none,1.0,No forgetting,819,794,0.26466666666666666
3000,none,1.0,No forgetting,820,913,0.30433333333333334
3000,none,1.0,No forgetting,821,1133,0.37766666666666665
3000,none,1.0,No forgetting,822,641,0.21366666666666667
3000,none,1.0,No forgetting,823,956,0.31866666666666665
3000,none,1.0,No forgetting,824,746,0.24866666666666667
3000,none,1.0,No forgetting,825,706,0.23533333333333334
3000,none,1.0,No forgetting,826,547,0.18233333333333332
3000,none,1.0,No forgetting,827,1594,0.5313333333333333
3000,none,1.0,No forgetting,828,1170,0.39
3000,none,1.0,No forgetting,829,283,0.09433333333333334
3000,none,1.0,No forgetting,830,1070,0.3566666666666667
3000,none,1.0,No forgetting,831,771,0.257
3000,none,1.0,No forgetting,832,1314,0.438
3000,none,1.0,No forgetting,833,757,0.25233333333333335
3000,none,1.0,No forgetting,834,1320,0.44
3000,none,1.0,No forgetting,835,2078,0.6926666666666667
3000,none,1.0,No forgetting,836,1159,0.3863333333333333
3000,none,1.0,No forgetting,837,746,0.24866666666666667
3000,none,1.0,No forgetting,838,1452,0.484
3000,none,1.0,No forgetting,839,1590,0.53
3000,none,1.0,No forgetting,840,339,0.113
3000,none,1.0,No forgetting,841,1592,0.5306666666666666
3000,none,1.0,No forgetting,842,612,0.204
3000,none,1.0,No forgetting,843,1925,0.6416666666666667
3000,none,1.0,No forgetting,844,698,0.23266666666666666
3000,none,1.0,No forgetting,845,1448,0.4826666666666667
3000,none,1.0,No forgetting,846,939,0.313
3000,none,1.0,No forgetting,847,1128,0.376
3000,none,1.0,No forgetting,848,1091,0.3636666666666667
3000,none,1.0,No forgetting,849,1403,0.4676666666666667
3000,none,1.0,No forgetting,850,712,0.23733333333333334
3000,none,1.0,No forgetting,851,536,0.17866666666666667
3000,none,1.0,No forgetting,852,920,0.30666666666666664
3000,none,1.0,No forgetting,853,649,0.21633333333333332
3000,none,1.0,No forgetting,854,423,0.141
3000,none,1.0,No forgetting,855,1145,0.38166666666666665
3000,none,1.0,No forgetting,856,674,0.22466666666666665
3000,none,1.0,No forgetting,857,1091,0.3636666666666667
3000,none,1.0,No forgetting,858,989,0.32966666666666666
3000,none,1.0,No forgetting,859,866,0.2886666666666667
3000,none,1.0,No forgetting,860,538,0.17933333333333334
3000,none,1.0,No forgetting,861,663,0.221
3000,none,1.0,No forgetting,862,1129,0.37633333333333335
3000,none,1.0,No forgetting,863,1270,0.42333333333333334
3000,none,1.0,No forgetting,864,619,0.20633333333333334
3000,none,1.0,No forgetting,865,804,0.268
3000,none,1.0,No forgetting,866,1566,0.522
3000,none,1.0,No forgetting,867,554,0.18466666666666667
3000,none,1.0,No forgetting,868,1678,0.5593333333333333
3000,none,1.0,No forgetting,869,1383,0.461
3000,none,1.0,No forgetting,870,614,0.20466666666666666
3000,none,1.0,No forgetting,871,1120,0.37333333333333335
3000,none,1.0,No forgetting,872,927,0.309
3000,none,1.0,No forgetting,873,1144,0.38133333333333336
3000,none,1.0,No forgetting,874,1963,0.6543333333333333
3000,none,1.0,No forgetting,875,862,0.28733333333333333
3000,none,1.0,No forgetting,876,1247,0.4156666666666667
3000,none,1.0,No forgetting,877,1277,0.4256666666666667
3000,none,1.0,No forgetting,878,1610,0.5366666666666666
3000,none,1.0,No forgetting,879,1389,0.463
3000,none,1.0,No forgetting,880,788,0.26266666666666666
3000,none,1.0,No forgetting,881,735,0.245
3000,none,1.0,No forgetting,882,937,0.31233333333333335
3000,none,1.0,No forgetting,883,1549,0.5163333333333333
3000,none,1.0,No forgetting,884,1270,0.42333333333333334
3000,none,1.0,No forgetting,885,620,0.20666666666666667
3000,none,1.0,No forgetting,886,1900,0.6333333333333333
3000,none,1.0,No forgetting,887,1177,0.3923333333333333
3000,none,1.0,No forgetting,888,1549,0.5163333333333333
3000,none,1.0,No forgetting,889,356,0.11866666666666667
3000,none,1.0,No forgetting,890,1523,0.5076666666666667
3000,none,1.0,No forgetting,891,731,0.24366666666666667
3000,none,1.0,No forgetting,892,1434,0.478
3000,none,1.0,No forgetting,893,1224,0.408
3000,none,1.0,No forgetting,894,817,0.2723333333333333
3000,none,1.0,No forgetting,895,1091,0.3636666666666667
3000,none,1.0,No forgetting,896,929,0.30966666666666665
3000,none,1.0,No forgetting,897,1162,0.3873333333333333
3000,none,1.0,No forgetting,898,1112,0.37066666666666664
3000,none,1.0,No forgetting,899,1203,0.401
3000,none,1.0,No forgetting,900,1146,0.382
3000,none,1.0,No forgetting,901,1595,0.5316666666666666
3000,none,1.0,No forgetting,902,1031,0.3436666666666667
3000,none,1.0,No forgetting,903,1246,0.41533333333333333
3000,none,1.0,No forgetting,904,960,0.32
3000,none,1.0,No forgetting,905,1740,0.58
3000,none,1.0,No forgetting,906,1255,0.41833333333333333
3000,none,1.0,No forgetting,907,704,0.23466666666666666
3000,none,1.0,No forgetting,908,1172,0.39066666666666666
3000,none,1.0,No forgetting,909,298,0.09933333333333333
3000,none,1.0,No forgetting,910,1062,0.354
3000,none,1.0,No forgetting,911,1634,0.5446666666666666
3000,none,1.0,No forgetting,912,993,0.331
3000,none,1.0,No forgetting,913,1273,0.42433333333333334
3000,none,1.0,No forgetting,914,1704,0.568
3000,none,1.0,No forgetting,915,852,0.284
3000,none,1.0,No forgetting,916,1200,0.4
3000,none,1.0,No forgetting,917,574,0.19133333333333333
3000,none,1.0,No forgetting,918,793,0.2643333333333333
3000,none,1.0,No forgetting,919,791,0.26366666666666666
3000,none,1.0,No forgetting,920,744,0.248
3000,none,1.0,No forgetting,921,617,0.20566666666666666
3000,none,1.0,No forgetting,922,1886,0.6286666666666667
3000,none,1.0,No forgetting,923,1299,0.433
3000,none,1.0,No forgetting,924,1032,0.344
3000,none,1.0,No forgetting,925,1861,0.6203333333333333
3000,none,1.0,No forgetting,926,828,0.276
3000,none,1.0,No forgetting,927,726,0.242
3000,none,1.0,No forgetting,928,1151,0.38366666666666666
3000,none,1.0,No forgetting,929,606,0.202
3000,none,1.0,No forgetting,930,1921,0.6403333333333333
3000,none,1.0,No forgetting,931,1732,0.5773333333333334
3000,none,1.0,No forgetting,932,1133,0.37766666666666665
3000,none,1.0,No forgetting,933,1265,0.4216666666666667
3000,none,1.0,No forgetting,934,1082,0.3606666666666667
3000,none,1.0,No forgetting,935,850,0.2833333333333333
3000,none,1.0,No forgetting,936,1153,0.38433333333333336
3000,none,1.0,No forgetting,937,1407,0.469
3000,none,1.0,No forgetting,938,1516,0.5053333333333333
3000,none,1.0,No forgetting,939,1157,0.38566666666666666
3000,none,1.0,No forgetting,940,1177,0.3923333333333333
3000,none,1.0,No forgetting,941,844,0.2813333333333333
3000,none,1.0,No forgetting,942,784,0.2613333333333333
3000,none,1.0,No forgetting,943,1382,0.46066666666666667
3000,none,1.0,No forgetting,944,579,0.193
3000,none,1.0,No forgetting,945,486,0.162
3000,none,1.0,No forgetting,946,1054,0.35133333333333333
3000,none,1.0,No forgetting,947,1188,0.396
3000,none,1.0,No forgetting,948,960,0.32
3000,none,1.0,No forgetting,949,847,0.2823333333333333
3000,none,1.0,No forgetting,950,1373,0.45766666666666667
3000,none,1.0,No forgetting,951,798,0.266
3000,none,1.0,No forgetting,952,970,0.3233333333333333
3000,none,1.0,No forgetting,953,652,0.21733333333333332
3000,none,1.0,No forgetting,954,556,0.18533333333333332
3000,none,1.0,No forgetting,955,1662,0.554
3000,none,1.0,No forgetting,956,1119,0.373
3000,none,1.0,No forgetting,957,974,0.32466666666666666
3000,none,1.0,No forgetting,958,1212,0.404
3000,none,1.0,No forgetting,959,1323,0.441
3000,none,1.0,No forgetting,960,704,0.23466666666666666
3000,none,1.0,No forgetting,961,1241,0.4136666666666667
3000,none,1.0,No forgetting,962,1280,0.4266666666666667
3000,none,1.0,No forgetting,963,853,0.2843333333333333
3000,none,1.0,No forgetting,964,500,0.16666666666666666
3000,none,1.0,No forgetting,965,995,0.33166666666666667
3000,none,1.0,No forgetting,966,757,0.25233333333333335
3000,none,1.0,No forgetting,967,767,0.25566666666666665
3000,none,1.0,No forgetting,968,1001,0.33366666666666667
3000,none,1.0,No forgetting,969,1390,0.4633333333333333
3000,none,1.0,No forgetting,970,1135,0.37833333333333335
3000,none,1.0,No forgetting,971,1318,0.43933333333333335
3000,none,1.0,No forgetting,972,1137,0.379
3000,none,1.0,No forgetting,973,1655,0.5516666666666666
3000,none,1.0,No forgetting,974,1377,0.459
3000,none,1.0,No forgetting,975,1592,0.5306666666666666
3000,none,1.0,No forgetting,976,874,0.29133333333333333
3000,none,1.0,No forgetting,977,790,0.2633333333333333
3000,none,1.0,No forgetting,978,296,0.09866666666666667
3000,none,1.0,No forgetting,979,1191,0.397
3000,none,1.0,No forgetting,980,931,0.31033333333333335
3000,none,1.0,No forgetting,981,683,0.22766666666666666
3000,none,1.0,No forgetting,982,811,0.2703333333333333
3000,none,1.0,No forgetting,983,511,0.17033333333333334
3000,none,1.0,No forgetting,984,968,0.32266666666666666
3000,none,1.0,No forgetting,985,1287,0.429
3000,none,1.0,No forgetting,986,802,0.2673333333333333
3000,none,1.0,No forgetting,987,1736,0.5786666666666667
3000,none,1.0,No forgetting,988,1198,0.3993333333333333
3000,none,1.0,No forgetting,989,1131,0.377
3000,none,1.0,No forgetting,990,1210,0.4033333333333333
3000,none,1.0,No forgetting,991,376,0.12533333333333332
3000,none,1.0,No forgetting,992,1426,0.47533333333333333
3000,none,1.0,No forgetting,993,961,0.32033333333333336
3000,none,1.0,No forgetting,994,1058,0.3526666666666667
3000,none,1.0,No forgetting,995,1422,0.474
3000,none,1.0,No forgetting,996,1402,0.4673333333333333
3000,none,1.0,No forgetting,997,758,0.25266666666666665
3000,none,1.0,No forgetting,998,657,0.219
3000,none,1.0,No forgetting,999,1721,0.5736666666666667
10000,adaptive,,Adaptive,0,148,0.0148
10000,adaptive,,Adaptive,1,135,0.0135
10000,adaptive,,Adaptive,2,264,0.0264
10000,adaptive,,Adaptive,3,151,0.0151
10000,adaptive,,Adaptive,4,191,0.0191
10000,adaptive,,Adaptive,5,269,0.0269
10000,adaptive,,Adaptive,6,236,0.0236
10000,adaptive,,Adaptive,7,102,0.0102
10000,adaptive,,Adaptive,8,212,0.0212
10000,adaptive,,Adaptive,9,154,0.0154
10000,adaptive,,Adaptive,10,215,0.0215
10000,adaptive,,Adaptive,11,240,0.024
10000,adaptive,,Adaptive,12,236,0.0236
10000,adaptive,,Adaptive,13,208,0.0208
10000,adaptive,,Adaptive,14,117,0.0117
10000,adaptive,,Adaptive,15,83,0.0083
10000,adaptive,,Adaptive,16,199,0.0199
10000,adaptive,,Adaptive,17,116,0.0116
10000,adaptive,,Adaptive,18,186,0.0186
10000,adaptive,,Adaptive,19,96,0.0096
10000,adaptive,,Adaptive,20,236,0.0236
10000,adaptive,,Adaptive,21,166,0.0166
10000,adaptive,,Adaptive,22,130,0.013
10000,adaptive,,Adaptive,23,255,0.0255
10000,adaptive,,Adaptive,24,132,0.0132
10000,adaptive,,Adaptive,25,197,0.0197
10000,adaptive,,Adaptive,26,38,0.0038
10000,adaptive,,Adaptive,27,308,0.0308
10000,adaptive,,Adaptive,28,128,0.0128
10000,adaptive,,Adaptive,29,328,0.0328
10000,adaptive,,Adaptive,30,66,0.0066
10000,adaptive,,Adaptive,31,216,0.0216
10000,adaptive,,Adaptive,32,81,0.0081
10000,adaptive,,Adaptive,33,122,0.0122
10000,adaptive,,Adaptive,34,276,0.0276
10000,adaptive,,Adaptive,35,235,0.0235
10000,adaptive,,Adaptive,36,249,0.0249
10000,adaptive,,Adaptive,37,250,0.025
10000,adaptive,,Adaptive,38,151,0.0151
10000,adaptive,,Adaptive,39,233,0.0233
10000,adaptive,,Adaptive,40,222,0.0222
10000,adaptive,,Adaptive,41,251,0.0251
10000,adaptive,,Adaptive,42,166,0.0166
10000,adaptive,,Adaptive,43,224,0.0224
10000,adaptive,,Adaptive,44,173,0.0173
10000,adaptive,,Adaptive,45,60,0.006
10000,adaptive,,Adaptive,46,171,0.0171
10000,adaptive,,Adaptive,47,126,0.0126
10000,adaptive,,Adaptive,48,243,0.0243
10000,adaptive,,Adaptive,49,268,0.0268
10000,adaptive,,Adaptive,50,233,0.0233
10000,adaptive,,Adaptive,51,178,0.0178
10000,adaptive,,Adaptive,52,258,0.0258
10000,adaptive,,Adaptive,53,92,0.0092
10000,adaptive,,Adaptive,54,181,0.0181
10000,adaptive,,Adaptive,55,173,0.0173
10000,adaptive,,Adaptive,56,65,0.0065
10000,adaptive,,Adaptive,57,417,0.0417
10000,adaptive,,Adaptive,58,151,0.0151
10000,adaptive,,Adaptive,59,168,0.0168
10000,adaptive,,Adaptive,60,180,0.018
10000,adaptive,,Adaptive,61,183,0.0183
10000,adaptive,,Adaptive,62,228,0.0228
10000,adaptive,,Adaptive,63,101,0.0101
10000,adaptive,,Adaptive,64,130,0.013
10000,adaptive,,Adaptive,65,180,0.018
10000,adaptive,,Adaptive,66,350,0.035
10000,adaptive,,Adaptive,67,84,0.0084
10000,adaptive,,Adaptive,68,154,0.0154
10000,adaptive,,Adaptive,69,162,0.0162
10000,adaptive,,Adaptive,70,336,0.0336
10000,adaptive,,Adaptive,71,201,0.0201
10000,adaptive,,Adaptive,72,113,0.0113
10000,adaptive,,Adaptive,73,161,0.0161
10000,adaptive,,Adaptive,74,249,0.0249
10000,adaptive,,Adaptive,75,26,0.0026
10000,adaptive,,Adaptive,76,235,0.0235
10000,adaptive,,Adaptive,77,195,0.0195
10000,adaptive,,Adaptive,78,205,0.0205
10000,adaptive,,Adaptive,79,54,0.0054
10000,adaptive,,Adaptive,80,228,0.0228
10000,adaptive,,Adaptive,81,280,0.028
10000,adaptive,,Adaptive,82,189,0.0189
10000,adaptive,,Adaptive,83,244,0.0244
10000,adaptive,,Adaptive,84,140,0.014
10000,adaptive,,Adaptive,85,220,0.022
10000,adaptive,,Adaptive,86,216,0.0216
10000,adaptive,,Adaptive,87,189,0.0189
10000,adaptive,,Adaptive,88,252,0.0252
10000,adaptive,,Adaptive,89,184,0.0184
10000,adaptive,,Adaptive,90,194,0.0194
10000,adaptive,,Adaptive,91,212,0.0212
10000,adaptive,,Adaptive,92,98,0.0098
10000,adaptive,,Adaptive,93,77,0.0077
10000,adaptive,,Adaptive,94,256,0.0256
10000,adaptive,,Adaptive,95,220,0.022
10000,adaptive,,Adaptive,96,211,0.0211
10000,adaptive,,Adaptive,97,229,0.0229
10000,adaptive,,Adaptive,98,269,0.0269
10000,adaptive,,Adaptive,99,225,0.0225
10000,adaptive,,Adaptive,100,134,0.0134
10000,adaptive,,Adaptive,101,101,0.0101
10000,adaptive,,Adaptive,102,130,0.013
10000,adaptive,,Adaptive,103,94,0.0094
10000,adaptive,,Adaptive,104,191,0.0191
10000,adaptive,,Adaptive,105,99,0.0099
10000,adaptive,,Adaptive,106,107,0.0107
10000,adaptive,,Adaptive,107,127,0.0127
10000,adaptive,,Adaptive,108,106,0.0106
10000,adaptive,,Adaptive,109,110,0.011
10000,adaptive,,Adaptive,110,204,0.0204
10000,adaptive,,Adaptive,111,244,0.0244
10000,adaptive,,Adaptive,112,133,0.0133
10000,adaptive,,Adaptive,113,173,0.0173
10000,adaptive,,Adaptive,114,102,0.0102
10000,adaptive,,Adaptive,115,204,0.0204
10000,adaptive,,Adaptive,116,199,0.0199
10000,adaptive,,Adaptive,117,247,0.0247
10000,adaptive,,Adaptive,118,197,0.0197
10000,adaptive,,Adaptive,119,233,0.0233
10000,adaptive,,Adaptive,120,320,0.032
10000,adaptive,,Adaptive,121,325,0.0325
10000,adaptive,,Adaptive,122,207,0.0207
10000,adaptive,,Adaptive,123,91,0.0091
10000,adaptive,,Adaptive,124,162,0.0162
10000,adaptive,,Adaptive,125,153,0.0153
10000,adaptive,,Adaptive,126,194,0.0194
10000,adaptive,,Adaptive,127,196,0.0196
10000,adaptive,,Adaptive,128,271,0.0271
10000,adaptive,,Adaptive,129,329,0.0329
10000,adaptive,,Adaptive,130,251,0.0251
10000,adaptive,,Adaptive,131,239,0.0239
10000,adaptive,,Adaptive,132,141,0.0141
10000,adaptive,,Adaptive,133,130,0.013
10000,adaptive,,Adaptive,134,90,0.009
10000,adaptive,,Adaptive,135,172,0.0172
10000,adaptive,,Adaptive,136,153,0.0153
10000,adaptive,,Adaptive,137,61,0.0061
10000,adaptive,,Adaptive,138,294,0.0294
10000,adaptive,,Adaptive,139,239,0.0239
10000,adaptive,,Adaptive,140,188,0.0188
10000,adaptive,,Adaptive,141,242,0.0242
10000,adaptive,,Adaptive,142,220,0.022
10000,adaptive,,Adaptive,143,228,0.0228
10000,adaptive,,Adaptive,144,149,0.0149
10000,adaptive,,Adaptive,145,172,0.0172
10000,adaptive,,Adaptive,146,265,0.0265
10000,adaptive,,Adaptive,147,147,0.0147
10000,adaptive,,Adaptive,148,162,0.0162
10000,adaptive,,Adaptive,149,243,0.0243
10000,adaptive,,Adaptive,150,151,0.0151
10000,adaptive,,Adaptive,151,123,0.0123
10000,adaptive,,Adaptive,152,271,0.0271
10000,adaptive,,Adaptive,153,310,0.031
10000,adaptive,,Adaptive,154,200,0.02
10000,adaptive,,Adaptive,155,274,0.0274
10000,adaptive,,Adaptive,156,108,0.0108
10000,adaptive,,Adaptive,157,275,0.0275
10000,adaptive,,Adaptive,158,344,0.0344
10000,adaptive,,Adaptive,159,179,0.0179
10000,adaptive,,Adaptive,160,246,0.0246
10000,adaptive,,Adaptive,161,208,0.0208
10000,adaptive,,Adaptive,162,257,0.0257
10000,adaptive,,Adaptive,163,194,0.0194
10000,adaptive,,Adaptive,164,236,0.0236
10000,adaptive,,Adaptive,165,91,0.0091
10000,adaptive,,Adaptive,166,237,0.0237
10000,adaptive,,Adaptive,167,166,0.0166
10000,adaptive,,Adaptive,168,49,0.0049
10000,adaptive,,Adaptive,169,174,0.0174
10000,adaptive,,Adaptive,170,203,0.0203
10000,adaptive,,Adaptive,171,273,0.0273
10000,adaptive,,Adaptive,172,108,0.0108
10000,adaptive,,Adaptive,173,230,0.023
10000,adaptive,,Adaptive,174,217,0.0217
10000,adaptive,,Adaptive,175,136,0.0136
10000,adaptive,,Adaptive,176,77,0.0077
10000,adaptive,,Adaptive,177,206,0.0206
10000,adaptive,,Adaptive,178,167,0.0167
10000,adaptive,,Adaptive,179,298,0.0298
10000,adaptive,,Adaptive,180,225,0.0225
10000,adaptive,,Adaptive,181,169,0.0169
10000,adaptive,,Adaptive,182,190,0.019
10000,adaptive,,Adaptive,183,278,0.0278
10000,adaptive,,Adaptive,184,123,0.0123
10000,adaptive,,Adaptive,185,141,0.0141
10000,adaptive,,Adaptive,186,210,0.021
10000,adaptive,,Adaptive,187,274,0.0274
10000,adaptive,,Adaptive,188,186,0.0186
10000,adaptive,,Adaptive,189,271,0.0271
10000,adaptive,,Adaptive,190,332,0.0332
10000,adaptive,,Adaptive,191,124,0.0124
10000,adaptive,,Adaptive,192,85,0.0085
10000,adaptive,,Adaptive,193,148,0.0148
10000,adaptive,,Adaptive,194,289,0.0289
10000,adaptive,,Adaptive,195,111,0.0111
10000,adaptive,,Adaptive,196,164,0.0164
10000,adaptive,,Adaptive,197,209,0.0209
10000,adaptive,,Adaptive,198,177,0.0177
10000,adaptive,,Adaptive,199,266,0.0266
10000,adaptive,,Adaptive,200,85,0.0085
10000,adaptive,,Adaptive,201,314,0.0314
10000,adaptive,,Adaptive,202,66,0.0066
10000,adaptive,,Adaptive,203,118,0.0118
10000,adaptive,,Adaptive,204,175,0.0175
10000,adaptive,,Adaptive,205,278,0.0278
10000,adaptive,,Adaptive,206,160,0.016
10000,adaptive,,Adaptive,207,193,0.0193
10000,adaptive,,Adaptive,208,113,0.0113
10000,adaptive,,Adaptive,209,227,0.0227
10000,adaptive,,Adaptive,210,241,0.0241
10000,adaptive,,Adaptive,211,85,0.0085
10000,adaptive,,Adaptive,212,239,0.0239
10000,adaptive,,Adaptive,213,170,0.017
10000,adaptive,,Adaptive,214,176,0.0176
10000,adaptive,,Adaptive,215,206,0.0206
10000,adaptive,,Adaptive,216,255,0.0255
10000,adaptive,,Adaptive,217,79,0.0079
10000,adaptive,,Adaptive,218,131,0.0131
10000,adaptive,,Adaptive,219,169,0.0169
10000,adaptive,,Adaptive,220,145,0.0145
10000,adaptive,,Adaptive,221,95,0.0095
10000,adaptive,,Adaptive,222,145,0.0145
10000,adaptive,,Adaptive,223,220,0.022
10000,adaptive,,Adaptive,224,249,0.0249
10000,adaptive,,Adaptive,225,223,0.0223
10000,adaptive,,Adaptive,226,251,0.0251
10000,adaptive,,Adaptive,227,118,0.0118
10000,adaptive,,Adaptive,228,303,0.0303
10000,adaptive,,Adaptive,229,95,0.0095
10000,adaptive,,Adaptive,230,78,0.0078
10000,adaptive,,Adaptive,231,299,0.0299
10000,adaptive,,Adaptive,232,247,0.0247
10000,adaptive,,Adaptive,233,221,0.0221
10000,adaptive,,Adaptive,234,324,0.0324
10000,adaptive,,Adaptive,235,250,0.025
10000,adaptive,,Adaptive,236,148,0.0148
10000,adaptive,,Adaptive,237,143,0.0143
10000,adaptive,,Adaptive,238,121,0.0121
10000,adaptive,,Adaptive,239,287,0.0287
10000,adaptive,,Adaptive,240,246,0.0246
10000,adaptive,,Adaptive,241,239,0.0239
10000,adaptive,,Adaptive,242,396,0.0396
10000,adaptive,,Adaptive,243,178,0.0178
10000,adaptive,,Adaptive,244,287,0.0287
10000,adaptive,,Adaptive,245,341,0.0341
10000,adaptive,,Adaptive,246,134,0.0134
10000,adaptive,,Adaptive,247,214,0.0214
10000,adaptive,,Adaptive,248,203,0.0203
10000,adaptive,,Adaptive,249,155,0.0155
10000,adaptive,,Adaptive,250,236,0.0236
10000,adaptive,,Adaptive,251,360,0.036
10000,adaptive,,Adaptive,252,353,0.0353
10000,adaptive,,Adaptive,253,158,0.0158
10000,adaptive,,Adaptive,254,154,0.0154
10000,adaptive,,Adaptive,255,99,0.0099
10000,adaptive,,Adaptive,256,227,0.0227
10000,adaptive,,Adaptive,257,219,0.0219
10000,adaptive,,Adaptive,258,298,0.0298
10000,adaptive,,Adaptive,259,202,0.0202
10000,adaptive,,Adaptive,260,177,0.0177
10000,adaptive,,Adaptive,261,204,0.0204
10000,adaptive,,Adaptive,262,327,0.0327
10000,adaptive,,Adaptive,263,327,0.0327
10000,adaptive,,Adaptive,264,195,0.0195
10000,adaptive,,Adaptive,265,186,0.0186
10000,adaptive,,Adaptive,266,221,0.0221
10000,adaptive,,Adaptive,267,170,0.017
10000,adaptive,,Adaptive,268,104,0.0104
10000,adaptive,,Adaptive,269,301,0.0301
10000,adaptive,,Adaptive,270,128,0.0128
10000,adaptive,,Adaptive,271,249,0.0249
10000,adaptive,,Adaptive,272,150,0.015
10000,adaptive,,Adaptive,273,172,0.0172
10000,adaptive,,Adaptive,274,288,0.0288
10000,adaptive,,Adaptive,275,140,0.014
10000,adaptive,,Adaptive,276,129,0.0129
10000,adaptive,,Adaptive,277,149,0.0149
10000,adaptive,,Adaptive,278,286,0.0286
10000,adaptive,,Adaptive,279,289,0.0289
10000,adaptive,,Adaptive,280,177,0.0177
10000,adaptive,,Adaptive,281,212,0.0212
10000,adaptive,,Adaptive,282,300,0.03
10000,adaptive,,Adaptive,283,214,0.0214
10000,adaptive,,Adaptive,284,195,0.0195
10000,adaptive,,Adaptive,285,159,0.0159
10000,adaptive,,Adaptive,286,282,0.0282
10000,adaptive,,Adaptive,287,232,0.0232
10000,adaptive,,Adaptive,288,222,0.0222
10000,adaptive,,Adaptive,289,362,0.0362
10000,adaptive,,Adaptive,290,149,0.0149
10000,adaptive,,Adaptive,291,158,0.0158
10000,adaptive,,Adaptive,292,143,0.0143
10000,adaptive,,Adaptive,293,100,0.01
10000,adaptive,,Adaptive,294,293,0.0293
10000,adaptive,,Adaptive,295,132,0.0132
10000,adaptive,,Adaptive,296,342,0.0342
10000,adaptive,,Adaptive,297,224,0.0224
10000,adaptive,,Adaptive,298,208,0.0208
10000,adaptive,,Adaptive,299,198,0.0198
10000,adaptive,,Adaptive,300,237,0.0237
10000,adaptive,,Adaptive,301,239,0.0239
10000,adaptive,,Adaptive,302,183,0.0183
10000,adaptive,,Adaptive,303,218,0.0218
10000,adaptive,,Adaptive,304,91,0.0091
10000,adaptive,,Adaptive,305,144,0.0144
10000,adaptive,,Adaptive,306,310,0.031
10000,adaptive,,Adaptive,307,227,0.0227
10000,adaptive,,Adaptive,308,179,0.0179
10000,adaptive,,Adaptive,309,204,0.0204
10000,adaptive,,Adaptive,310,199,0.0199
10000,adaptive,,Adaptive,311,250,0.025
10000,adaptive,,Adaptive,312,349,0.0349
10000,adaptive,,Adaptive,313,243,0.0243
10000,adaptive,,Adaptive,314,89,0.0089
10000,adaptive,,Adaptive,315,124,0.0124
10000,adaptive,,Adaptive,316,124,0.0124
10000,adaptive,,Adaptive,317,175,0.0175
10000,adaptive,,Adaptive,318,151,0.0151
10000,adaptive,,Adaptive,319,171,0.0171
10000,adaptive,,Adaptive,320,51,0.0051
10000,adaptive,,Adaptive,321,201,0.0201
10000,adaptive,,Adaptive,322,207,0.0207
10000,adaptive,,Adaptive,323,231,0.0231
10000,adaptive,,Adaptive,324,231,0.0231
10000,adaptive,,Adaptive,325,93,0.0093
10000,adaptive,,Adaptive,326,205,0.0205
10000,adaptive,,Adaptive,327,272,0.0272
10000,adaptive,,Adaptive,328,112,0.0112
10000,adaptive,,Adaptive,329,206,0.0206
10000,adaptive,,Adaptive,330,164,0.0164
10000,adaptive,,Adaptive,331,187,0.0187
10000,adaptive,,Adaptive,332,242,0.0242
10000,adaptive,,Adaptive,333,173,0.0173
10000,adaptive,,Adaptive,334,212,0.0212
10000,adaptive,,Adaptive,335,221,0.0221
10000,adaptive,,Adaptive,336,139,0.0139
10000,adaptive,,Adaptive,337,186,0.0186
10000,adaptive,,Adaptive,338,197,0.0197
10000,adaptive,,Adaptive,339,166,0.0166
10000,adaptive,,Adaptive,340,180,0.018
10000,adaptive,,Adaptive,341,170,0.017
10000,adaptive,,Adaptive,342,203,0.0203
10000,adaptive,,Adaptive,343,219,0.0219
10000,adaptive,,Adaptive,344,290,0.029
10000,adaptive,,Adaptive,345,309,0.0309
10000,adaptive,,Adaptive,346,231,0.0231
10000,adaptive,,Adaptive,347,154,0.0154
10000,adaptive,,Adaptive,348,294,0.0294
10000,adaptive,,Adaptive,349,112,0.0112
10000,adaptive,,Adaptive,350,284,0.0284
10000,adaptive,,Adaptive,351,243,0.0243
10000,adaptive,,Adaptive,352,141,0.0141
10000,adaptive,,Adaptive,353,207,0.0207
10000,adaptive,,Adaptive,354,128,0.0128
10000,adaptive,,Adaptive,355,202,0.0202
10000,adaptive,,Adaptive,356,275,0.0275
10000,adaptive,,Adaptive,357,263,0.0263
10000,adaptive,,Adaptive,358,142,0.0142
10000,adaptive,,Adaptive,359,146,0.0146
10000,adaptive,,Adaptive,360,133,0.0133
10000,adaptive,,Adaptive,361,238,0.0238
10000,adaptive,,Adaptive,362,237,0.0237
10000,adaptive,,Adaptive,363,183,0.0183
10000,adaptive,,Adaptive,364,158,0.0158
10000,adaptive,,Adaptive,365,284,0.0284
10000,adaptive,,Adaptive,366,244,0.0244
10000,adaptive,,Adaptive,367,120,0.012
10000,adaptive,,Adaptive,368,266,0.0266
10000,adaptive,,Adaptive,369,80,0.008
10000,adaptive,,Adaptive,370,186,0.0186
10000,adaptive,,Adaptive,371,140,0.014
10000,adaptive,,Adaptive,372,56,0.0056
10000,adaptive,,Adaptive,373,81,0.0081
10000,adaptive,,Adaptive,374,358,0.0358
10000,adaptive,,Adaptive,375,150,0.015
10000,adaptive,,Adaptive,376,150,0.015
10000,adaptive,,Adaptive,377,129,0.0129
10000,adaptive,,Adaptive,378,250,0.025
10000,adaptive,,Adaptive,379,195,0.0195
10000,adaptive,,Adaptive,380,125,0.0125
10000,adaptive,,Adaptive,381,210,0.021
10000,adaptive,,Adaptive,382,258,0.0258
10000,adaptive,,Adaptive,383,45,0.0045
10000,adaptive,,Adaptive,384,186,0.0186
10000,adaptive,,Adaptive,385,179,0.0179
10000,adaptive,,Adaptive,386,278,0.0278
10000,adaptive,,Adaptive,387,144,0.0144
10000,adaptive,,Adaptive,388,208,0.0208
10000,adaptive,,Adaptive,389,326,0.0326
10000,adaptive,,Adaptive,390,195,0.0195
10000,adaptive,,Adaptive,391,259,0.0259
10000,adaptive,,Adaptive,392,224,0.0224
10000,adaptive,,Adaptive,393,89,0.0089
10000,adaptive,,Adaptive,394,163,0.0163
10000,adaptive,,Adaptive,395,101,0.0101
10000,adaptive,,Adaptive,396,274,0.0274
10000,adaptive,,Adaptive,397,339,0.0339
10000,adaptive,,Adaptive,398,202,0.0202
10000,adaptive,,Adaptive,399,159,0.0159
10000,adaptive,,Adaptive,400,180,0.018
10000,adaptive,,Adaptive,401,211,0.0211
10000,adaptive,,Adaptive,402,189,0.0189
10000,adaptive,,Adaptive,403,166,0.0166
10000,adaptive,,Adaptive,404,154,0.0154
10000,adaptive,,Adaptive,405,213,0.0213
10000,adaptive,,Adaptive,406,248,0.0248
10000,adaptive,,Adaptive,407,144,0.0144
10000,adaptive,,Adaptive,408,274,0.0274
10000,adaptive,,Adaptive,409,212,0.0212
10000,adaptive,,Adaptive,410,298,0.0298
10000,adaptive,,Adaptive,411,279,0.0279
10000,adaptive,,Adaptive,412,71,0.0071
10000,adaptive,,Adaptive,413,170,0.017
10000,adaptive,,Adaptive,414,420,0.042
10000,adaptive,,Adaptive,415,147,0.0147
10000,adaptive,,Adaptive,416,28,0.0028
10000,adaptive,,Adaptive,417,193,0.0193
10000,adaptive,,Adaptive,418,207,0.0207
10000,adaptive,,Adaptive,419,164,0.0164
10000,adaptive,,Adaptive,420,160,0.016
10000,adaptive,,Adaptive,421,157,0.0157
10000,adaptive,,Adaptive,422,405,0.0405
10000,adaptive,,Adaptive,423,57,0.0057
10000,adaptive,,Adaptive,424,173,0.0173
10000,adaptive,,Adaptive,425,292,0.0292
10000,adaptive,,Adaptive,426,96,0.0096
10000,adaptive,,Adaptive,427,166,0.0166
10000,adaptive,,Adaptive,428,142,0.0142
10000,adaptive,,Adaptive,429,129,0.0129
10000,adaptive,,Adaptive,430,260,0.026
10000,adaptive,,Adaptive,431,227,0.0227
10000,adaptive,,Adaptive,432,218,0.0218
10000,adaptive,,Adaptive,433,126,0.0126
10000,adaptive,,Adaptive,434,107,0.0107
10000,adaptive,,Adaptive,435,112,0.0112
10000,adaptive,,Adaptive,436,337,0.0337
10000,adaptive,,Adaptive,437,250,0.025
10000,adaptive,,Adaptive,438,249,0.0249
10000,adaptive,,Adaptive,439,316,0.0316
10000,adaptive,,Adaptive,440,177,0.0177
10000,adaptive,,Adaptive,441,135,0.0135
10000,adaptive,,Adaptive,442,169,0.0169
10000,adaptive,,Adaptive,443,100,0.01
10000,adaptive,,Adaptive,444,318,0.0318
10000,adaptive,,Adaptive,445,135,0.0135
10000,adaptive,,Adaptive,446,244,0.0244
10000,adaptive,,Adaptive,447,361,0.0361
10000,adaptive,,Adaptive,448,295,0.0295
10000,adaptive,,Adaptive,449,134,0.0134
10000,adaptive,,Adaptive,450,354,0.0354
10000,adaptive,,Adaptive,451,145,0.0145
10000,adaptive,,Adaptive,452,131,0.0131
10000,adaptive,,Adaptive,453,245,0.0245
10000,adaptive,,Adaptive,454,271,0.0271
10000,adaptive,,Adaptive,455,215,0.0215
10000,adaptive,,Adaptive,456,103,0.0103
10000,adaptive,,Adaptive,457,138,0.0138
10000,adaptive,,Adaptive,458,189,0.0189
10000,adaptive,,Adaptive,459,37,0.0037
10000,adaptive,,Adaptive,460,96,0.0096
10000,adaptive,,Adaptive,461,237,0.0237
10000,adaptive,,Adaptive,462,189,0.0189
10000,adaptive,,Adaptive,463,206,0.0206
10000,adaptive,,Adaptive,464,117,0.0117
10000,adaptive,,Adaptive,465,136,0.0136
10000,adaptive,,Adaptive,466,162,0.0162
10000,adaptive,,Adaptive,467,172,0.0172
10000,adaptive,,Adaptive,468,97,0.0097
10000,adaptive,,Adaptive,469,227,0.0227
10000,adaptive,,Adaptive,470,242,0.0242
10000,adaptive,,Adaptive,471,322,0.0322
10000,adaptive,,Adaptive,472,45,0.0045
10000,adaptive,,Adaptive,473,266,0.0266
10000,adaptive,,Adaptive,474,180,0.018
10000,adaptive,,Adaptive,475,161,0.0161
10000,adaptive,,Adaptive,476,276,0.0276
10000,adaptive,,Adaptive,477,193,0.0193
10000,adaptive,,Adaptive,478,247,0.0247
10000,adaptive,,Adaptive,479,258,0.0258
10000,adaptive,,Adaptive,480,266,0.0266
10000,adaptive,,Adaptive,481,151,0.0151
10000,adaptive,,Adaptive,482,377,0.0377
10000,adaptive,,Adaptive,483,376,0.0376
10000,adaptive,,Adaptive,484,218,0.0218
10000,adaptive,,Adaptive,485,183,0.0183
10000,adaptive,,Adaptive,486,191,0.0191
10000,adaptive,,Adaptive,487,263,0.0263
10000,adaptive,,Adaptive,488,172,0.0172
10000,adaptive,,Adaptive,489,300,0.03
10000,adaptive,,Adaptive,490,143,0.0143
10000,adaptive,,Adaptive,491,188,0.0188
10000,adaptive,,Adaptive,492,233,0.0233
10000,adaptive,,Adaptive,493,149,0.0149
10000,adaptive,,Adaptive,494,255,0.0255
10000,adaptive,,Adaptive,495,105,0.0105
10000,adaptive,,Adaptive,496,118,0.0118
10000,adaptive,,Adaptive,497,132,0.0132
10000,adaptive,,Adaptive,498,115,0.0115
10000,adaptive,,Adaptive,499,156,0.0156
10000,adaptive,,Adaptive,500,210,0.021
10000,adaptive,,Adaptive,501,305,0.0305
10000,adaptive,,Adaptive,502,155,0.0155
10000,adaptive,,Adaptive,503,152,0.0152
10000,adaptive,,Adaptive,504,196,0.0196
10000,adaptive,,Adaptive,505,21,0.0021
10000,adaptive,,Adaptive,506,210,0.021
10000,adaptive,,Adaptive,507,338,0.0338
10000,adaptive,,Adaptive,508,126,0.0126
10000,adaptive,,Adaptive,509,264,0.0264
10000,adaptive,,Adaptive,510,129,0.0129
10000,adaptive,,Adaptive,511,398,0.0398
10000,adaptive,,Adaptive,512,351,0.0351
10000,adaptive,,Adaptive,513,314,0.0314
10000,adaptive,,Adaptive,514,61,0.0061
10000,adaptive,,Adaptive,515,123,0.0123
10000,adaptive,,Adaptive,516,202,0.0202
10000,adaptive,,Adaptive,517,212,0.0212
10000,adaptive,,Adaptive,518,133,0.0133
10000,adaptive,,Adaptive,519,203,0.0203
10000,adaptive,,Adaptive,520,171,0.0171
10000,adaptive,,Adaptive,521,234,0.0234
10000,adaptive,,Adaptive,522,210,0.021
10000,adaptive,,Adaptive,523,238,0.0238
10000,adaptive,,Adaptive,524,217,0.0217
10000,adaptive,,Adaptive,525,223,0.0223
10000,adaptive,,Adaptive,526,224,0.0224
10000,adaptive,,Adaptive,527,262,0.0262
10000,adaptive,,Adaptive,528,396,0.0396
10000,adaptive,,Adaptive,529,267,0.0267
10000,adaptive,,Adaptive,530,284,0.0284
10000,adaptive,,Adaptive,531,192,0.0192
10000,adaptive,,Adaptive,532,331,0.0331
10000,adaptive,,Adaptive,533,341,0.0341
10000,adaptive,,Adaptive,534,153,0.0153
10000,adaptive,,Adaptive,535,199,0.0199
10000,adaptive,,Adaptive,536,240,0.024
10000,adaptive,,Adaptive,537,214,0.0214
10000,adaptive,,Adaptive,538,171,0.0171
10000,adaptive,,Adaptive,539,287,0.0287
10000,adaptive,,Adaptive,540,166,0.0166
10000,adaptive,,Adaptive,541,247,0.0247
10000,adaptive,,Adaptive,542,198,0.0198
10000,adaptive,,Adaptive,543,113,0.0113
10000,adaptive,,Adaptive,544,264,0.0264
10000,adaptive,,Adaptive,545,248,0.0248
10000,adaptive,,Adaptive,546,124,0.0124
10000,adaptive,,Adaptive,547,120,0.012
10000,adaptive,,Adaptive,548,57,0.0057
10000,adaptive,,Adaptive,549,304,0.0304
10000,adaptive,,Adaptive,550,199,0.0199
10000,adaptive,,Adaptive,551,120,0.012
10000,adaptive,,Adaptive,552,49,0.0049
10000,adaptive,,Adaptive,553,323,0.0323
10000,adaptive,,Adaptive,554,276,0.0276
10000,adaptive,,Adaptive,555,144,0.0144
10000,adaptive,,Adaptive,556,123,0.0123
10000,adaptive,,Adaptive,557,242,0.0242
10000,adaptive,,Adaptive,558,112,0.0112
10000,adaptive,,Adaptive,559,164,0.0164
10000,adaptive,,Adaptive,560,249,0.0249
10000,adaptive,,Adaptive,561,89,0.0089
10000,adaptive,,Adaptive,562,297,0.0297
10000,adaptive,,Adaptive,563,141,0.0141
10000,adaptive,,Adaptive,564,131,0.0131
10000,adaptive,,Adaptive,565,171,0.0171
10000,adaptive,,Adaptive,566,64,0.0064
10000,adaptive,,Adaptive,567,200,0.02
10000,adaptive,,Adaptive,568,226,0.0226
10000,adaptive,,Adaptive,569,235,0.0235
10000,adaptive,,Adaptive,570,144,0.0144
10000,adaptive,,Adaptive,571,51,0.0051
10000,adaptive,,Adaptive,572,209,0.0209
10000,adaptive,,Adaptive,573,169,0.0169
10000,adaptive,,Adaptive,574,185,0.0185
10000,adaptive,,Adaptive,575,168,0.0168
10000,adaptive,,Adaptive,576,205,0.0205
10000,adaptive,,Adaptive,577,193,0.0193
10000,adaptive,,Adaptive,578,169,0.0169
10000,adaptive,,Adaptive,579,357,0.0357
10000,adaptive,,Adaptive,580,243,0.0243
10000,adaptive,,Adaptive,581,207,0.0207
10000,adaptive,,Adaptive,582,242,0.0242
10000,adaptive,,Adaptive,583,205,0.0205
10000,adaptive,,Adaptive,584,285,0.0285
10000,adaptive,,Adaptive,585,193,0.0193
10000,adaptive,,Adaptive,586,326,0.0326
10000,adaptive,,Adaptive,587,140,0.014
10000,adaptive,,Adaptive,588,215,0.0215
10000,adaptive,,Adaptive,589,115,0.0115
10000,adaptive,,Adaptive,590,208,0.0208
10000,adaptive,,Adaptive,591,236,0.0236
10000,adaptive,,Adaptive,592,184,0.0184
10000,adaptive,,Adaptive,593,204,0.0204
10000,adaptive,,Adaptive,594,321,0.0321
10000,adaptive,,Adaptive,595,373,0.0373
10000,adaptive,,Adaptive,596,138,0.0138
10000,adaptive,,Adaptive,597,89,0.0089
10000,adaptive,,Adaptive,598,82,0.0082
10000,adaptive,,Adaptive,599,90,0.009
10000,adaptive,,Adaptive,600,171,0.0171
10000,adaptive,,Adaptive,601,255,0.0255
10000,adaptive,,Adaptive,602,185,0.0185
10000,adaptive,,Adaptive,603,343,0.0343
10000,adaptive,,Adaptive,604,212,0.0212
10000,adaptive,,Adaptive,605,194,0.0194
10000,adaptive,,Adaptive,606,217,0.0217
10000,adaptive,,Adaptive,607,142,0.0142
10000,adaptive,,Adaptive,608,126,0.0126
10000,adaptive,,Adaptive,609,188,0.0188
10000,adaptive,,Adaptive,610,252,0.0252
10000,adaptive,,Adaptive,611,175,0.0175
10000,adaptive,,Adaptive,612,237,0.0237
10000,adaptive,,Adaptive,613,145,0.0145
10000,adaptive,,Adaptive,614,408,0.0408
10000,adaptive,,Adaptive,615,193,0.0193
10000,adaptive,,Adaptive,616,249,0.0249
10000,adaptive,,Adaptive,617,254,0.0254
10000,adaptive,,Adaptive,618,39,0.0039
10000,adaptive,,Adaptive,619,30,0.003
10000,adaptive,,Adaptive,620,245,0.0245
10000,adaptive,,Adaptive,621,178,0.0178
10000,adaptive,,Adaptive,622,326,0.0326
10000,adaptive,,Adaptive,623,122,0.0122
10000,adaptive,,Adaptive,624,98,0.0098
10000,adaptive,,Adaptive,625,159,0.0159
10000,adaptive,,Adaptive,626,111,0.0111
10000,adaptive,,Adaptive,627,307,0.0307
10000,adaptive,,Adaptive,628,403,0.0403
10000,adaptive,,Adaptive,629,311,0.0311
10000,adaptive,,Adaptive,630,141,0.0141
10000,adaptive,,Adaptive,631,356,0.0356
10000,adaptive,,Adaptive,632,253,0.0253
10000,adaptive,,Adaptive,633,109,0.0109
10000,adaptive,,Adaptive,634,209,0.0209
10000,adaptive,,Adaptive,635,290,0.029
10000,adaptive,,Adaptive,636,148,0.0148
10000,adaptive,,Adaptive,637,210,0.021
10000,adaptive,,Adaptive,638,67,0.0067
10000,adaptive,,Adaptive,639,78,0.0078
10000,adaptive,,Adaptive,640,239,0.0239
10000,adaptive,,Adaptive,641,232,0.0232
10000,adaptive,,Adaptive,642,175,0.0175
10000,adaptive,,Adaptive,643,199,0.0199
10000,adaptive,,Adaptive,644,305,0.0305
10000,adaptive,,Adaptive,645,256,0.0256
10000,adaptive,,Adaptive,646,185,0.0185
10000,adaptive,,Adaptive,647,106,0.0106
10000,adaptive,,Adaptive,648,343,0.0343
10000,adaptive,,Adaptive,649,181,0.0181
10000,adaptive,,Adaptive,650,232,0.0232
10000,adaptive,,Adaptive,651,68,0.0068
10000,adaptive,,Adaptive,652,188,0.0188
10000,adaptive,,Adaptive,653,185,0.0185
10000,adaptive,,Adaptive,654,299,0.0299
10000,adaptive,,Adaptive,655,197,0.0197
10000,adaptive,,Adaptive,656,77,0.0077
10000,adaptive,,Adaptive,657,198,0.0198
10000,adaptive,,Adaptive,658,345,0.0345
10000,adaptive,,Adaptive,659,80,0.008
10000,adaptive,,Adaptive,660,309,0.0309
10000,adaptive,,Adaptive,661,80,0.008
10000,adaptive,,Adaptive,662,140,0.014
10000,adaptive,,Adaptive,663,139,0.0139
10000,adaptive,,Adaptive,664,140,0.014
10000,adaptive,,Adaptive,665,250,0.025
10000,adaptive,,Adaptive,666,224,0.0224
10000,adaptive,,Adaptive,667,266,0.0266
10000,adaptive,,Adaptive,668,297,0.0297
10000,adaptive,,Adaptive,669,241,0.0241
10000,adaptive,,Adaptive,670,66,0.0066
10000,adaptive,,Adaptive,671,257,0.0257
10000,adaptive,,Adaptive,672,135,0.0135
10000,adaptive,,Adaptive,673,267,0.0267
10000,adaptive,,Adaptive,674,179,0.0179
10000,adaptive,,Adaptive,675,317,0.0317
10000,adaptive,,Adaptive,676,173,0.0173
10000,adaptive,,Adaptive,677,260,0.026
10000,adaptive,,Adaptive,678,340,0.034
10000,adaptive,,Adaptive,679,400,0.04
10000,adaptive,,Adaptive,680,291,0.0291
10000,adaptive,,Adaptive,681,217,0.0217
10000,adaptive,,Adaptive,682,125,0.0125
10000,adaptive,,Adaptive,683,51,0.0051
10000,adaptive,,Adaptive,684,241,0.0241
10000,adaptive,,Adaptive,685,245,0.0245
10000,adaptive,,Adaptive,686,104,0.0104
10000,adaptive,,Adaptive,687,216,0.0216
10000,adaptive,,Adaptive,688,86,0.0086
10000,adaptive,,Adaptive,689,141,0.0141
10000,adaptive,,Adaptive,690,194,0.0194
10000,adaptive,,Adaptive,691,338,0.0338
10000,adaptive,,Adaptive,692,233,0.0233
10000,adaptive,,Adaptive,693,177,0.0177
10000,adaptive,,Adaptive,694,116,0.0116
10000,adaptive,,Adaptive,695,225,0.0225
10000,adaptive,,Adaptive,696,288,0.0288
10000,adaptive,,Adaptive,697,266,0.0266
10000,adaptive,,Adaptive,698,215,0.0215
10000,adaptive,,Adaptive,699,134,0.0134
10000,adaptive,,Adaptive,700,189,0.0189
10000,adaptive,,Adaptive,701,107,0.0107
10000,adaptive,,Adaptive,702,243,0.0243
10000,adaptive,,Adaptive,703,303,0.0303
10000,adaptive,,Adaptive,704,121,0.0121
10000,adaptive,,Adaptive,705,203,0.0203
10000,adaptive,,Adaptive,706,184,0.0184
10000,adaptive,,Adaptive,707,165,0.0165
10000,adaptive,,Adaptive,708,243,0.0243
10000,adaptive,,Adaptive,709,173,0.0173
10000,adaptive,,Adaptive,710,40,0.004
10000,adaptive,,Adaptive,711,61,0.0061
10000,adaptive,,Adaptive,712,247,0.0247
10000,adaptive,,Adaptive,713,119,0.0119
10000,adaptive,,Adaptive,714,274,0.0274
10000,adaptive,,Adaptive,715,145,0.0145
10000,adaptive,,Adaptive,716,146,0.0146
10000,adaptive,,Adaptive,717,249,0.0249
10000,adaptive,,Adaptive,718,163,0.0163
10000,adaptive,,Adaptive,719,328,0.0328
10000,adaptive,,Adaptive,720,159,0.0159
10000,adaptive,,Adaptive,721,332,0.0332
10000,adaptive,,Adaptive,722,217,0.0217
10000,adaptive,,Adaptive,723,300,0.03
10000,adaptive,,Adaptive,724,257,0.0257
10000,adaptive,,Adaptive,725,275,0.0275
10000,adaptive,,Adaptive,726,116,0.0116
10000,adaptive,,Adaptive,727,259,0.0259
10000,adaptive,,Adaptive,728,173,0.0173
10000,adaptive,,Adaptive,729,169,0.0169
10000,adaptive,,Adaptive,730,213,0.0213
10000,adaptive,,Adaptive,731,213,0.0213
10000,adaptive,,Adaptive,732,203,0.0203
10000,adaptive,,Adaptive,733,193,0.0193
10000,adaptive,,Adaptive,734,232,0.0232
10000,adaptive,,Adaptive,735,182,0.0182
10000,adaptive,,Adaptive,736,237,0.0237
10000,adaptive,,Adaptive,737,142,0.0142
10000,adaptive,,Adaptive,738,165,0.0165
10000,adaptive,,Adaptive,739,172,0.0172
10000,adaptive,,Adaptive,740,108,0.0108
10000,adaptive,,Adaptive,741,396,0.0396
10000,adaptive,,Adaptive,742,225,0.0225
10000,adaptive,,Adaptive,743,255,0.0255
10000,adaptive,,Adaptive,744,257,0.0257
10000,adaptive,,Adaptive,745,191,0.0191
10000,adaptive,,Adaptive,746,209,0.0209
10000,adaptive,,Adaptive,747,273,0.0273
10000,adaptive,,Adaptive,748,153,0.0153
10000,adaptive,,Adaptive,749,223,0.0223
10000,adaptive,,Adaptive,750,209,0.0209
10000,adaptive,,Adaptive,751,233,0.0233
10000,adaptive,,Adaptive,752,186,0.0186
10000,adaptive,,Adaptive,753,259,0.0259
10000,adaptive,,Adaptive,754,142,0.0142
10000,adaptive,,Adaptive,755,209,0.0209
10000,adaptive,,Adaptive,756,390,0.039
10000,adaptive,,Adaptive,757,309,0.0309
10000,adaptive,,Adaptive,758,218,0.0218
10000,adaptive,,Adaptive,759,136,0.0136
10000,adaptive,,Adaptive,760,216,0.0216
10000,adaptive,,Adaptive,761,105,0.0105
10000,adaptive,,Adaptive,762,168,0.0168
10000,adaptive,,Adaptive,763,152,0.0152
10000,adaptive,,Adaptive,764,258,0.0258
10000,adaptive,,Adaptive,765,214,0.0214
10000,adaptive,,Adaptive,766,295,0.0295
10000,adaptive,,Adaptive,767,199,0.0199
10000,adaptive,,Adaptive,768,252,0.0252
10000,adaptive,,Adaptive,769,67,0.0067
10000,adaptive,,Adaptive,770,76,0.0076
10000,adaptive,,Adaptive,771,66,0.0066
10000,adaptive,,Adaptive,772,288,0.0288
10000,adaptive,,Adaptive,773,147,0.0147
10000,adaptive,,Adaptive,774,295,0.0295
10000,adaptive,,Adaptive,775,261,0.0261
10000,adaptive,,Adaptive,776,96,0.0096
10000,adaptive,,Adaptive,777,255,0.0255
10000,adaptive,,Adaptive,778,253,0.0253
10000,adaptive,,Adaptive,779,283,0.0283
10000,adaptive,,Adaptive,780,277,0.0277
10000,adaptive,,Adaptive,781,162,0.0162
10000,adaptive,,Adaptive,782,268,0.0268
10000,adaptive,,Adaptive,783,161,0.0161
10000,adaptive,,Adaptive,784,252,0.0252
10000,adaptive,,Adaptive,785,351,0.0351
10000,adaptive,,Adaptive,786,70,0.007
10000,adaptive,,Adaptive,787,211,0.0211
10000,adaptive,,Adaptive,788,250,0.025
10000,adaptive,,Adaptive,789,200,0.02
10000,adaptive,,Adaptive,790,171,0.0171
10000,adaptive,,Adaptive,791,110,0.011
10000,adaptive,,Adaptive,792,214,0.0214
10000,adaptive,,Adaptive,793,89,0.0089
10000,adaptive,,Adaptive,794,317,0.0317
10000,adaptive,,Adaptive,795,174,0.0174
10000,adaptive,,Adaptive,796,133,0.0133
10000,adaptive,,Adaptive,797,143,0.0143
10000,adaptive,,Adaptive,798,182,0.0182
10000,adaptive,,Adaptive,799,289,0.0289
10000,adaptive,,Adaptive,800,172,0.0172
10000,adaptive,,Adaptive,801,111,0.0111
10000,adaptive,,Adaptive,802,266,0.0266
10000,adaptive,,Adaptive,803,172,0.0172
10000,adaptive,,Adaptive,804,362,0.0362
10000,adaptive,,Adaptive,805,223,0.0223
10000,adaptive,,Adaptive,806,113,0.0113
10000,adaptive,,Adaptive,807,193,0.0193
10000,adaptive,,Adaptive,808,144,0.0144
10000,adaptive,,Adaptive,809,204,0.0204
10000,adaptive,,Adaptive,810,326,0.0326
10000,adaptive,,Adaptive,811,274,0.0274
10000,adaptive,,Adaptive,812,337,0.0337
10000,adaptive,,Adaptive,813,185,0.0185
10000,adaptive,,Adaptive,814,208,0.0208
10000,adaptive,,Adaptive,815,202,0.0202
10000,adaptive,,Adaptive,816,159,0.0159
10000,adaptive,,Adaptive,817,296,0.0296
10000,adaptive,,Adaptive,818,193,0.0193
10000,adaptive,,Adaptive,819,79,0.0079
10000,adaptive,,Adaptive,820,345,0.0345
10000,adaptive,,Adaptive,821,126,0.0126
10000,adaptive,,Adaptive,822,209,0.0209
10000,adaptive,,Adaptive,823,126,0.0126
10000,adaptive,,Adaptive,824,191,0.0191
10000,adaptive,,Adaptive,825,260,0.026
10000,adaptive,,Adaptive,826,328,0.0328
10000,adaptive,,Adaptive,827,281,0.0281
10000,adaptive,,Adaptive,828,179,0.0179
10000,adaptive,,Adaptive,829,73,0.0073
10000,adaptive,,Adaptive,830,306,0.0306
10000,adaptive,,Adaptive,831,66,0.0066
10000,adaptive,,Adaptive,832,121,0.0121
10000,adaptive,,Adaptive,833,137,0.0137
10000,adaptive,,Adaptive,834,350,0.035
10000,adaptive,,Adaptive,835,299,0.0299
10000,adaptive,,Adaptive,836,186,0.0186
10000,adaptive,,Adaptive,837,249,0.0249
10000,adaptive,,Adaptive,838,296,0.0296
10000,adaptive,,Adaptive,839,168,0.0168
10000,adaptive,,Adaptive,840,141,0.0141
10000,adaptive,,Adaptive,841,237,0.0237
10000,adaptive,,Adaptive,842,175,0.0175
10000,adaptive,,Adaptive,843,249,0.0249
10000,adaptive,,Adaptive,844,174,0.0174
10000,adaptive,,Adaptive,845,218,0.0218
10000,adaptive,,Adaptive,846,175,0.0175
10000,adaptive,,Adaptive,847,309,0.0309
10000,adaptive,,Adaptive,848,137,0.0137
10000,adaptive,,Adaptive,849,280,0.028
10000,adaptive,,Adaptive,850,119,0.0119
10000,adaptive,,Adaptive,851,310,0.031
10000,adaptive,,Adaptive,852,205,0.0205
10000,adaptive,,Adaptive,853,103,0.0103
10000,adaptive,,Adaptive,854,339,0.0339
10000,adaptive,,Adaptive,855,232,0.0232
10000,adaptive,,Adaptive,856,67,0.0067
10000,adaptive,,Adaptive,857,107,0.0107
10000,adaptive,,Adaptive,858,233,0.0233
10000,adaptive,,Adaptive,859,114,0.0114
10000,adaptive,,Adaptive,860,202,0.0202
10000,adaptive,,Adaptive,861,114,0.0114
10000,adaptive,,Adaptive,862,96,0.0096
10000,adaptive,,Adaptive,863,139,0.0139
10000,adaptive,,Adaptive,864,223,0.0223
10000,adaptive,,Adaptive,865,398,0.0398
10000,adaptive,,Adaptive,866,99,0.0099
10000,adaptive,,Adaptive,867,207,0.0207
10000,adaptive,,Adaptive,868,130,0.013
10000,adaptive,,Adaptive,869,163,0.0163
10000,adaptive,,Adaptive,870,221,0.0221
10000,adaptive,,Adaptive,871,372,0.0372
10000,adaptive,,Adaptive,872,91,0.0091
10000,adaptive,,Adaptive,873,0,0.0
10000,adaptive,,Adaptive,874,225,0.0225
10000,adaptive,,Adaptive,875,183,0.0183
10000,adaptive,,Adaptive,876,243,0.0243
10000,adaptive,,Adaptive,877,168,0.0168
10000,adaptive,,Adaptive,878,186,0.0186
10000,adaptive,,Adaptive,879,229,0.0229
10000,adaptive,,Adaptive,880,159,0.0159
10000,adaptive,,Adaptive,881,96,0.0096
10000,adaptive,,Adaptive,882,244,0.0244
10000,adaptive,,Adaptive,883,232,0.0232
10000,adaptive,,Adaptive,884,19,0.0019
10000,adaptive,,Adaptive,885,327,0.0327
10000,adaptive,,Adaptive,886,292,0.0292
10000,adaptive,,Adaptive,887,152,0.0152
10000,adaptive,,Adaptive,888,125,0.0125
10000,adaptive,,Adaptive,889,263,0.0263
10000,adaptive,,Adaptive,890,170,0.017
10000,adaptive,,Adaptive,891,204,0.0204
10000,adaptive,,Adaptive,892,305,0.0305
10000,adaptive,,Adaptive,893,298,0.0298
10000,adaptive,,Adaptive,894,267,0.0267
10000,adaptive,,Adaptive,895,90,0.009
10000,adaptive,,Adaptive,896,287,0.0287
10000,adaptive,,Adaptive,897,272,0.0272
10000,adaptive,,Adaptive,898,10,0.001
10000,adaptive,,Adaptive,899,160,0.016
10000,adaptive,,Adaptive,900,305,0.0305
10000,adaptive,,Adaptive,901,218,0.0218
10000,adaptive,,Adaptive,902,114,0.0114
10000,adaptive,,Adaptive,903,216,0.0216
10000,adaptive,,Adaptive,904,225,0.0225
10000,adaptive,,Adaptive,905,239,0.0239
10000,adaptive,,Adaptive,906,228,0.0228
10000,adaptive,,Adaptive,907,232,0.0232
10000,adaptive,,Adaptive,908,225,0.0225
10000,adaptive,,Adaptive,909,177,0.0177
10000,adaptive,,Adaptive,910,326,0.0326
10000,adaptive,,Adaptive,911,298,0.0298
10000,adaptive,,Adaptive,912,91,0.0091
10000,adaptive,,Adaptive,913,229,0.0229
10000,adaptive,,Adaptive,914,174,0.0174
10000,adaptive,,Adaptive,915,272,0.0272
10000,adaptive,,Adaptive,916,194,0.0194
10000,adaptive,,Adaptive,917,150,0.015
10000,adaptive,,Adaptive,918,137,0.0137
10000,adaptive,,Adaptive,919,143,0.0143
10000,adaptive,,Adaptive,920,379,0.0379
10000,adaptive,,Adaptive,921,136,0.0136
10000,adaptive,,Adaptive,922,281,0.0281
10000,adaptive,,Adaptive,923,204,0.0204
10000,adaptive,,Adaptive,924,124,0.0124
10000,adaptive,,Adaptive,925,249,0.0249
10000,adaptive,,Adaptive,926,157,0.0157
10000,adaptive,,Adaptive,927,187,0.0187
10000,adaptive,,Adaptive,928,221,0.0221
10000,adaptive,,Adaptive,929,204,0.0204
10000,adaptive,,Adaptive,930,316,0.0316
10000,adaptive,,Adaptive,931,330,0.033
10000,adaptive,,Adaptive,932,232,0.0232
10000,adaptive,,Adaptive,933,176,0.0176
10000,adaptive,,Adaptive,934,184,0.0184
10000,adaptive,,Adaptive,935,230,0.023
10000,adaptive,,Adaptive,936,280,0.028
10000,adaptive,,Adaptive,937,219,0.0219
10000,adaptive,,Adaptive,938,7,0.0007
10000,adaptive,,Adaptive,939,221,0.0221
10000,adaptive,,Adaptive,940,179,0.0179
10000,adaptive,,Adaptive,941,185,0.0185
10000,adaptive,,Adaptive,942,306,0.0306
10000,adaptive,,Adaptive,943,239,0.0239
10000,adaptive,,Adaptive,944,270,0.027
10000,adaptive,,Adaptive,945,236,0.0236
10000,adaptive,,Adaptive,946,294,0.0294
10000,adaptive,,Adaptive,947,99,0.0099
10000,adaptive,,Adaptive,948,239,0.0239
10000,adaptive,,Adaptive,949,118,0.0118
10000,adaptive,,Adaptive,950,319,0.0319
10000,adaptive,,Adaptive,951,189,0.0189
10000,adaptive,,Adaptive,952,207,0.0207
10000,adaptive,,Adaptive,953,296,0.0296
10000,adaptive,,Adaptive,954,76,0.0076
10000,adaptive,,Adaptive,955,0,0.0
10000,adaptive,,Adaptive,956,230,0.023
10000,adaptive,,Adaptive,957,144,0.0144
10000,adaptive,,Adaptive,958,303,0.0303
10000,adaptive,,Adaptive,959,233,0.0233
10000,adaptive,,Adaptive,960,118,0.0118
10000,adaptive,,Adaptive,961,127,0.0127
10000,adaptive,,Adaptive,962,188,0.0188
10000,adaptive,,Adaptive,963,190,0.019
10000,adaptive,,Adaptive,964,122,0.0122
10000,adaptive,,Adaptive,965,226,0.0226
10000,adaptive,,Adaptive,966,272,0.0272
10000,adaptive,,Adaptive,967,148,0.0148
10000,adaptive,,Adaptive,968,166,0.0166
10000,adaptive,,Adaptive,969,268,0.0268
10000,adaptive,,Adaptive,970,218,0.0218
10000,adaptive,,Adaptive,971,164,0.0164
10000,adaptive,,Adaptive,972,122,0.0122
10000,adaptive,,Adaptive,973,169,0.0169
10000,adaptive,,Adaptive,974,205,0.0205
10000,adaptive,,Adaptive,975,315,0.0315
10000,adaptive,,Adaptive,976,247,0.0247
10000,adaptive,,Adaptive,977,323,0.0323
10000,adaptive,,Adaptive,978,237,0.0237
10000,adaptive,,Adaptive,979,196,0.0196
10000,adaptive,,Adaptive,980,199,0.0199
10000,adaptive,,Adaptive,981,314,0.0314
10000,adaptive,,Adaptive,982,132,0.0132
10000,adaptive,,Adaptive,983,237,0.0237
10000,adaptive,,Adaptive,984,132,0.0132
10000,adaptive,,Adaptive,985,314,0.0314
10000,adaptive,,Adaptive,986,162,0.0162
10000,adaptive,,Adaptive,987,201,0.0201
10000,adaptive,,Adaptive,988,211,0.0211
10000,adaptive,,Adaptive,989,97,0.0097
10000,adaptive,,Adaptive,990,317,0.0317
10000,adaptive,,Adaptive,991,213,0.0213
10000,adaptive,,Adaptive,992,116,0.0116
10000,adaptive,,Adaptive,993,263,0.0263
10000,adaptive,,Adaptive,994,186,0.0186
10000,adaptive,,Adaptive,995,228,0.0228
10000,adaptive,,Adaptive,996,183,0.0183
10000,adaptive,,Adaptive,997,326,0.0326
10000,adaptive,,Adaptive,998,198,0.0198
10000,adaptive,,Adaptive,999,263,0.0263
10000,fixed,0.95,Fixed λ=0.95,0,888,0.0888
10000,fixed,0.95,Fixed λ=0.95,1,654,0.0654
10000,fixed,0.95,Fixed λ=0.95,2,630,0.063
10000,fixed,0.95,Fixed λ=0.95,3,762,0.0762
10000,fixed,0.95,Fixed λ=0.95,4,532,0.0532
10000,fixed,0.95,Fixed λ=0.95,5,1049,0.1049
10000,fixed,0.95,Fixed λ=0.95,6,1193,0.1193
10000,fixed,0.95,Fixed λ=0.95,7,1430,0.143
10000,fixed,0.95,Fixed λ=0.95,8,1636,0.1636
10000,fixed,0.95,Fixed λ=0.95,9,1444,0.1444
10000,fixed,0.95,Fixed λ=0.95,10,1168,0.1168
10000,fixed,0.95,Fixed λ=0.95,11,1567,0.1567
10000,fixed,0.95,Fixed λ=0.95,12,606,0.0606
10000,fixed,0.95,Fixed λ=0.95,13,398,0.0398
10000,fixed,0.95,Fixed λ=0.95,14,442,0.0442
10000,fixed,0.95,Fixed λ=0.95,15,1117,0.1117
10000,fixed,0.95,Fixed λ=0.95,16,405,0.0405
10000,fixed,0.95,Fixed λ=0.95,17,1025,0.1025
10000,fixed,0.95,Fixed λ=0.95,18,1167,0.1167
10000,fixed,0.95,Fixed λ=0.95,19,978,0.0978
10000,fixed,0.95,Fixed λ=0.95,20,1251,0.1251
10000,fixed,0.95,Fixed λ=0.95,21,667,0.0667
10000,fixed,0.95,Fixed λ=0.95,22,923,0.0923
10000,fixed,0.95,Fixed λ=0.95,23,470,0.047
10000,fixed,0.95,Fixed λ=0.95,24,517,0.0517
10000,fixed,0.95,Fixed λ=0.95,25,504,0.0504
10000,fixed,0.95,Fixed λ=0.95,26,866,0.0866
10000,fixed,0.95,Fixed λ=0.95,27,794,0.0794
10000,fixed,0.95,Fixed λ=0.95,28,532,0.0532
10000,fixed,0.95,Fixed λ=0.95,29,1517,0.1517
10000,fixed,0.95,Fixed λ=0.95,30,233,0.0233
10000,fixed,0.95,Fixed λ=0.95,31,904,0.0904
10000,fixed,0.95,Fixed λ=0.95,32,1008,0.1008
10000,fixed,0.95,Fixed λ=0.95,33,847,0.0847
10000,fixed,0.95,Fixed λ=0.95,34,787,0.0787
10000,fixed,0.95,Fixed λ=0.95,35,1178,0.1178
10000,fixed,0.95,Fixed λ=0.95,36,833,0.0833
10000,fixed,0.95,Fixed λ=0.95,37,786,0.0786
10000,fixed,0.95,Fixed λ=0.95,38,686,0.0686
10000,fixed,0.95,Fixed λ=0.95,39,809,0.0809
10000,fixed,0.95,Fixed λ=0.95,40,847,0.0847
10000,fixed,0.95,Fixed λ=0.95,41,527,0.0527
10000,fixed,0.95,Fixed λ=0.95,42,658,0.0658
10000,fixed,0.95,Fixed λ=0.95,43,597,0.0597
10000,fixed,0.95,Fixed λ=0.95,44,450,0.045
10000,fixed,0.95,Fixed λ=0.95,45,283,0.0283
10000,fixed,0.95,Fixed λ=0.95,46,706,0.0706
10000,fixed,0.95,Fixed λ=0.95,47,880,0.088
10000,fixed,0.95,Fixed λ=0.95,48,610,0.061
10000,fixed,0.95,Fixed λ=0.95,49,1399,0.1399
10000,fixed,0.95,Fixed λ=0.95,50,684,0.0684
10000,fixed,0.95,Fixed λ=0.95,51,933,0.0933
10000,fixed,0.95,Fixed λ=0.95,52,916,0.0916
10000,fixed,0.95,Fixed λ=0.95,53,596,0.0596
10000,fixed,0.95,Fixed λ=0.95,54,981,0.0981
10000,fixed,0.95,Fixed λ=0.95,55,559,0.0559
10000,fixed,0.95,Fixed λ=0.95,56,624,0.0624
10000,fixed,0.95,Fixed λ=0.95,57,1081,0.1081
10000,fixed,0.95,Fixed λ=0.95,58,1449,0.1449
10000,fixed,0.95,Fixed λ=0.95,59,962,0.0962
10000,fixed,0.95,Fixed λ=0.95,60,968,0.0968
10000,fixed,0.95,Fixed λ=0.95,61,929,0.0929
10000,fixed,0.95,Fixed λ=0.95,62,840,0.084
10000,fixed,0.95,Fixed λ=0.95,63,769,0.0769
10000,fixed,0.95,Fixed λ=0.95,64,1119,0.1119
10000,fixed,0.95,Fixed λ=0.95,65,621,0.0621
10000,fixed,0.95,Fixed λ=0.95,66,865,0.0865
10000,fixed,0.95,Fixed λ=0.95,67,559,0.0559
10000,fixed,0.95,Fixed λ=0.95,68,476,0.0476
10000,fixed,0.95,Fixed λ=0.95,69,463,0.0463
10000,fixed,0.95,Fixed λ=0.95,70,150,0.015
10000,fixed,0.95,Fixed λ=0.95,71,959,0.0959
10000,fixed,0.95,Fixed λ=0.95,72,987,0.0987
10000,fixed,0.95,Fixed λ=0.95,73,837,0.0837
10000,fixed,0.95,Fixed λ=0.95,74,823,0.0823
10000,fixed,0.95,Fixed λ=0.95,75,521,0.0521
10000,fixed,0.95,Fixed λ=0.95,76,525,0.0525
10000,fixed,0.95,Fixed λ=0.95,77,1311,0.1311
10000,fixed,0.95,Fixed λ=0.95,78,572,0.0572
10000,fixed,0.95,Fixed λ=0.95,79,1972,0.1972
10000,fixed,0.95,Fixed λ=0.95,80,971,0.0971
10000,fixed,0.95,Fixed λ=0.95,81,550,0.055
10000,fixed,0.95,Fixed λ=0.95,82,717,0.0717
10000,fixed,0.95,Fixed λ=0.95,83,1244,0.1244
10000,fixed,0.95,Fixed λ=0.95,84,304,0.0304
10000,fixed,0.95,Fixed λ=0.95,85,1038,0.1038
10000,fixed,0.95,Fixed λ=0.95,86,455,0.0455
10000,fixed,0.95,Fixed λ=0.95,87,394,0.0394
10000,fixed,0.95,Fixed λ=0.95,88,1086,0.1086
10000,fixed,0.95,Fixed λ=0.95,89,709,0.0709
10000,fixed,0.95,Fixed λ=0.95,90,453,0.0453
10000,fixed,0.95,Fixed λ=0.95,91,857,0.0857
10000,fixed,0.95,Fixed λ=0.95,92,468,0.0468
10000,fixed,0.95,Fixed λ=0.95,93,610,0.061
10000,fixed,0.95,Fixed λ=0.95,94,907,0.0907
10000,fixed,0.95,Fixed λ=0.95,95,348,0.0348
10000,fixed,0.95,Fixed λ=0.95,96,509,0.0509
10000,fixed,0.95,Fixed λ=0.95,97,1073,0.1073
10000,fixed,0.95,Fixed λ=0.95,98,527,0.0527
10000,fixed,0.95,Fixed λ=0.95,99,1576,0.1576
10000,fixed,0.95,Fixed λ=0.95,100,928,0.0928
10000,fixed,0.95,Fixed λ=0.95,101,899,0.0899
10000,fixed,0.95,Fixed λ=0.95,102,541,0.0541
10000,fixed,0.95,Fixed λ=0.95,103,701,0.0701
10000,fixed,0.95,Fixed λ=0.95,104,550,0.055
10000,fixed,0.95,Fixed λ=0.95,105,394,0.0394
10000,fixed,0.95,Fixed λ=0.95,106,1120,0.112
10000,fixed,0.95,Fixed λ=0.95,107,309,0.0309
10000,fixed,0.95,Fixed λ=0.95,108,681,0.0681
10000,fixed,0.95,Fixed λ=0.95,109,727,0.0727
10000,fixed,0.95,Fixed λ=0.95,110,537,0.0537
10000,fixed,0.95,Fixed λ=0.95,111,865,0.0865
10000,fixed,0.95,Fixed λ=0.95,112,1074,0.1074
10000,fixed,0.95,Fixed λ=0.95,113,814,0.0814
10000,fixed,0.95,Fixed λ=0.95,114,621,0.0621
10000,fixed,0.95,Fixed λ=0.95,115,1136,0.1136
10000,fixed,0.95,Fixed λ=0.95,116,670,0.067
10000,fixed,0.95,Fixed λ=0.95,117,1156,0.1156
10000,fixed,0.95,Fixed λ=0.95,118,1571,0.1571
10000,fixed,0.95,Fixed λ=0.95,119,515,0.0515
10000,fixed,0.95,Fixed λ=0.95,120,859,0.0859
10000,fixed,0.95,Fixed λ=0.95,121,398,0.0398
10000,fixed,0.95,Fixed λ=0.95,122,608,0.0608
10000,fixed,0.95,Fixed λ=0.95,123,1185,0.1185
10000,fixed,0.95,Fixed λ=0.95,124,1069,0.1069
10000,fixed,0.95,Fixed λ=0.95,125,1119,0.1119
10000,fixed,0.95,Fixed λ=0.95,126,1068,0.1068
10000,fixed,0.95,Fixed λ=0.95,127,544,0.0544
10000,fixed,0.95,Fixed λ=0.95,128,277,0.0277
10000,fixed,0.95,Fixed λ=0.95,129,736,0.0736
10000,fixed,0.95,Fixed λ=0.95,130,706,0.0706
10000,fixed,0.95,Fixed λ=0.95,131,393,0.0393
10000,fixed,0.95,Fixed λ=0.95,132,1080,0.108
10000,fixed,0.95,Fixed λ=0.95,133,1380,0.138
10000,fixed,0.95,Fixed λ=0.95,134,1140,0.114
10000,fixed,0.95,Fixed λ=0.95,135,299,0.0299
10000,fixed,0.95,Fixed λ=0.95,136,1462,0.1462
10000,fixed,0.95,Fixed λ=0.95,137,1111,0.1111
10000,fixed,0.95,Fixed λ=0.95,138,757,0.0757
10000,fixed,0.95,Fixed λ=0.95,139,713,0.0713
10000,fixed,0.95,Fixed λ=0.95,140,651,0.0651
10000,fixed,0.95,Fixed λ=0.95,141,1014,0.1014
10000,fixed,0.95,Fixed λ=0.95,142,1199,0.1199
10000,fixed,0.95,Fixed λ=0.95,143,670,0.067
10000,fixed,0.95,Fixed λ=0.95,144,526,0.0526
10000,fixed,0.95,Fixed λ=0.95,145,964,0.0964
10000,fixed,0.95,Fixed λ=0.95,146,1383,0.1383
10000,fixed,0.95,Fixed λ=0.95,147,476,0.0476
10000,fixed,0.95,Fixed λ=0.95,148,150,0.015
10000,fixed,0.95,Fixed λ=0.95,149,674,0.0674
10000,fixed,0.95,Fixed λ=0.95,150,872,0.0872
10000,fixed,0.95,Fixed λ=0.95,151,1108,0.1108
10000,fixed,0.95,Fixed λ=0.95,152,430,0.043
10000,fixed,0.95,Fixed λ=0.95,153,817,0.0817
10000,fixed,0.95,Fixed λ=0.95,154,1504,0.1504
10000,fixed,0.95,Fixed λ=0.95,155,1160,0.116
10000,fixed,0.95,Fixed λ=0.95,156,894,0.0894
10000,fixed,0.95,Fixed λ=0.95,157,517,0.0517
10000,fixed,0.95,Fixed λ=0.95,158,610,0.061
10000,fixed,0.95,Fixed λ=0.95,159,1335,0.1335
10000,fixed,0.95,Fixed λ=0.95,160,768,0.0768
10000,fixed,0.95,Fixed λ=0.95,161,609,0.0609
10000,fixed,0.95,Fixed λ=0.95,162,476,0.0476
10000,fixed,0.95,Fixed λ=0.95,163,682,0.0682
10000,fixed,0.95,Fixed λ=0.95,164,888,0.0888
10000,fixed,0.95,Fixed λ=0.95,165,1023,0.1023
10000,fixed,0.95,Fixed λ=0.95,166,1011,0.1011
10000,fixed,0.95,Fixed λ=0.95,167,893,0.0893
10000,fixed,0.95,Fixed λ=0.95,168,726,0.0726
10000,fixed,0.95,Fixed λ=0.95,169,876,0.0876
10000,fixed,0.95,Fixed λ=0.95,170,1386,0.1386
10000,fixed,0.95,Fixed λ=0.95,171,802,0.0802
10000,fixed,0.95,Fixed λ=0.95,172,567,0.0567
10000,fixed,0.95,Fixed λ=0.95,173,610,0.061
10000,fixed,0.95,Fixed λ=0.95,174,1337,0.1337
10000,fixed,0.95,Fixed λ=0.95,175,1207,0.1207
10000,fixed,0.95,Fixed λ=0.95,176,391,0.0391
10000,fixed,0.95,Fixed λ=0.95,177,854,0.0854
10000,fixed,0.95,Fixed λ=0.95,178,1024,0.1024
10000,fixed,0.95,Fixed λ=0.95,179,1060,0.106
10000,fixed,0.95,Fixed λ=0.95,180,843,0.0843
10000,fixed,0.95,Fixed λ=0.95,181,682,0.0682
10000,fixed,0.95,Fixed λ=0.95,182,1002,0.1002
10000,fixed,0.95,Fixed λ=0.95,183,538,0.0538
10000,fixed,0.95,Fixed λ=0.95,184,799,0.0799
10000,fixed,0.95,Fixed λ=0.95,185,832,0.0832
10000,fixed,0.95,Fixed λ=0.95,186,717,0.0717
10000,fixed,0.95,Fixed λ=0.95,187,937,0.0937
10000,fixed,0.95,Fixed λ=0.95,188,1191,0.1191
10000,fixed,0.95,Fixed λ=0.95,189,727,0.0727
10000,fixed,0.95,Fixed λ=0.95,190,794,0.0794
10000,fixed,0.95,Fixed λ=0.95,191,576,0.0576
10000,fixed,0.95,Fixed λ=0.95,192,1640,0.164
10000,fixed,0.95,Fixed λ=0.95,193,531,0.0531
10000,fixed,0.95,Fixed λ=0.95,194,1357,0.1357
10000,fixed,0.95,Fixed λ=0.95,195,967,0.0967
10000,fixed,0.95,Fixed λ=0.95,196,679,0.0679
10000,fixed,0.95,Fixed λ=0.95,197,809,0.0809
10000,fixed,0.95,Fixed λ=0.95,198,393,0.0393
10000,fixed,0.95,Fixed λ=0.95,199,1409,0.1409
10000,fixed,0.95,Fixed λ=0.95,200,485,0.0485
10000,fixed,0.95,Fixed λ=0.95,201,742,0.0742
10000,fixed,0.95,Fixed λ=0.95,202,769,0.0769
10000,fixed,0.95,Fixed λ=0.95,203,717,0.0717
10000,fixed,0.95,Fixed λ=0.95,204,441,0.0441
10000,fixed,0.95,Fixed λ=0.95,205,742,0.0742
10000,fixed,0.95,Fixed λ=0.95,206,1154,0.1154
10000,fixed,0.95,Fixed λ=0.95,207,970,0.097
10000,fixed,0.95,Fixed λ=0.95,208,445,0.0445
10000,fixed,0.95,Fixed λ=0.95,209,487,0.0487
10000,fixed,0.95,Fixed λ=0.95,210,1002,0.1002
10000,fixed,0.95,Fixed λ=0.95,211,307,0.0307
10000,fixed,0.95,Fixed λ=0.95,212,330,0.033
10000,fixed,0.95,Fixed λ=0.95,213,432,0.0432
10000,fixed,0.95,Fixed λ=0.95,214,712,0.0712
10000,fixed,0.95,Fixed λ=0.95,215,874,0.0874
10000,fixed,0.95,Fixed λ=0.95,216,842,0.0842
10000,fixed,0.95,Fixed λ=0.95,217,1229,0.1229
10000,fixed,0.95,Fixed λ=0.95,218,562,0.0562
10000,fixed,0.95,Fixed λ=0.95,219,835,0.0835
10000,fixed,0.95,Fixed λ=0.95,220,454,0.0454
10000,fixed,0.95,Fixed λ=0.95,221,215,0.0215
10000,fixed,0.95,Fixed λ=0.95,222,717,0.0717
10000,fixed,0.95,Fixed λ=0.95,223,740,0.074
10000,fixed,0.95,Fixed λ=0.95,224,433,0.0433
10000,fixed,0.95,Fixed λ=0.95,225,153,0.0153
10000,fixed,0.95,Fixed λ=0.95,226,1463,0.1463
10000,fixed,0.95,Fixed λ=0.95,227,374,0.0374
10000,fixed,0.95,Fixed λ=0.95,228,1862,0.1862
10000,fixed,0.95,Fixed λ=0.95,229,419,0.0419
10000,fixed,0.95,Fixed λ=0.95,230,762,0.0762
10000,fixed,0.95,Fixed λ=0.95,231,419,0.0419
10000,fixed,0.95,Fixed λ=0.95,232,508,0.0508
10000,fixed,0.95,Fixed λ=0.95,233,594,0.0594
10000,fixed,0.95,Fixed λ=0.95,234,625,0.0625
10000,fixed,0.95,Fixed λ=0.95,235,548,0.0548
10000,fixed,0.95,Fixed λ=0.95,236,887,0.0887
10000,fixed,0.95,Fixed λ=0.95,237,914,0.0914
10000,fixed,0.95,Fixed λ=0.95,238,848,0.0848
10000,fixed,0.95,Fixed λ=0.95,239,938,0.0938
10000,fixed,0.95,Fixed λ=0.95,240,713,0.0713
10000,fixed,0.95,Fixed λ=0.95,241,1044,0.1044
10000,fixed,0.95,Fixed λ=0.95,242,781,0.0781
10000,fixed,0.95,Fixed λ=0.95,243,509,0.0509
10000,fixed,0.95,Fixed λ=0.95,244,1342,0.1342
10000,fixed,0.95,Fixed λ=0.95,245,749,0.0749
10000,fixed,0.95,Fixed λ=0.95,246,667,0.0667
10000,fixed,0.95,Fixed λ=0.95,247,626,0.0626
10000,fixed,0.95,Fixed λ=0.95,248,770,0.077
10000,fixed,0.95,Fixed λ=0.95,249,1170,0.117
10000,fixed,0.95,Fixed λ=0.95,250,578,0.0578
10000,fixed,0.95,Fixed λ=0.95,251,852,0.0852
10000,fixed,0.95,Fixed λ=0.95,252,704,0.0704
10000,fixed,0.95,Fixed λ=0.95,253,1035,0.1035
10000,fixed,0.95,Fixed λ=0.95,254,376,0.0376
10000,fixed,0.95,Fixed λ=0.95,255,719,0.0719
10000,fixed,0.95,Fixed λ=0.95,256,1227,0.1227
10000,fixed,0.95,Fixed λ=0.95,257,901,0.0901
10000,fixed,0.95,Fixed λ=0.95,258,970,0.097
10000,fixed,0.95,Fixed λ=0.95,259,526,0.0526
10000,fixed,0.95,Fixed λ=0.95,260,250,0.025
10000,fixed,0.95,Fixed λ=0.95,261,796,0.0796
10000,fixed,0.95,Fixed λ=0.95,262,873,0.0873
10000,fixed,0.95,Fixed λ=0.95,263,746,0.0746
10000,fixed,0.95,Fixed λ=0.95,264,737,0.0737
10000,fixed,0.95,Fixed λ=0.95,265,1228,0.1228
10000,fixed,0.95,Fixed λ=0.95,266,520,0.052
10000,fixed,0.95,Fixed λ=0.95,267,775,0.0775
10000,fixed,0.95,Fixed λ=0.95,268,587,0.0587
10000,fixed,0.95,Fixed λ=0.95,269,914,0.0914
10000,fixed,0.95,Fixed λ=0.95,270,634,0.0634
10000,fixed,0.95,Fixed λ=0.95,271,380,0.038
10000,fixed,0.95,Fixed λ=0.95,272,1380,0.138
10000,fixed,0.95,Fixed λ=0.95,273,613,0.0613
10000,fixed,0.95,Fixed λ=0.95,274,238,0.0238
10000,fixed,0.95,Fixed λ=0.95,275,408,0.0408
10000,fixed,0.95,Fixed λ=0.95,276,552,0.0552
10000,fixed,0.95,Fixed λ=0.95,277,1183,0.1183
10000,fixed,0.95,Fixed λ=0.95,278,1411,0.1411
10000,fixed,0.95,Fixed λ=0.95,279,625,0.0625
10000,fixed,0.95,Fixed λ=0.95,280,653,0.0653
10000,fixed,0.95,Fixed λ=0.95,281,910,0.091
10000,fixed,0.95,Fixed λ=0.95,282,927,0.0927
10000,fixed,0.95,Fixed λ=0.95,283,573,0.0573
10000,fixed,0.95,Fixed λ=0.95,284,1122,0.1122
10000,fixed,0.95,Fixed λ=0.95,285,56,0.0056
10000,fixed,0.95,Fixed λ=0.95,286,881,0.0881
10000,fixed,0.95,Fixed λ=0.95,287,930,0.093
10000,fixed,0.95,Fixed λ=0.95,288,1053,0.1053
10000,fixed,0.95,Fixed λ=0.95,289,736,0.0736
10000,fixed,0.95,Fixed λ=0.95,290,540,0.054
10000,fixed,0.95,Fixed λ=0.95,291,556,0.0556
10000,fixed,0.95,Fixed λ=0.95,292,433,0.0433
10000,fixed,0.95,Fixed λ=0.95,293,419,0.0419
10000,fixed,0.95,Fixed λ=0.95,294,730,0.073
10000,fixed,0.95,Fixed λ=0.95,295,485,0.0485
10000,fixed,0.95,Fixed λ=0.95,296,918,0.0918
10000,fixed,0.95,Fixed λ=0.95,297,1047,0.1047
10000,fixed,0.95,Fixed λ=0.95,298,718,0.0718
10000,fixed,0.95,Fixed λ=0.95,299,789,0.0789
10000,fixed,0.95,Fixed λ=0.95,300,1253,0.1253
10000,fixed,0.95,Fixed λ=0.95,301,481,0.0481
10000,fixed,0.95,Fixed λ=0.95,302,403,0.0403
10000,fixed,0.95,Fixed λ=0.95,303,415,0.0415
10000,fixed,0.95,Fixed λ=0.95,304,463,0.0463
10000,fixed,0.95,Fixed λ=0.95,305,719,0.0719
10000,fixed,0.95,Fixed λ=0.95,306,740,0.074
10000,fixed,0.95,Fixed λ=0.95,307,942,0.0942
10000,fixed,0.95,Fixed λ=0.95,308,1027,0.1027
10000,fixed,0.95,Fixed λ=0.95,309,345,0.0345
10000,fixed,0.95,Fixed λ=0.95,310,550,0.055
10000,fixed,0.95,Fixed λ=0.95,311,1067,0.1067
10000,fixed,0.95,Fixed λ=0.95,312,883,0.0883
10000,fixed,0.95,Fixed λ=0.95,313,569,0.0569
10000,fixed,0.95,Fixed λ=0.95,314,1459,0.1459
10000,fixed,0.95,Fixed λ=0.95,315,851,0.0851
10000,fixed,0.95,Fixed λ=0.95,316,448,0.0448
10000,fixed,0.95,Fixed λ=0.95,317,606,0.0606
10000,fixed,0.95,Fixed λ=0.95,318,244,0.0244
10000,fixed,0.95,Fixed λ=0.95,319,353,0.0353
10000,fixed,0.95,Fixed λ=0.95,320,396,0.0396
10000,fixed,0.95,Fixed λ=0.95,321,505,0.0505
10000,fixed,0.95,Fixed λ=0.95,322,925,0.0925
10000,fixed,0.95,Fixed λ=0.95,323,915,0.0915
10000,fixed,0.95,Fixed λ=0.95,324,317,0.0317
10000,fixed,0.95,Fixed λ=0.95,325,572,0.0572
10000,fixed,0.95,Fixed λ=0.95,326,963,0.0963
10000,fixed,0.95,Fixed λ=0.95,327,528,0.0528
10000,fixed,0.95,Fixed λ=0.95,328,561,0.0561
10000,fixed,0.95,Fixed λ=0.95,329,855,0.0855
10000,fixed,0.95,Fixed λ=0.95,330,1036,0.1036
10000,fixed,0.95,Fixed λ=0.95,331,922,0.0922
10000,fixed,0.95,Fixed λ=0.95,332,830,0.083
10000,fixed,0.95,Fixed λ=0.95,333,1400,0.14
10000,fixed,0.95,Fixed λ=0.95,334,879,0.0879
10000,fixed,0.95,Fixed λ=0.95,335,1239,0.1239
10000,fixed,0.95,Fixed λ=0.95,336,244,0.0244
10000,fixed,0.95,Fixed λ=0.95,337,1032,0.1032
10000,fixed,0.95,Fixed λ=0.95,338,178,0.0178
10000,fixed,0.95,Fixed λ=0.95,339,384,0.0384
10000,fixed,0.95,Fixed λ=0.95,340,777,0.0777
10000,fixed,0.95,Fixed λ=0.95,341,1170,0.117
10000,fixed,0.95,Fixed λ=0.95,342,648,0.0648
10000,fixed,0.95,Fixed λ=0.95,343,1126,0.1126
10000,fixed,0.95,Fixed λ=0.95,344,487,0.0487
10000,fixed,0.95,Fixed λ=0.95,345,1198,0.1198
10000,fixed,0.95,Fixed λ=0.95,346,1218,0.1218
10000,fixed,0.95,Fixed λ=0.95,347,525,0.0525
10000,fixed,0.95,Fixed λ=0.95,348,795,0.0795
10000,fixed,0.95,Fixed λ=0.95,349,1259,0.1259
10000,fixed,0.95,Fixed λ=0.95,350,306,0.0306
10000,fixed,0.95,Fixed λ=0.95,351,1212,0.1212
10000,fixed,0.95,Fixed λ=0.95,352,551,0.0551
10000,fixed,0.95,Fixed λ=0.95,353,1103,0.1103
10000,fixed,0.95,Fixed λ=0.95,354,735,0.0735
10000,fixed,0.95,Fixed λ=0.95,355,179,0.0179
10000,fixed,0.95,Fixed λ=0.95,356,648,0.0648
10000,fixed,0.95,Fixed λ=0.95,357,790,0.079
10000,fixed,0.95,Fixed λ=0.95,358,809,0.0809
10000,fixed,0.95,Fixed λ=0.95,359,1159,0.1159
10000,fixed,0.95,Fixed λ=0.95,360,472,0.0472
10000,fixed,0.95,Fixed λ=0.95,361,962,0.0962
10000,fixed,0.95,Fixed λ=0.95,362,723,0.0723
10000,fixed,0.95,Fixed λ=0.95,363,839,0.0839
10000,fixed,0.95,Fixed λ=0.95,364,579,0.0579
10000,fixed,0.95,Fixed λ=0.95,365,779,0.0779
10000,fixed,0.95,Fixed λ=0.95,366,1411,0.1411
10000,fixed,0.95,Fixed λ=0.95,367,461,0.0461
10000,fixed,0.95,Fixed λ=0.95,368,864,0.0864
10000,fixed,0.95,Fixed λ=0.95,369,750,0.075
10000,fixed,0.95,Fixed λ=0.95,370,515,0.0515
10000,fixed,0.95,Fixed λ=0.95,371,448,0.0448
10000,fixed,0.95,Fixed λ=0.95,372,848,0.0848
10000,fixed,0.95,Fixed λ=0.95,373,726,0.0726
10000,fixed,0.95,Fixed λ=0.95,374,496,0.0496
10000,fixed,0.95,Fixed λ=0.95,375,1187,0.1187
10000,fixed,0.95,Fixed λ=0.95,376,321,0.0321
10000,fixed,0.95,Fixed λ=0.95,377,1148,0.1148
10000,fixed,0.95,Fixed λ=0.95,378,767,0.0767
10000,fixed,0.95,Fixed λ=0.95,379,1071,0.1071
10000,fixed,0.95,Fixed λ=0.95,380,1248,0.1248
10000,fixed,0.95,Fixed λ=0.95,381,360,0.036
10000,fixed,0.95,Fixed λ=0.95,382,1093,0.1093
10000,fixed,0.95,Fixed λ=0.95,383,1040,0.104
10000,fixed,0.95,Fixed λ=0.95,384,957,0.0957
10000,fixed,0.95,Fixed λ=0.95,385,760,0.076
10000,fixed,0.95,Fixed λ=0.95,386,870,0.087
10000,fixed,0.95,Fixed λ=0.95,387,204,0.0204
10000,fixed,0.95,Fixed λ=0.95,388,794,0.0794
10000,fixed,0.95,Fixed λ=0.95,389,1233,0.1233
10000,fixed,0.95,Fixed λ=0.95,390,373,0.0373
10000,fixed,0.95,Fixed λ=0.95,391,645,0.0645
10000,fixed,0.95,Fixed λ=0.95,392,731,0.0731
10000,fixed,0.95,Fixed λ=0.95,393,819,0.0819
10000,fixed,0.95,Fixed λ=0.95,394,696,0.0696
10000,fixed,0.95,Fixed λ=0.95,395,400,0.04
10000,fixed,0.95,Fixed λ=0.95,396,492,0.0492
10000,fixed,0.95,Fixed λ=0.95,397,1153,0.1153
10000,fixed,0.95,Fixed λ=0.95,398,904,0.0904
10000,fixed,0.95,Fixed λ=0.95,399,745,0.0745
10000,fixed,0.95,Fixed λ=0.95,400,711,0.0711
10000,fixed,0.95,Fixed λ=0.95,401,728,0.0728
10000,fixed,0.95,Fixed λ=0.95,402,595,0.0595
10000,fixed,0.95,Fixed λ=0.95,403,833,0.0833
10000,fixed,0.95,Fixed λ=0.95,404,1046,0.1046
10000,fixed,0.95,Fixed λ=0.95,405,544,0.0544
10000,fixed,0.95,Fixed λ=0.95,406,692,0.0692
10000,fixed,0.95,Fixed λ=0.95,407,1103,0.1103
10000,fixed,0.95,Fixed λ=0.95,408,1348,0.1348
10000,fixed,0.95,Fixed λ=0.95,409,1081,0.1081
10000,fixed,0.95,Fixed λ=0.95,410,1144,0.1144
10000,fixed,0.95,Fixed λ=0.95,411,1036,0.1036
10000,fixed,0.95,Fixed λ=0.95,412,697,0.0697
10000,fixed,0.95,Fixed λ=0.95,413,1678,0.1678
10000,fixed,0.95,Fixed λ=0.95,414,857,0.0857
10000,fixed,0.95,Fixed λ=0.95,415,764,0.0764
10000,fixed,0.95,Fixed λ=0.95,416,683,0.0683
10000,fixed,0.95,Fixed λ=0.95,417,416,0.0416
10000,fixed,0.95,Fixed λ=0.95,418,1130,0.113
10000,fixed,0.95,Fixed λ=0.95,419,595,0.0595
10000,fixed,0.95,Fixed λ=0.95,420,143,0.0143
10000,fixed,0.95,Fixed λ=0.95,421,966,0.0966
10000,fixed,0.95,Fixed λ=0.95,422,1165,0.1165
10000,fixed,0.95,Fixed λ=0.95,423,442,0.0442
10000,fixed,0.95,Fixed λ=0.95,424,721,0.0721
10000,fixed,0.95,Fixed λ=0.95,425,754,0.0754
10000,fixed,0.95,Fixed λ=0.95,426,770,0.077
10000,fixed,0.95,Fixed λ=0.95,427,192,0.0192
10000,fixed,0.95,Fixed λ=0.95,428,417,0.0417
10000,fixed,0.95,Fixed λ=0.95,429,649,0.0649
10000,fixed,0.95,Fixed λ=0.95,430,815,0.0815
10000,fixed,0.95,Fixed λ=0.95,431,1054,0.1054
10000,fixed,0.95,Fixed λ=0.95,432,891,0.0891
10000,fixed,0.95,Fixed λ=0.95,433,971,0.0971
10000,fixed,0.95,Fixed λ=0.95,434,542,0.0542
10000,fixed,0.95,Fixed λ=0.95,435,1231,0.1231
10000,fixed,0.95,Fixed λ=0.95,436,778,0.0778
10000,fixed,0.95,Fixed λ=0.95,437,617,0.0617
10000,fixed,0.95,Fixed λ=0.95,438,241,0.0241
10000,fixed,0.95,Fixed λ=0.95,439,766,0.0766
10000,fixed,0.95,Fixed λ=0.95,440,1377,0.1377
10000,fixed,0.95,Fixed λ=0.95,441,829,0.0829
10000,fixed,0.95,Fixed λ=0.95,442,100,0.01
10000,fixed,0.95,Fixed λ=0.95,443,937,0.0937
10000,fixed,0.95,Fixed λ=0.95,444,927,0.0927
10000,fixed,0.95,Fixed λ=0.95,445,1203,0.1203
10000,fixed,0.95,Fixed λ=0.95,446,1092,0.1092
10000,fixed,0.95,Fixed λ=0.95,447,246,0.0246
10000,fixed,0.95,Fixed λ=0.95,448,797,0.0797
10000,fixed,0.95,Fixed λ=0.95,449,700,0.07
10000,fixed,0.95,Fixed λ=0.95,450,1316,0.1316
10000,fixed,0.95,Fixed λ=0.95,451,410,0.041
10000,fixed,0.95,Fixed λ=0.95,452,293,0.0293
10000,fixed,0.95,Fixed λ=0.95,453,682,0.0682
10000,fixed,0.95,Fixed λ=0.95,454,195,0.0195
10000,fixed,0.95,Fixed λ=0.95,455,1113,0.1113
10000,fixed,0.95,Fixed λ=0.95,456,716,0.0716
10000,fixed,0.95,Fixed λ=0.95,457,926,0.0926
10000,fixed,0.95,Fixed λ=0.95,458,772,0.0772
10000,fixed,0.95,Fixed λ=0.95,459,720,0.072
10000,fixed,0.95,Fixed λ=0.95,460,406,0.0406
10000,fixed,0.95,Fixed λ=0.95,461,127,0.0127
10000,fixed,0.95,Fixed λ=0.95,462,493,0.0493
10000,fixed,0.95,Fixed λ=0.95,463,1087,0.1087
10000,fixed,0.95,Fixed λ=0.95,464,1651,0.1651
10000,fixed,0.95,Fixed λ=0.95,465,1229,0.1229
10000,fixed,0.95,Fixed λ=0.95,466,631,0.0631
10000,fixed,0.95,Fixed λ=0.95,467,127,0.0127
10000,fixed,0.95,Fixed λ=0.95,468,355,0.0355
10000,fixed,0.95,Fixed λ=0.95,469,642,0.0642
10000,fixed,0.95,Fixed λ=0.95,470,950,0.095
10000,fixed,0.95,Fixed λ=0.95,471,992,0.0992
10000,fixed,0.95,Fixed λ=0.95,472,868,0.0868
10000,fixed,0.95,Fixed λ=0.95,473,737,0.0737
10000,fixed,0.95,Fixed λ=0.95,474,663,0.0663
10000,fixed,0.95,Fixed λ=0.95,475,1309,0.1309
10000,fixed,0.95,Fixed λ=0.95,476,666,0.0666
10000,fixed,0.95,Fixed λ=0.95,477,581,0.0581
10000,fixed,0.95,Fixed λ=0.95,478,466,0.0466
10000,fixed,0.95,Fixed λ=0.95,479,385,0.0385
10000,fixed,0.95,Fixed λ=0.95,480,1480,0.148
10000,fixed,0.95,Fixed λ=0.95,481,690,0.069
10000,fixed,0.95,Fixed λ=0.95,482,690,0.069
10000,fixed,0.95,Fixed λ=0.95,483,1107,0.1107
10000,fixed,0.95,Fixed λ=0.95,484,935,0.0935
10000,fixed,0.95,Fixed λ=0.95,485,656,0.0656
10000,fixed,0.95,Fixed λ=0.95,486,873,0.0873
10000,fixed,0.95,Fixed λ=0.95,487,714,0.0714
10000,fixed,0.95,Fixed λ=0.95,488,709,0.0709
10000,fixed,0.95,Fixed λ=0.95,489,591,0.0591
10000,fixed,0.95,Fixed λ=0.95,490,679,0.0679
10000,fixed,0.95,Fixed λ=0.95,491,796,0.0796
10000,fixed,0.95,Fixed λ=0.95,492,71,0.0071
10000,fixed,0.95,Fixed λ=0.95,493,1181,0.1181
10000,fixed,0.95,Fixed λ=0.95,494,120,0.012
10000,fixed,0.95,Fixed λ=0.95,495,997,0.0997
10000,fixed,0.95,Fixed λ=0.95,496,885,0.0885
10000,fixed,0.95,Fixed λ=0.95,497,578,0.0578
10000,fixed,0.95,Fixed λ=0.95,498,1158,0.1158
10000,fixed,0.95,Fixed λ=0.95,499,516,0.0516
10000,fixed,0.95,Fixed λ=0.95,500,410,0.041
10000,fixed,0.95,Fixed λ=0.95,501,763,0.0763
10000,fixed,0.95,Fixed λ=0.95,502,553,0.0553
10000,fixed,0.95,Fixed λ=0.95,503,283,0.0283
10000,fixed,0.95,Fixed λ=0.95,504,951,0.0951
10000,fixed,0.95,Fixed λ=0.95,505,1084,0.1084
10000,fixed,0.95,Fixed λ=0.95,506,843,0.0843
10000,fixed,0.95,Fixed λ=0.95,507,866,0.0866
10000,fixed,0.95,Fixed λ=0.95,508,779,0.0779
10000,fixed,0.95,Fixed λ=0.95,509,410,0.041
10000,fixed,0.95,Fixed λ=0.95,510,1268,0.1268
10000,fixed,0.95,Fixed λ=0.95,511,833,0.0833
10000,fixed,0.95,Fixed λ=0.95,512,821,0.0821
10000,fixed,0.95,Fixed λ=0.95,513,868,0.0868
10000,fixed,0.95,Fixed λ=0.95,514,589,0.0589
10000,fixed,0.95,Fixed λ=0.95,515,637,0.0637
10000,fixed,0.95,Fixed λ=0.95,516,651,0.0651
10000,fixed,0.95,Fixed λ=0.95,517,700,0.07
10000,fixed,0.95,Fixed λ=0.95,518,756,0.0756
10000,fixed,0.95,Fixed λ=0.95,519,804,0.0804
10000,fixed,0.95,Fixed λ=0.95,520,547,0.0547
10000,fixed,0.95,Fixed λ=0.95,521,797,0.0797
10000,fixed,0.95,Fixed λ=0.95,522,416,0.0416
10000,fixed,0.95,Fixed λ=0.95,523,1003,0.1003
10000,fixed,0.95,Fixed λ=0.95,524,938,0.0938
10000,fixed,0.95,Fixed λ=0.95,525,451,0.0451
10000,fixed,0.95,Fixed λ=0.95,526,495,0.0495
10000,fixed,0.95,Fixed λ=0.95,527,1053,0.1053
10000,fixed,0.95,Fixed λ=0.95,528,365,0.0365
10000,fixed,0.95,Fixed λ=0.95,529,483,0.0483
10000,fixed,0.95,Fixed λ=0.95,530,494,0.0494
10000,fixed,0.95,Fixed λ=0.95,531,1351,0.1351
10000,fixed,0.95,Fixed λ=0.95,532,799,0.0799
10000,fixed,0.95,Fixed λ=0.95,533,692,0.0692
10000,fixed,0.95,Fixed λ=0.95,534,156,0.0156
10000,fixed,0.95,Fixed λ=0.95,535,70,0.007
10000,fixed,0.95,Fixed λ=0.95,536,975,0.0975
10000,fixed,0.95,Fixed λ=0.95,537,194,0.0194
10000,fixed,0.95,Fixed λ=0.95,538,458,0.0458
10000,fixed,0.95,Fixed λ=0.95,539,669,0.0669
10000,fixed,0.95,Fixed λ=0.95,540,852,0.0852
10000,fixed,0.95,Fixed λ=0.95,541,469,0.0469
10000,fixed,0.95,Fixed λ=0.95,542,1051,0.1051
10000,fixed,0.95,Fixed λ=0.95,543,1011,0.1011
10000,fixed,0.95,Fixed λ=0.95,544,495,0.0495
10000,fixed,0.95,Fixed λ=0.95,545,581,0.0581
10000,fixed,0.95,Fixed λ=0.95,546,1020,0.102
10000,fixed,0.95,Fixed λ=0.95,547,294,0.0294
10000,fixed,0.95,Fixed λ=0.95,548,356,0.0356
10000,fixed,0.95,Fixed λ=0.95,549,253,0.0253
10000,fixed,0.95,Fixed λ=0.95,550,833,0.0833
10000,fixed,0.95,Fixed λ=0.95,551,745,0.0745
10000,fixed,0.95,Fixed λ=0.95,552,557,0.0557
10000,fixed,0.95,Fixed λ=0.95,553,797,0.0797
10000,fixed,0.95,Fixed λ=0.95,554,631,0.0631
10000,fixed,0.95,Fixed λ=0.95,555,1085,0.1085
10000,fixed,0.95,Fixed λ=0.95,556,415,0.0415
10000,fixed,0.95,Fixed λ=0.95,557,731,0.0731
10000,fixed,0.95,Fixed λ=0.95,558,633,0.0633
10000,fixed,0.95,Fixed λ=0.95,559,1379,0.1379
10000,fixed,0.95,Fixed λ=0.95,560,506,0.0506
10000,fixed,0.95,Fixed λ=0.95,561,406,0.0406
10000,fixed,0.95,Fixed λ=0.95,562,1441,0.1441
10000,fixed,0.95,Fixed λ=0.95,563,1204,0.1204
10000,fixed,0.95,Fixed λ=0.95,564,1072,0.1072
10000,fixed,0.95,Fixed λ=0.95,565,316,0.0316
10000,fixed,0.95,Fixed λ=0.95,566,475,0.0475
10000,fixed,0.95,Fixed λ=0.95,567,430,0.043
10000,fixed,0.95,Fixed λ=0.95,568,497,0.0497
10000,fixed,0.95,Fixed λ=0.95,569,863,0.0863
10000,fixed,0.95,Fixed λ=0.95,570,1433,0.1433
10000,fixed,0.95,Fixed λ=0.95,571,1299,0.1299
10000,fixed,0.95,Fixed λ=0.95,572,203,0.0203
10000,fixed,0.95,Fixed λ=0.95,573,421,0.0421
10000,fixed,0.95,Fixed λ=0.95,574,966,0.0966
10000,fixed,0.95,Fixed λ=0.95,575,304,0.0304
10000,fixed,0.95,Fixed λ=0.95,576,616,0.0616
10000,fixed,0.95,Fixed λ=0.95,577,253,0.0253
10000,fixed,0.95,Fixed λ=0.95,578,672,0.0672
10000,fixed,0.95,Fixed λ=0.95,579,941,0.0941
10000,fixed,0.95,Fixed λ=0.95,580,762,0.0762
10000,fixed,0.95,Fixed λ=0.95,581,912,0.0912
10000,fixed,0.95,Fixed λ=0.95,582,1087,0.1087
10000,fixed,0.95,Fixed λ=0.95,583,794,0.0794
10000,fixed,0.95,Fixed λ=0.95,584,875,0.0875
10000,fixed,0.95,Fixed λ=0.95,585,1048,0.1048
10000,fixed,0.95,Fixed λ=0.95,586,1298,0.1298
10000,fixed,0.95,Fixed λ=0.95,587,672,0.0672
10000,fixed,0.95,Fixed λ=0.95,588,633,0.0633
10000,fixed,0.95,Fixed λ=0.95,589,800,0.08
10000,fixed,0.95,Fixed λ=0.95,590,804,0.0804
10000,fixed,0.95,Fixed λ=0.95,591,1290,0.129
10000,fixed,0.95,Fixed λ=0.95,592,314,0.0314
10000,fixed,0.95,Fixed λ=0.95,593,1580,0.158
10000,fixed,0.95,Fixed λ=0.95,594,419,0.0419
10000,fixed,0.95,Fixed λ=0.95,595,811,0.0811
10000,fixed,0.95,Fixed λ=0.95,596,921,0.0921
10000,fixed,0.95,Fixed λ=0.95,597,627,0.0627
10000,fixed,0.95,Fixed λ=0.95,598,1216,0.1216
10000,fixed,0.95,Fixed λ=0.95,599,563,0.0563
10000,fixed,0.95,Fixed λ=0.95,600,1080,0.108
10000,fixed,0.95,Fixed λ=0.95,601,1022,0.1022
10000,fixed,0.95,Fixed λ=0.95,602,925,0.0925
10000,fixed,0.95,Fixed λ=0.95,603,1016,0.1016
10000,fixed,0.95,Fixed λ=0.95,604,489,0.0489
10000,fixed,0.95,Fixed λ=0.95,605,541,0.0541
10000,fixed,0.95,Fixed λ=0.95,606,663,0.0663
10000,fixed,0.95,Fixed λ=0.95,607,777,0.0777
10000,fixed,0.95,Fixed λ=0.95,608,750,0.075
10000,fixed,0.95,Fixed λ=0.95,609,189,0.0189
10000,fixed,0.95,Fixed λ=0.95,610,492,0.0492
10000,fixed,0.95,Fixed λ=0.95,611,1441,0.1441
10000,fixed,0.95,Fixed λ=0.95,612,642,0.0642
10000,fixed,0.95,Fixed λ=0.95,613,810,0.081
10000,fixed,0.95,Fixed λ=0.95,614,819,0.0819
10000,fixed,0.95,Fixed λ=0.95,615,896,0.0896
10000,fixed,0.95,Fixed λ=0.95,616,448,0.0448
10000,fixed,0.95,Fixed λ=0.95,617,509,0.0509
10000,fixed,0.95,Fixed λ=0.95,618,1126,0.1126
10000,fixed,0.95,Fixed λ=0.95,619,894,0.0894
10000,fixed,0.95,Fixed λ=0.95,620,1059,0.1059
10000,fixed,0.95,Fixed λ=0.95,621,830,0.083
10000,fixed,0.95,Fixed λ=0.95,622,1315,0.1315
10000,fixed,0.95,Fixed λ=0.95,623,907,0.0907
10000,fixed,0.95,Fixed λ=0.95,624,925,0.0925
10000,fixed,0.95,Fixed λ=0.95,625,438,0.0438
10000,fixed,0.95,Fixed λ=0.95,626,887,0.0887
10000,fixed,0.95,Fixed λ=0.95,627,908,0.0908
10000,fixed,0.95,Fixed λ=0.95,628,752,0.0752
10000,fixed,0.95,Fixed λ=0.95,629,1138,0.1138
10000,fixed,0.95,Fixed λ=0.95,630,465,0.0465
10000,fixed,0.95,Fixed λ=0.95,631,620,0.062
10000,fixed,0.95,Fixed λ=0.95,632,711,0.0711
10000,fixed,0.95,Fixed λ=0.95,633,26,0.0026
10000,fixed,0.95,Fixed λ=0.95,634,275,0.0275
10000,fixed,0.95,Fixed λ=0.95,635,376,0.0376
10000,fixed,0.95,Fixed λ=0.95,636,907,0.0907
10000,fixed,0.95,Fixed λ=0.95,637,853,0.0853
10000,fixed,0.95,Fixed λ=0.95,638,196,0.0196
10000,fixed,0.95,Fixed λ=0.95,639,378,0.0378
10000,fixed,0.95,Fixed λ=0.95,640,1563,0.1563
10000,fixed,0.95,Fixed λ=0.95,641,1207,0.1207
10000,fixed,0.95,Fixed λ=0.95,642,439,0.0439
10000,fixed,0.95,Fixed λ=0.95,643,1397,0.1397
10000,fixed,0.95,Fixed λ=0.95,644,783,0.0783
10000,fixed,0.95,Fixed λ=0.95,645,551,0.0551
10000,fixed,0.95,Fixed λ=0.95,646,493,0.0493
10000,fixed,0.95,Fixed λ=0.95,647,1267,0.1267
10000,fixed,0.95,Fixed λ=0.95,648,547,0.0547
10000,fixed,0.95,Fixed λ=0.95,649,846,0.0846
10000,fixed,0.95,Fixed λ=0.95,650,904,0.0904
10000,fixed,0.95,Fixed λ=0.95,651,600,0.06
10000,fixed,0.95,Fixed λ=0.95,652,589,0.0589
10000,fixed,0.95,Fixed λ=0.95,653,1001,0.1001
10000,fixed,0.95,Fixed λ=0.95,654,401,0.0401
10000,fixed,0.95,Fixed λ=0.95,655,760,0.076
10000,fixed,0.95,Fixed λ=0.95,656,1085,0.1085
10000,fixed,0.95,Fixed λ=0.95,657,826,0.0826
10000,fixed,0.95,Fixed λ=0.95,658,1067,0.1067
10000,fixed,0.95,Fixed λ=0.95,659,1114,0.1114
10000,fixed,0.95,Fixed λ=0.95,660,1077,0.1077
10000,fixed,0.95,Fixed λ=0.95,661,619,0.0619
10000,fixed,0.95,Fixed λ=0.95,662,605,0.0605
10000,fixed,0.95,Fixed λ=0.95,663,318,0.0318
10000,fixed,0.95,Fixed λ=0.95,664,968,0.0968
10000,fixed,0.95,Fixed λ=0.95,665,610,0.061
10000,fixed,0.95,Fixed λ=0.95,666,840,0.084
10000,fixed,0.95,Fixed λ=0.95,667,600,0.06
10000,fixed,0.95,Fixed λ=0.95,668,640,0.064
10000,fixed,0.95,Fixed λ=0.95,669,46,0.0046
10000,fixed,0.95,Fixed λ=0.95,670,521,0.0521
10000,fixed,0.95,Fixed λ=0.95,671,822,0.0822
10000,fixed,0.95,Fixed λ=0.95,672,1092,0.1092
10000,fixed,0.95,Fixed λ=0.95,673,1461,0.1461
10000,fixed,0.95,Fixed λ=0.95,674,378,0.0378
10000,fixed,0.95,Fixed λ=0.95,675,948,0.0948
10000,fixed,0.95,Fixed λ=0.95,676,788,0.0788
10000,fixed,0.95,Fixed λ=0.95,677,458,0.0458
10000,fixed,0.95,Fixed λ=0.95,678,358,0.0358
10000,fixed,0.95,Fixed λ=0.95,679,138,0.0138
10000,fixed,0.95,Fixed λ=0.95,680,437,0.0437
10000,fixed,0.95,Fixed λ=0.95,681,1131,0.1131
10000,fixed,0.95,Fixed λ=0.95,682,1258,0.1258
10000,fixed,0.95,Fixed λ=0.95,683,590,0.059
10000,fixed,0.95,Fixed λ=0.95,684,1061,0.1061
10000,fixed,0.95,Fixed λ=0.95,685,1073,0.1073
10000,fixed,0.95,Fixed λ=0.95,686,1012,0.1012
10000,fixed,0.95,Fixed λ=0.95,687,451,0.0451
10000,fixed,0.95,Fixed λ=0.95,688,616,0.0616
10000,fixed,0.95,Fixed λ=0.95,689,832,0.0832
10000,fixed,0.95,Fixed λ=0.95,690,498,0.0498
10000,fixed,0.95,Fixed λ=0.95,691,886,0.0886
10000,fixed,0.95,Fixed λ=0.95,692,606,0.0606
10000,fixed,0.95,Fixed λ=0.95,693,668,0.0668
10000,fixed,0.95,Fixed λ=0.95,694,792,0.0792
10000,fixed,0.95,Fixed λ=0.95,695,815,0.0815
10000,fixed,0.95,Fixed λ=0.95,696,632,0.0632
10000,fixed,0.95,Fixed λ=0.95,697,663,0.0663
10000,fixed,0.95,Fixed λ=0.95,698,480,0.048
10000,fixed,0.95,Fixed λ=0.95,699,826,0.0826
10000,fixed,0.95,Fixed λ=0.95,700,1090,0.109
10000,fixed,0.95,Fixed λ=0.95,701,291,0.0291
10000,fixed,0.95,Fixed λ=0.95,702,762,0.0762
10000,fixed,0.95,Fixed λ=0.95,703,559,0.0559
10000,fixed,0.95,Fixed λ=0.95,704,932,0.0932
10000,fixed,0.95,Fixed λ=0.95,705,946,0.0946
10000,fixed,0.95,Fixed λ=0.95,706,415,0.0415
10000,fixed,0.95,Fixed λ=0.95,707,1005,0.1005
10000,fixed,0.95,Fixed λ=0.95,708,916,0.0916
10000,fixed,0.95,Fixed λ=0.95,709,1048,0.1048
10000,fixed,0.95,Fixed λ=0.95,710,1528,0.1528
10000,fixed,0.95,Fixed λ=0.95,711,1155,0.1155
10000,fixed,0.95,Fixed λ=0.95,712,733,0.0733
10000,fixed,0.95,Fixed λ=0.95,713,1128,0.1128
10000,fixed,0.95,Fixed λ=0.95,714,634,0.0634
10000,fixed,0.95,Fixed λ=0.95,715,899,0.0899
10000,fixed,0.95,Fixed λ=0.95,716,718,0.0718
10000,fixed,0.95,Fixed λ=0.95,717,702,0.0702
10000,fixed,0.95,Fixed λ=0.95,718,446,0.0446
10000,fixed,0.95,Fixed λ=0.95,719,315,0.0315
10000,fixed,0.95,Fixed λ=0.95,720,882,0.0882
10000,fixed,0.95,Fixed λ=0.95,721,653,0.0653
10000,fixed,0.95,Fixed λ=0.95,722,698,0.0698
10000,fixed,0.95,Fixed λ=0.95,723,851,0.0851
10000,fixed,0.95,Fixed λ=0.95,724,728,0.0728
10000,fixed,0.95,Fixed λ=0.95,725,558,0.0558
10000,fixed,0.95,Fixed λ=0.95,726,1293,0.1293
10000,fixed,0.95,Fixed λ=0.95,727,282,0.0282
10000,fixed,0.95,Fixed λ=0.95,728,945,0.0945
10000,fixed,0.95,Fixed λ=0.95,729,965,0.0965
10000,fixed,0.95,Fixed λ=0.95,730,1270,0.127
10000,fixed,0.95,Fixed λ=0.95,731,935,0.0935
10000,fixed,0.95,Fixed λ=0.95,732,616,0.0616
10000,fixed,0.95,Fixed λ=0.95,733,588,0.0588
10000,fixed,0.95,Fixed λ=0.95,734,513,0.0513
10000,fixed,0.95,Fixed λ=0.95,735,348,0.0348
10000,fixed,0.95,Fixed λ=0.95,736,974,0.0974
10000,fixed,0.95,Fixed λ=0.95,737,734,0.0734
10000,fixed,0.95,Fixed λ=0.95,738,695,0.0695
10000,fixed,0.95,Fixed λ=0.95,739,422,0.0422
10000,fixed,0.95,Fixed λ=0.95,740,521,0.0521
10000,fixed,0.95,Fixed λ=0.95,741,332,0.0332
10000,fixed,0.95,Fixed λ=0.95,742,249,0.0249
10000,fixed,0.95,Fixed λ=0.95,743,106,0.0106
10000,fixed,0.95,Fixed λ=0.95,744,776,0.0776
10000,fixed,0.95,Fixed λ=0.95,745,780,0.078
10000,fixed,0.95,Fixed λ=0.95,746,1149,0.1149
10000,fixed,0.95,Fixed λ=0.95,747,491,0.0491
10000,fixed,0.95,Fixed λ=0.95,748,751,0.0751
10000,fixed,0.95,Fixed λ=0.95,749,951,0.0951
10000,fixed,0.95,Fixed λ=0.95,750,906,0.0906
10000,fixed,0.95,Fixed λ=0.95,751,1252,0.1252
10000,fixed,0.95,Fixed λ=0.95,752,630,0.063
10000,fixed,0.95,Fixed λ=0.95,753,678,0.0678
10000,fixed,0.95,Fixed λ=0.95,754,1222,0.1222
10000,fixed,0.95,Fixed λ=0.95,755,448,0.0448
10000,fixed,0.95,Fixed λ=0.95,756,677,0.0677
10000,fixed,0.95,Fixed λ=0.95,757,652,0.0652
10000,fixed,0.95,Fixed λ=0.95,758,685,0.0685
10000,fixed,0.95,Fixed λ=0.95,759,430,0.043
10000,fixed,0.95,Fixed λ=0.95,760,995,0.0995
10000,fixed,0.95,Fixed λ=0.95,761,1140,0.114
10000,fixed,0.95,Fixed λ=0.95,762,1105,0.1105
10000,fixed,0.95,Fixed λ=0.95,763,286,0.0286
10000,fixed,0.95,Fixed λ=0.95,764,396,0.0396
10000,fixed,0.95,Fixed λ=0.95,765,701,0.0701
10000,fixed,0.95,Fixed λ=0.95,766,1618,0.1618
10000,fixed,0.95,Fixed λ=0.95,767,680,0.068
10000,fixed,0.95,Fixed λ=0.95,768,220,0.022
10000,fixed,0.95,Fixed λ=0.95,769,453,0.0453
10000,fixed,0.95,Fixed λ=0.95,770,326,0.0326
10000,fixed,0.95,Fixed λ=0.95,771,563,0.0563
10000,fixed,0.95,Fixed λ=0.95,772,325,0.0325
10000,fixed,0.95,Fixed λ=0.95,773,268,0.0268
10000,fixed,0.95,Fixed λ=0.95,774,854,0.0854
10000,fixed,0.95,Fixed λ=0.95,775,766,0.0766
10000,fixed,0.95,Fixed λ=0.95,776,1084,0.1084
10000,fixed,0.95,Fixed λ=0.95,777,800,0.08
10000,fixed,0.95,Fixed λ=0.95,778,607,0.0607
10000,fixed,0.95,Fixed λ=0.95,779,856,0.0856
10000,fixed,0.95,Fixed λ=0.95,780,833,0.0833
10000,fixed,0.95,Fixed λ=0.95,781,723,0.0723
10000,fixed,0.95,Fixed λ=0.95,782,993,0.0993
10000,fixed,0.95,Fixed λ=0.95,783,706,0.0706
10000,fixed,0.95,Fixed λ=0.95,784,425,0.0425
10000,fixed,0.95,Fixed λ=0.95,785,349,0.0349
10000,fixed,0.95,Fixed λ=0.95,786,800,0.08
10000,fixed,0.95,Fixed λ=0.95,787,467,0.0467
10000,fixed,0.95,Fixed λ=0.95,788,515,0.0515
10000,fixed,0.95,Fixed λ=0.95,789,660,0.066
10000,fixed,0.95,Fixed λ=0.95,790,630,0.063
10000,fixed,0.95,Fixed λ=0.95,791,382,0.0382
10000,fixed,0.95,Fixed λ=0.95,792,876,0.0876
10000,fixed,0.95,Fixed λ=0.95,793,1812,0.1812
10000,fixed,0.95,Fixed λ=0.95,794,33,0.0033
10000,fixed,0.95,Fixed λ=0.95,795,655,0.0655
10000,fixed,0.95,Fixed λ=0.95,796,862,0.0862
10000,fixed,0.95,Fixed λ=0.95,797,1396,0.1396
10000,fixed,0.95,Fixed λ=0.95,798,1395,0.1395
10000,fixed,0.95,Fixed λ=0.95,799,196,0.0196
10000,fixed,0.95,Fixed λ=0.95,800,546,0.0546
10000,fixed,0.95,Fixed λ=0.95,801,654,0.0654
10000,fixed,0.95,Fixed λ=0.95,802,818,0.0818
10000,fixed,0.95,Fixed λ=0.95,803,625,0.0625
10000,fixed,0.95,Fixed λ=0.95,804,811,0.0811
10000,fixed,0.95,Fixed λ=0.95,805,794,0.0794
10000,fixed,0.95,Fixed λ=0.95,806,933,0.0933
10000,fixed,0.95,Fixed λ=0.95,807,952,0.0952
10000,fixed,0.95,Fixed λ=0.95,808,399,0.0399
10000,fixed,0.95,Fixed λ=0.95,809,1232,0.1232
10000,fixed,0.95,Fixed λ=0.95,810,846,0.0846
10000,fixed,0.95,Fixed λ=0.95,811,715,0.0715
10000,fixed,0.95,Fixed λ=0.95,812,1020,0.102
10000,fixed,0.95,Fixed λ=0.95,813,1151,0.1151
10000,fixed,0.95,Fixed λ=0.95,814,1290,0.129
10000,fixed,0.95,Fixed λ=0.95,815,506,0.0506
10000,fixed,0.95,Fixed λ=0.95,816,1003,0.1003
10000,fixed,0.95,Fixed λ=0.95,817,1287,0.1287
10000,fixed,0.95,Fixed λ=0.95,818,1140,0.114
10000,fixed,0.95,Fixed λ=0.95,819,514,0.0514
10000,fixed,0.95,Fixed λ=0.95,820,637,0.0637
10000,fixed,0.95,Fixed λ=0.95,821,1134,0.1134
10000,fixed,0.95,Fixed λ=0.95,822,985,0.0985
10000,fixed,0.95,Fixed λ=0.95,823,1896,0.1896
10000,fixed,0.95,Fixed λ=0.95,824,901,0.0901
10000,fixed,0.95,Fixed λ=0.95,825,829,0.0829
10000,fixed,0.95,Fixed λ=0.95,826,948,0.0948
10000,fixed,0.95,Fixed λ=0.95,827,827,0.0827
10000,fixed,0.95,Fixed λ=0.95,828,306,0.0306
10000,fixed,0.95,Fixed λ=0.95,829,1078,0.1078
10000,fixed,0.95,Fixed λ=0.95,830,1205,0.1205
10000,fixed,0.95,Fixed λ=0.95,831,297,0.0297
10000,fixed,0.95,Fixed λ=0.95,832,894,0.0894
10000,fixed,0.95,Fixed λ=0.95,833,195,0.0195
10000,fixed,0.95,Fixed λ=0.95,834,298,0.0298
10000,fixed,0.95,Fixed λ=0.95,835,398,0.0398
10000,fixed,0.95,Fixed λ=0.95,836,498,0.0498
10000,fixed,0.95,Fixed λ=0.95,837,427,0.0427
10000,fixed,0.95,Fixed λ=0.95,838,580,0.058
10000,fixed,0.95,Fixed λ=0.95,839,1095,0.1095
10000,fixed,0.95,Fixed λ=0.95,840,552,0.0552
10000,fixed,0.95,Fixed λ=0.95,841,872,0.0872
10000,fixed,0.95,Fixed λ=0.95,842,1532,0.1532
10000,fixed,0.95,Fixed λ=0.95,843,682,0.0682
10000,fixed,0.95,Fixed λ=0.95,844,524,0.0524
10000,fixed,0.95,Fixed λ=0.95,845,1622,0.1622
10000,fixed,0.95,Fixed λ=0.95,846,993,0.0993
10000,fixed,0.95,Fixed λ=0.95,847,541,0.0541
10000,fixed,0.95,Fixed λ=0.95,848,1145,0.1145
10000,fixed,0.95,Fixed λ=0.95,849,578,0.0578
10000,fixed,0.95,Fixed λ=0.95,850,684,0.0684
10000,fixed,0.95,Fixed λ=0.95,851,274,0.0274
10000,fixed,0.95,Fixed λ=0.95,852,885,0.0885
10000,fixed,0.95,Fixed λ=0.95,853,571,0.0571
10000,fixed,0.95,Fixed λ=0.95,854,2163,0.2163
10000,fixed,0.95,Fixed λ=0.95,855,459,0.0459
10000,fixed,0.95,Fixed λ=0.95,856,1017,0.1017
10000,fixed,0.95,Fixed λ=0.95,857,529,0.0529
10000,fixed,0.95,Fixed λ=0.95,858,1127,0.1127
10000,fixed,0.95,Fixed λ=0.95,859,831,0.0831
10000,fixed,0.95,Fixed λ=0.95,860,692,0.0692
10000,fixed,0.95,Fixed λ=0.95,861,301,0.0301
10000,fixed,0.95,Fixed λ=0.95,862,525,0.0525
10000,fixed,0.95,Fixed λ=0.95,863,953,0.0953
10000,fixed,0.95,Fixed λ=0.95,864,440,0.044
10000,fixed,0.95,Fixed λ=0.95,865,186,0.0186
10000,fixed,0.95,Fixed λ=0.95,866,732,0.0732
10000,fixed,0.95,Fixed λ=0.95,867,738,0.0738
10000,fixed,0.95,Fixed λ=0.95,868,1004,0.1004
10000,fixed,0.95,Fixed λ=0.95,869,842,0.0842
10000,fixed,0.95,Fixed λ=0.95,870,1304,0.1304
10000,fixed,0.95,Fixed λ=0.95,871,296,0.0296
10000,fixed,0.95,Fixed λ=0.95,872,657,0.0657
10000,fixed,0.95,Fixed λ=0.95,873,798,0.0798
10000,fixed,0.95,Fixed λ=0.95,874,244,0.0244
10000,fixed,0.95,Fixed λ=0.95,875,1255,0.1255
10000,fixed,0.95,Fixed λ=0.95,876,472,0.0472
10000,fixed,0.95,Fixed λ=0.95,877,422,0.0422
10000,fixed,0.95,Fixed λ=0.95,878,1007,0.1007
10000,fixed,0.95,Fixed λ=0.95,879,682,0.0682
10000,fixed,0.95,Fixed λ=0.95,880,957,0.0957
10000,fixed,0.95,Fixed λ=0.95,881,1043,0.1043
10000,fixed,0.95,Fixed λ=0.95,882,19,0.0019
10000,fixed,0.95,Fixed λ=0.95,883,286,0.0286
10000,fixed,0.95,Fixed λ=0.95,884,389,0.0389
10000,fixed,0.95,Fixed λ=0.95,885,277,0.0277
10000,fixed,0.95,Fixed λ=0.95,886,902,0.0902
10000,fixed,0.95,Fixed λ=0.95,887,874,0.0874
10000,fixed,0.95,Fixed λ=0.95,888,1359,0.1359
10000,fixed,0.95,Fixed λ=0.95,889,596,0.0596
10000,fixed,0.95,Fixed λ=0.95,890,735,0.0735
10000,fixed,0.95,Fixed λ=0.95,891,1441,0.1441
10000,fixed,0.95,Fixed λ=0.95,892,504,0.0504
10000,fixed,0.95,Fixed λ=0.95,893,779,0.0779
10000,fixed,0.95,Fixed λ=0.95,894,859,0.0859
10000,fixed,0.95,Fixed λ=0.95,895,989,0.0989
10000,fixed,0.95,Fixed λ=0.95,896,57,0.0057
10000,fixed,0.95,Fixed λ=0.95,897,759,0.0759
10000,fixed,0.95,Fixed λ=0.95,898,692,0.0692
10000,fixed,0.95,Fixed λ=0.95,899,949,0.0949
10000,fixed,0.95,Fixed λ=0.95,900,1466,0.1466
10000,fixed,0.95,Fixed λ=0.95,901,1099,0.1099
10000,fixed,0.95,Fixed λ=0.95,902,1155,0.1155
10000,fixed,0.95,Fixed λ=0.95,903,871,0.0871
10000,fixed,0.95,Fixed λ=0.95,904,1043,0.1043
10000,fixed,0.95,Fixed λ=0.95,905,429,0.0429
10000,fixed,0.95,Fixed λ=0.95,906,458,0.0458
10000,fixed,0.95,Fixed λ=0.95,907,721,0.0721
10000,fixed,0.95,Fixed λ=0.95,908,459,0.0459
10000,fixed,0.95,Fixed λ=0.95,909,187,0.0187
10000,fixed,0.95,Fixed λ=0.95,910,919,0.0919
10000,fixed,0.95,Fixed λ=0.95,911,634,0.0634
10000,fixed,0.95,Fixed λ=0.95,912,1207,0.1207
10000,fixed,0.95,Fixed λ=0.95,913,517,0.0517
10000,fixed,0.95,Fixed λ=0.95,914,310,0.031
10000,fixed,0.95,Fixed λ=0.95,915,787,0.0787
10000,fixed,0.95,Fixed λ=0.95,916,814,0.0814
10000,fixed,0.95,Fixed λ=0.95,917,407,0.0407
10000,fixed,0.95,Fixed λ=0.95,918,991,0.0991
10000,fixed,0.95,Fixed λ=0.95,919,871,0.0871
10000,fixed,0.95,Fixed λ=0.95,920,885,0.0885
10000,fixed,0.95,Fixed λ=0.95,921,1161,0.1161
10000,fixed,0.95,Fixed λ=0.95,922,944,0.0944
10000,fixed,0.95,Fixed λ=0.95,923,1070,0.107
10000,fixed,0.95,Fixed λ=0.95,924,1076,0.1076
10000,fixed,0.95,Fixed λ=0.95,925,1512,0.1512
10000,fixed,0.95,Fixed λ=0.95,926,846,0.0846
10000,fixed,0.95,Fixed λ=0.95,927,464,0.0464
10000,fixed,0.95,Fixed λ=0.95,928,726,0.0726
10000,fixed,0.95,Fixed λ=0.95,929,234,0.0234
10000,fixed,0.95,Fixed λ=0.95,930,216,0.0216
10000,fixed,0.95,Fixed λ=0.95,931,313,0.0313
10000,fixed,0.95,Fixed λ=0.95,932,349,0.0349
10000,fixed,0.95,Fixed λ=0.95,933,971,0.0971
10000,fixed,0.95,Fixed λ=0.95,934,654,0.0654
10000,fixed,0.95,Fixed λ=0.95,935,1265,0.1265
10000,fixed,0.95,Fixed λ=0.95,936,500,0.05
10000,fixed,0.95,Fixed λ=0.95,937,148,0.0148
10000,fixed,0.95,Fixed λ=0.95,938,524,0.0524
10000,fixed,0.95,Fixed λ=0.95,939,613,0.0613
10000,fixed,0.95,Fixed λ=0.95,940,1169,0.1169
10000,fixed,0.95,Fixed λ=0.95,941,846,0.0846
10000,fixed,0.95,Fixed λ=0.95,942,1025,0.1025
10000,fixed,0.95,Fixed λ=0.95,943,331,0.0331
10000,fixed,0.95,Fixed λ=0.95,944,688,0.0688
10000,fixed,0.95,Fixed λ=0.95,945,1047,0.1047
10000,fixed,0.95,Fixed λ=0.95,946,906,0.0906
10000,fixed,0.95,Fixed λ=0.95,947,628,0.0628
10000,fixed,0.95,Fixed λ=0.95,948,1408,0.1408
10000,fixed,0.95,Fixed λ=0.95,949,444,0.0444
10000,fixed,0.95,Fixed λ=0.95,950,361,0.0361
10000,fixed,0.95,Fixed λ=0.95,951,819,0.0819
10000,fixed,0.95,Fixed λ=0.95,952,197,0.0197
10000,fixed,0.95,Fixed λ=0.95,953,617,0.0617
10000,fixed,0.95,Fixed λ=0.95,954,1250,0.125
10000,fixed,0.95,Fixed λ=0.95,955,629,0.0629
10000,fixed,0.95,Fixed λ=0.95,956,800,0.08
10000,fixed,0.95,Fixed λ=0.95,957,1000,0.1
10000,fixed,0.95,Fixed λ=0.95,958,1375,0.1375
10000,fixed,0.95,Fixed λ=0.95,959,1300,0.13
10000,fixed,0.95,Fixed λ=0.95,960,260,0.026
10000,fixed,0.95,Fixed λ=0.95,961,1054,0.1054
10000,fixed,0.95,Fixed λ=0.95,962,300,0.03
10000,fixed,0.95,Fixed λ=0.95,963,1111,0.1111
10000,fixed,0.95,Fixed λ=0.95,964,767,0.0767
10000,fixed,0.95,Fixed λ=0.95,965,356,0.0356
10000,fixed,0.95,Fixed λ=0.95,966,871,0.0871
10000,fixed,0.95,Fixed λ=0.95,967,536,0.0536
10000,fixed,0.95,Fixed λ=0.95,968,707,0.0707
10000,fixed,0.95,Fixed λ=0.95,969,746,0.0746
10000,fixed,0.95,Fixed λ=0.95,970,696,0.0696
10000,fixed,0.95,Fixed λ=0.95,971,319,0.0319
10000,fixed,0.95,Fixed λ=0.95,972,1502,0.1502
10000,fixed,0.95,Fixed λ=0.95,973,1271,0.1271
10000,fixed,0.95,Fixed λ=0.95,974,736,0.0736
10000,fixed,0.95,Fixed λ=0.95,975,654,0.0654
10000,fixed,0.95,Fixed λ=0.95,976,853,0.0853
10000,fixed,0.95,Fixed λ=0.95,977,467,0.0467
10000,fixed,0.95,Fixed λ=0.95,978,938,0.0938
10000,fixed,0.95,Fixed λ=0.95,979,587,0.0587
10000,fixed,0.95,Fixed λ=0.95,980,650,0.065
10000,fixed,0.95,Fixed λ=0.95,981,988,0.0988
10000,fixed,0.95,Fixed λ=0.95,982,829,0.0829
10000,fixed,0.95,Fixed λ=0.95,983,307,0.0307
10000,fixed,0.95,Fixed λ=0.95,984,948,0.0948
10000,fixed,0.95,Fixed λ=0.95,985,1122,0.1122
10000,fixed,0.95,Fixed λ=0.95,986,1104,0.1104
10000,fixed,0.95,Fixed λ=0.95,987,830,0.083
10000,fixed,0.95,Fixed λ=0.95,988,1448,0.1448
10000,fixed,0.95,Fixed λ=0.95,989,281,0.0281
10000,fixed,0.95,Fixed λ=0.95,990,1388,0.1388
10000,fixed,0.95,Fixed λ=0.95,991,635,0.0635
10000,fixed,0.95,Fixed λ=0.95,992,816,0.0816
10000,fixed,0.95,Fixed λ=0.95,993,1290,0.129
10000,fixed,0.95,Fixed λ=0.95,994,1008,0.1008
10000,fixed,0.95,Fixed λ=0.95,995,661,0.0661
10000,fixed,0.95,Fixed λ=0.95,996,308,0.0308
10000,fixed,0.95,Fixed λ=0.95,997,779,0.0779
10000,fixed,0.95,Fixed λ=0.95,998,226,0.0226
10000,fixed,0.95,Fixed λ=0.95,999,1028,0.1028
10000,none,1.0,No forgetting,0,1721,0.1721
10000,none,1.0,No forgetting,1,1518,0.1518
10000,none,1.0,No forgetting,2,2096,0.2096
10000,none,1.0,No forgetting,3,978,0.0978
10000,none,1.0,No forgetting,4,1781,0.1781
10000,none,1.0,No forgetting,5,1286,0.1286
10000,none,1.0,No forgetting,6,1379,0.1379
10000,none,1.0,No forgetting,7,303,0.0303
10000,none,1.0,No forgetting,8,979,0.0979
10000,none,1.0,No forgetting,9,2336,0.2336
10000,none,1.0,No forgetting,10,1744,0.1744
10000,none,1.0,No forgetting,11,1215,0.1215
10000,none,1.0,No forgetting,12,1091,0.1091
10000,none,1.0,No forgetting,13,1113,0.1113
10000,none,1.0,No forgetting,14,882,0.0882
10000,none,1.0,No forgetting,15,812,0.0812
10000,none,1.0,No forgetting,16,1113,0.1113
10000,none,1.0,No forgetting,17,614,0.0614
10000,none,1.0,No forgetting,18,656,0.0656
10000,none,1.0,No forgetting,19,902,0.0902
10000,none,1.0,No forgetting,20,2298,0.2298
10000,none,1.0,No forgetting,21,656,0.0656
10000,none,1.0,No forgetting,22,707,0.0707
10000,none,1.0,No forgetting,23,2136,0.2136
10000,none,1.0,No forgetting,24,877,0.0877
10000,none,1.0,No forgetting,25,1203,0.1203
10000,none,1.0,No forgetting,26,1269,0.1269
10000,none,1.0,No forgetting,27,1731,0.1731
10000,none,1.0,No forgetting,28,1323,0.1323
10000,none,1.0,No forgetting,29,1610,0.161
10000,none,1.0,No forgetting,30,176,0.0176
10000,none,1.0,No forgetting,31,1222,0.1222
10000,none,1.0,No forgetting,32,574,0.0574
10000,none,1.0,No forgetting,33,1285,0.1285
10000,none,1.0,No forgetting,34,855,0.0855
10000,none,1.0,No forgetting,35,557,0.0557
10000,none,1.0,No forgetting,36,499,0.0499
10000,none,1.0,No forgetting,37,1415,0.1415
10000,none,1.0,No forgetting,38,1466,0.1466
10000,none,1.0,No forgetting,39,1241,0.1241
10000,none,1.0,No forgetting,40,981,0.0981
10000,none,1.0,No forgetting,41,1380,0.138
10000,none,1.0,No forgetting,42,1409,0.1409
10000,none,1.0,No forgetting,43,1664,0.1664
10000,none,1.0,No forgetting,44,1871,0.1871
10000,none,1.0,No forgetting,45,1724,0.1724
10000,none,1.0,No forgetting,46,1704,0.1704
10000,none,1.0,No forgetting,47,1927,0.1927
10000,none,1.0,No forgetting,48,793,0.0793
10000,none,1.0,No forgetting,49,1803,0.1803
10000,none,1.0,No forgetting,50,1851,0.1851
10000,none,1.0,No forgetting,51,1850,0.185
10000,none,1.0,No forgetting,52,219,0.0219
10000,none,1.0,No forgetting,53,510,0.051
10000,none,1.0,No forgetting,54,1073,0.1073
10000,none,1.0,No forgetting,55,981,0.0981
10000,none,1.0,No forgetting,56,1300,0.13
10000,none,1.0,No forgetting,57,832,0.0832
10000,none,1.0,No forgetting,58,1894,0.1894
10000,none,1.0,No forgetting,59,736,0.0736
10000,none,1.0,No forgetting,60,1912,0.1912
10000,none,1.0,No forgetting,61,1248,0.1248
10000,none,1.0,No forgetting,62,1652,0.1652
10000,none,1.0,No forgetting,63,1733,0.1733
10000,none,1.0,No forgetting,64,1843,0.1843
10000,none,1.0,No forgetting,65,1503,0.1503
10000,none,1.0,No forgetting,66,1545,0.1545
10000,none,1.0,No forgetting,67,535,0.0535
10000,none,1.0,No forgetting,68,1826,0.1826
10000,none,1.0,No forgetting,69,2096,0.2096
10000,none,1.0,No forgetting,70,1944,0.1944
10000,none,1.0,No forgetting,71,1083,0.1083
10000,none,1.0,No forgetting,72,1695,0.1695
10000,none,1.0,No forgetting,73,1595,0.1595
10000,none,1.0,No forgetting,74,556,0.0556
10000,none,1.0,No forgetting,75,1539,0.1539
10000,none,1.0,No forgetting,76,1559,0.1559
10000,none,1.0,No forgetting,77,2046,0.2046
10000,none,1.0,No forgetting,78,1374,0.1374
10000,none,1.0,No forgetting,79,1538,0.1538
10000,none,1.0,No forgetting,80,1347,0.1347
10000,none,1.0,No forgetting,81,2336,0.2336
10000,none,1.0,No forgetting,82,1989,0.1989
10000,none,1.0,No forgetting,83,1513,0.1513
10000,none,1.0,No forgetting,84,1143,0.1143
10000,none,1.0,No forgetting,85,1555,0.1555
10000,none,1.0,No forgetting,86,959,0.0959
10000,none,1.0,No forgetting,87,1361,0.1361
10000,none,1.0,No forgetting,88,1270,0.127
10000,none,1.0,No forgetting,89,534,0.0534
10000,none,1.0,No forgetting,90,462,0.0462
10000,none,1.0,No forgetting,91,831,0.0831
10000,none,1.0,No forgetting,92,2105,0.2105
10000,none,1.0,No forgetting,93,1019,0.1019
10000,none,1.0,No forgetting,94,1349,0.1349
10000,none,1.0,No forgetting,95,1023,0.1023
10000,none,1.0,No forgetting,96,1485,0.1485
10000,none,1.0,No forgetting,97,2008,0.2008
10000,none,1.0,No forgetting,98,1946,0.1946
10000,none,1.0,No forgetting,99,2120,0.212
10000,none,1.0,No forgetting,100,692,0.0692
10000,none,1.0,No forgetting,101,3261,0.3261
10000,none,1.0,No forgetting,102,952,0.0952
10000,none,1.0,No forgetting,103,1709,0.1709
10000,none,1.0,No forgetting,104,336,0.0336
10000,none,1.0,No forgetting,105,621,0.0621
10000,none,1.0,No forgetting,106,1442,0.1442
10000,none,1.0,No forgetting,107,1190,0.119
10000,none,1.0,No forgetting,108,1593,0.1593
10000,none,1.0,No forgetting,109,1120,0.112
10000,none,1.0,No forgetting,110,1035,0.1035
10000,none,1.0,No forgetting,111,1427,0.1427
10000,none,1.0,No forgetting,112,2135,0.2135
10000,none,1.0,No forgetting,113,2242,0.2242
10000,none,1.0,No forgetting,114,2426,0.2426
10000,none,1.0,No forgetting,115,381,0.0381
10000,none,1.0,No forgetting,116,1055,0.1055
10000,none,1.0,No forgetting,117,1538,0.1538
10000,none,1.0,No forgetting,118,941,0.0941
10000,none,1.0,No forgetting,119,1050,0.105
10000,none,1.0,No forgetting,120,2829,0.2829
10000,none,1.0,No forgetting,121,1140,0.114
10000,none,1.0,No forgetting,122,1625,0.1625
10000,none,1.0,No forgetting,123,697,0.0697
10000,none,1.0,No forgetting,124,1189,0.1189
10000,none,1.0,No forgetting,125,2075,0.2075
10000,none,1.0,No forgetting,126,1352,0.1352
10000,none,1.0,No forgetting,127,995,0.0995
10000,none,1.0,No forgetting,128,1234,0.1234
10000,none,1.0,No forgetting,129,2254,0.2254
10000,none,1.0,No forgetting,130,1533,0.1533
10000,none,1.0,No forgetting,131,1694,0.1694
10000,none,1.0,No forgetting,132,2904,0.2904
10000,none,1.0,No forgetting,133,1160,0.116
10000,none,1.0,No forgetting,134,1458,0.1458
10000,none,1.0,No forgetting,135,1148,0.1148
10000,none,1.0,No forgetting,136,195,0.0195
10000,none,1.0,No forgetting,137,1758,0.1758
10000,none,1.0,No forgetting,138,1481,0.1481
10000,none,1.0,No forgetting,139,411,0.0411
10000,none,1.0,No forgetting,140,1097,0.1097
10000,none,1.0,No forgetting,141,2344,0.2344
10000,none,1.0,No forgetting,142,1290,0.129
10000,none,1.0,No forgetting,143,2156,0.2156
10000,none,1.0,No forgetting,144,1645,0.1645
10000,none,1.0,No forgetting,145,2314,0.2314
10000,none,1.0,No forgetting,146,1432,0.1432
10000,none,1.0,No forgetting,147,728,0.0728
10000,none,1.0,No forgetting,148,1061,0.1061
10000,none,1.0,No forgetting,149,1679,0.1679
10000,none,1.0,No forgetting,150,1304,0.1304
10000,none,1.0,No forgetting,151,876,0.0876
10000,none,1.0,No forgetting,152,691,0.0691
10000,none,1.0,No forgetting,153,2296,0.2296
10000,none,1.0,No forgetting,154,1352,0.1352
10000,none,1.0,No forgetting,155,1928,0.1928
10000,none,1.0,No forgetting,156,1728,0.1728
10000,none,1.0,No forgetting,157,1642,0.1642
10000,none,1.0,No forgetting,158,1623,0.1623
10000,none,1.0,No forgetting,159,1412,0.1412
10000,none,1.0,No forgetting,160,1333,0.1333
10000,none,1.0,No forgetting,161,1653,0.1653
10000,none,1.0,No forgetting,162,2322,0.2322
10000,none,1.0,No forgetting,163,1598,0.1598
10000,none,1.0,No forgetting,164,1605,0.1605
10000,none,1.0,No forgetting,165,631,0.0631
10000,none,1.0,No forgetting,166,887,0.0887
10000,none,1.0,No forgetting,167,2110,0.211
10000,none,1.0,No forgetting,168,100,0.01
10000,none,1.0,No forgetting,169,1251,0.1251
10000,none,1.0,No forgetting,170,1808,0.1808
10000,none,1.0,No forgetting,171,672,0.0672
10000,none,1.0,No forgetting,172,1053,0.1053
10000,none,1.0,No forgetting,173,1268,0.1268
10000,none,1.0,No forgetting,174,2418,0.2418
10000,none,1.0,No forgetting,175,1753,0.1753
10000,none,1.0,No forgetting,176,1264,0.1264
10000,none,1.0,No forgetting,177,1063,0.1063
10000,none,1.0,No forgetting,178,1491,0.1491
10000,none,1.0,No forgetting,179,1472,0.1472
10000,none,1.0,No forgetting,180,1065,0.1065
10000,none,1.0,No forgetting,181,1816,0.1816
10000,none,1.0,No forgetting,182,1180,0.118
10000,none,1.0,No forgetting,183,561,0.0561
10000,none,1.0,No forgetting,184,813,0.0813
10000,none,1.0,No forgetting,185,445,0.0445
10000,none,1.0,No forgetting,186,1862,0.1862
10000,none,1.0,No forgetting,187,2197,0.2197
10000,none,1.0,No forgetting,188,1637,0.1637
10000,none,1.0,No forgetting,189,1369,0.1369
10000,none,1.0,No forgetting,190,1662,0.1662
10000,none,1.0,No forgetting,191,1828,0.1828
10000,none,1.0,No forgetting,192,965,0.0965
10000,none,1.0,No forgetting,193,1505,0.1505
10000,none,1.0,No forgetting,194,1099,0.1099
10000,none,1.0,No forgetting,195,1357,0.1357
10000,none,1.0,No forgetting,196,416,0.0416
10000,none,1.0,No forgetting,197,909,0.0909
10000,none,1.0,No forgetting,198,939,0.0939
10000,none,1.0,No forgetting,199,200,0.02
10000,none,1.0,No forgetting,200,1989,0.1989
10000,none,1.0,No forgetting,201,1181,0.1181
10000,none,1.0,No forgetting,202,1448,0.1448
10000,none,1.0,No forgetting,203,1176,0.1176
10000,none,1.0,No forgetting,204,697,0.0697
10000,none,1.0,No forgetting,205,1143,0.1143
10000,none,1.0,No forgetting,206,1022,0.1022
10000,none,1.0,No forgetting,207,468,0.0468
10000,none,1.0,No forgetting,208,471,0.0471
10000,none,1.0,No forgetting,209,1482,0.1482
10000,none,1.0,No forgetting,210,1877,0.1877
10000,none,1.0,No forgetting,211,1036,0.1036
10000,none,1.0,No forgetting,212,1629,0.1629
10000,none,1.0,No forgetting,213,1496,0.1496
10000,none,1.0,No forgetting,214,1840,0.184
10000,none,1.0,No forgetting,215,1915,0.1915
10000,none,1.0,No forgetting,216,1139,0.1139
10000,none,1.0,No forgetting,217,715,0.0715
10000,none,1.0,No forgetting,218,1773,0.1773
10000,none,1.0,No forgetting,219,1530,0.153
10000,none,1.0,No forgetting,220,1385,0.1385
10000,none,1.0,No forgetting,221,1395,0.1395
10000,none,1.0,No forgetting,222,1112,0.1112
10000,none,1.0,No forgetting,223,722,0.0722
10000,none,1.0,No forgetting,224,450,0.045
10000,none,1.0,No forgetting,225,1868,0.1868
10000,none,1.0,No forgetting,226,1685,0.1685
10000,none,1.0,No forgetting,227,1673,0.1673
10000,none,1.0,No forgetting,228,1237,0.1237
10000,none,1.0,No forgetting,229,1956,0.1956
10000,none,1.0,No forgetting,230,1532,0.1532
10000,none,1.0,No forgetting,231,2003,0.2003
10000,none,1.0,No forgetting,232,2090,0.209
10000,none,1.0,No forgetting,233,2180,0.218
10000,none,1.0,No forgetting,234,905,0.0905
10000,none,1.0,No forgetting,235,1593,0.1593
10000,none,1.0,No forgetting,236,1598,0.1598
10000,none,1.0,No forgetting,237,992,0.0992
10000,none,1.0,No forgetting,238,1621,0.1621
10000,none,1.0,No forgetting,239,1650,0.165
10000,none,1.0,No forgetting,240,1193,0.1193
10000,none,1.0,No forgetting,241,1342,0.1342
10000,none,1.0,No forgetting,242,2121,0.2121
10000,none,1.0,No forgetting,243,1031,0.1031
10000,none,1.0,No forgetting,244,1173,0.1173
10000,none,1.0,No forgetting,245,938,0.0938
10000,none,1.0,No forgetting,246,1023,0.1023
10000,none,1.0,No forgetting,247,773,0.0773
10000,none,1.0,No forgetting,248,804,0.0804
10000,none,1.0,No forgetting,249,276,0.0276
10000,none,1.0,No forgetting,250,1815,0.1815
10000,none,1.0,No forgetting,251,607,0.0607
10000,none,1.0,No forgetting,252,1134,0.1134
10000,none,1.0,No forgetting,253,1108,0.1108
10000,none,1.0,No forgetting,254,2055,0.2055
10000,none,1.0,No forgetting,255,1388,0.1388
10000,none,1.0,No forgetting,256,593,0.0593
10000,none,1.0,No forgetting,257,1708,0.1708
10000,none,1.0,No forgetting,258,719,0.0719
10000,none,1.0,No forgetting,259,862,0.0862
10000,none,1.0,No forgetting,260,777,0.0777
10000,none,1.0,No forgetting,261,1288,0.1288
10000,none,1.0,No forgetting,262,1608,0.1608
10000,none,1.0,No forgetting,263,1532,0.1532
10000,none,1.0,No forgetting,264,1326,0.1326
10000,none,1.0,No forgetting,265,1738,0.1738
10000,none,1.0,No forgetting,266,1393,0.1393
10000,none,1.0,No forgetting,267,1210,0.121
10000,none,1.0,No forgetting,268,535,0.0535
10000,none,1.0,No forgetting,269,1185,0.1185
10000,none,1.0,No forgetting,270,1682,0.1682
10000,none,1.0,No forgetting,271,633,0.0633
10000,none,1.0,No forgetting,272,1204,0.1204
10000,none,1.0,No forgetting,273,1279,0.1279
10000,none,1.0,No forgetting,274,1330,0.133
10000,none,1.0,No forgetting,275,1426,0.1426
10000,none,1.0,No forgetting,276,1378,0.1378
10000,none,1.0,No forgetting,277,1785,0.1785
10000,none,1.0,No forgetting,278,1394,0.1394
10000,none,1.0,No forgetting,279,898,0.0898
10000,none,1.0,No forgetting,280,1091,0.1091
10000,none,1.0,No forgetting,281,1416,0.1416
10000,none,1.0,No forgetting,282,1753,0.1753
10000,none,1.0,No forgetting,283,1058,0.1058
10000,none,1.0,No forgetting,284,595,0.0595
10000,none,1.0,No forgetting,285,402,0.0402
10000,none,1.0,No forgetting,286,294,0.0294
10000,none,1.0,No forgetting,287,926,0.0926
10000,none,1.0,No forgetting,288,2271,0.2271
10000,none,1.0,No forgetting,289,941,0.0941
10000,none,1.0,No forgetting,290,1889,0.1889
10000,none,1.0,No forgetting,291,488,0.0488
10000,none,1.0,No forgetting,292,1034,0.1034
10000,none,1.0,No forgetting,293,551,0.0551
10000,none,1.0,No forgetting,294,1258,0.1258
10000,none,1.0,No forgetting,295,1863,0.1863
10000,none,1.0,No forgetting,296,1168,0.1168
10000,none,1.0,No forgetting,297,1675,0.1675
10000,none,1.0,No forgetting,298,641,0.0641
10000,none,1.0,No forgetting,299,1207,0.1207
10000,none,1.0,No forgetting,300,990,0.099
10000,none,1.0,No forgetting,301,1145,0.1145
10000,none,1.0,No forgetting,302,2092,0.2092
10000,none,1.0,No forgetting,303,481,0.0481
10000,none,1.0,No forgetting,304,1781,0.1781
10000,none,1.0,No forgetting,305,490,0.049
10000,none,1.0,No forgetting,306,624,0.0624
10000,none,1.0,No forgetting,307,1270,0.127
10000,none,1.0,No forgetting,308,1424,0.1424
10000,none,1.0,No forgetting,309,1159,0.1159
10000,none,1.0,No forgetting,310,2328,0.2328
10000,none,1.0,No forgetting,311,1547,0.1547
10000,none,1.0,No forgetting,312,1574,0.1574
10000,none,1.0,No forgetting,313,1287,0.1287
10000,none,1.0,No forgetting,314,1581,0.1581
10000,none,1.0,No forgetting,315,484,0.0484
10000,none,1.0,No forgetting,316,1702,0.1702
10000,none,1.0,No forgetting,317,215,0.0215
10000,none,1.0,No forgetting,318,924,0.0924
10000,none,1.0,No forgetting,319,2195,0.2195
10000,none,1.0,No forgetting,320,1684,0.1684
10000,none,1.0,No forgetting,321,1143,0.1143
10000,none,1.0,No forgetting,322,1624,0.1624
10000,none,1.0,No forgetting,323,1518,0.1518
10000,none,1.0,No forgetting,324,1885,0.1885
10000,none,1.0,No forgetting,325,1055,0.1055
10000,none,1.0,No forgetting,326,693,0.0693
10000,none,1.0,No forgetting,327,871,0.0871
10000,none,1.0,No forgetting,328,617,0.0617
10000,none,1.0,No forgetting,329,973,0.0973
10000,none,1.0,No forgetting,330,1702,0.1702
10000,none,1.0,No forgetting,331,1784,0.1784
10000,none,1.0,No forgetting,332,2188,0.2188
10000,none,1.0,No forgetting,333,1647,0.1647
10000,none,1.0,No forgetting,334,562,0.0562
10000,none,1.0,No forgetting,335,577,0.0577
10000,none,1.0,No forgetting,336,1823,0.1823
10000,none,1.0,No forgetting,337,2274,0.2274
10000,none,1.0,No forgetting,338,1303,0.1303
10000,none,1.0,No forgetting,339,921,0.0921
10000,none,1.0,No forgetting,340,777,0.0777
10000,none,1.0,No forgetting,341,1316,0.1316
10000,none,1.0,No forgetting,342,1336,0.1336
10000,none,1.0,No forgetting,343,850,0.085
10000,none,1.0,No forgetting,344,735,0.0735
10000,none,1.0,No forgetting,345,1449,0.1449
10000,none,1.0,No forgetting,346,1332,0.1332
10000,none,1.0,No forgetting,347,1565,0.1565
10000,none,1.0,No forgetting,348,1307,0.1307
10000,none,1.0,No forgetting,349,1679,0.1679
10000,none,1.0,No forgetting,350,2250,0.225
10000,none,1.0,No forgetting,351,2043,0.2043
10000,none,1.0,No forgetting,352,683,0.0683
10000,none,1.0,No forgetting,353,636,0.0636
10000,none,1.0,No forgetting,354,1561,0.1561
10000,none,1.0,No forgetting,355,1983,0.1983
10000,none,1.0,No forgetting,356,1237,0.1237
10000,none,1.0,No forgetting,357,1663,0.1663
10000,none,1.0,No forgetting,358,509,0.0509
10000,none,1.0,No forgetting,359,2138,0.2138
10000,none,1.0,No forgetting,360,1360,0.136
10000,none,1.0,No forgetting,361,863,0.0863
10000,none,1.0,No forgetting,362,1515,0.1515
10000,none,1.0,No forgetting,363,1226,0.1226
10000,none,1.0,No forgetting,364,2383,0.2383
10000,none,1.0,No forgetting,365,1499,0.1499
10000,none,1.0,No forgetting,366,1280,0.128
10000,none,1.0,No forgetting,367,777,0.0777
10000,none,1.0,No forgetting,368,1757,0.1757
10000,none,1.0,No forgetting,369,1889,0.1889
10000,none,1.0,No forgetting,370,1621,0.1621
10000,none,1.0,No forgetting,371,1370,0.137
10000,none,1.0,No forgetting,372,1580,0.158
10000,none,1.0,No forgetting,373,1455,0.1455
10000,none,1.0,No forgetting,374,551,0.0551
10000,none,1.0,No forgetting,375,830,0.083
10000,none,1.0,No forgetting,376,1319,0.1319
10000,none,1.0,No forgetting,377,600,0.06
10000,none,1.0,No forgetting,378,1488,0.1488
10000,none,1.0,No forgetting,379,1065,0.1065
10000,none,1.0,No forgetting,380,2153,0.2153
10000,none,1.0,No forgetting,381,889,0.0889
10000,none,1.0,No forgetting,382,1952,0.1952
10000,none,1.0,No forgetting,383,1039,0.1039
10000,none,1.0,No forgetting,384,1168,0.1168
10000,none,1.0,No forgetting,385,946,0.0946
10000,none,1.0,No forgetting,386,1527,0.1527
10000,none,1.0,No forgetting,387,826,0.0826
10000,none,1.0,No forgetting,388,1459,0.1459
10000,none,1.0,No forgetting,389,2062,0.2062
10000,none,1.0,No forgetting,390,1283,0.1283
10000,none,1.0,No forgetting,391,2238,0.2238
10000,none,1.0,No forgetting,392,1452,0.1452
10000,none,1.0,No forgetting,393,670,0.067
10000,none,1.0,No forgetting,394,658,0.0658
10000,none,1.0,No forgetting,395,1415,0.1415
10000,none,1.0,No forgetting,396,897,0.0897
10000,none,1.0,No forgetting,397,1350,0.135
10000,none,1.0,No forgetting,398,1046,0.1046
10000,none,1.0,No forgetting,399,1433,0.1433
10000,none,1.0,No forgetting,400,1080,0.108
10000,none,1.0,No forgetting,401,686,0.0686
10000,none,1.0,No forgetting,402,1544,0.1544
10000,none,1.0,No forgetting,403,765,0.0765
10000,none,1.0,No forgetting,404,1134,0.1134
10000,none,1.0,No forgetting,405,1266,0.1266
10000,none,1.0,No forgetting,406,1377,0.1377
10000,none,1.0,No forgetting,407,2088,0.2088
10000,none,1.0,No forgetting,408,2510,0.251
10000,none,1.0,No forgetting,409,539,0.0539
10000,none,1.0,No forgetting,410,1656,0.1656
10000,none,1.0,No forgetting,411,1668,0.1668
10000,none,1.0,No forgetting,412,1775,0.1775
10000,none,1.0,No forgetting,413,1954,0.1954
10000,none,1.0,No forgetting,414,1617,0.1617
10000,none,1.0,No forgetting,415,883,0.0883
10000,none,1.0,No forgetting,416,1096,0.1096
10000,none,1.0,No forgetting,417,1534,0.1534
10000,none,1.0,No forgetting,418,1215,0.1215
10000,none,1.0,No forgetting,419,756,0.0756
10000,none,1.0,No forgetting,420,1150,0.115
10000,none,1.0,No forgetting,421,1690,0.169
10000,none,1.0,No forgetting,422,2422,0.2422
10000,none,1.0,No forgetting,423,1430,0.143
10000,none,1.0,No forgetting,424,1841,0.1841
10000,none,1.0,No forgetting,425,299,0.0299
10000,none,1.0,No forgetting,426,1608,0.1608
10000,none,1.0,No forgetting,427,650,0.065
10000,none,1.0,No forgetting,428,2491,0.2491
10000,none,1.0,No forgetting,429,1000,0.1
10000,none,1.0,No forgetting,430,457,0.0457
10000,none,1.0,No forgetting,431,337,0.0337
10000,none,1.0,No forgetting,432,958,0.0958
10000,none,1.0,No forgetting,433,873,0.0873
10000,none,1.0,No forgetting,434,1643,0.1643
10000,none,1.0,No forgetting,435,1204,0.1204
10000,none,1.0,No forgetting,436,680,0.068
10000,none,1.0,No forgetting,437,727,0.0727
10000,none,1.0,No forgetting,438,166,0.0166
10000,none,1.0,No forgetting,439,1563,0.1563
10000,none,1.0,No forgetting,440,1670,0.167
10000,none,1.0,No forgetting,441,1294,0.1294
10000,none,1.0,No forgetting,442,882,0.0882
10000,none,1.0,No forgetting,443,1983,0.1983
10000,none,1.0,No forgetting,444,735,0.0735
10000,none,1.0,No forgetting,445,1289,0.1289
10000,none,1.0,No forgetting,446,2220,0.222
10000,none,1.0,No forgetting,447,1433,0.1433
10000,none,1.0,No forgetting,448,1486,0.1486
10000,none,1.0,No forgetting,449,404,0.0404
10000,none,1.0,No forgetting,450,1132,0.1132
10000,none,1.0,No forgetting,451,882,0.0882
10000,none,1.0,No forgetting,452,847,0.0847
10000,none,1.0,No forgetting,453,2183,0.2183
10000,none,1.0,No forgetting,454,520,0.052
10000,none,1.0,No forgetting,455,1282,0.1282
10000,none,1.0,No forgetting,456,1154,0.1154
10000,none,1.0,No forgetting,457,933,0.0933
10000,none,1.0,No forgetting,458,2356,0.2356
10000,none,1.0,No forgetting,459,731,0.0731
10000,none,1.0,No forgetting,460,1550,0.155
10000,none,1.0,No forgetting,461,1129,0.1129
10000,none,1.0,No forgetting,462,739,0.0739
10000,none,1.0,No forgetting,463,1306,0.1306
10000,none,1.0,No forgetting,464,1205,0.1205
10000,none,1.0,No forgetting,465,2042,0.2042
10000,none,1.0,No forgetting,466,1001,0.1001
10000,none,1.0,No forgetting,467,700,0.07
10000,none,1.0,No forgetting,468,446,0.0446
10000,none,1.0,No forgetting,469,1377,0.1377
10000,none,1.0,No forgetting,470,706,0.0706
10000,none,1.0,No forgetting,471,984,0.0984
10000,none,1.0,No forgetting,472,1457,0.1457
10000,none,1.0,No forgetting,473,2019,0.2019
10000,none,1.0,No forgetting,474,851,0.0851
10000,none,1.0,No forgetting,475,778,0.0778
10000,none,1.0,No forgetting,476,1568,0.1568
10000,none,1.0,No forgetting,477,1372,0.1372
10000,none,1.0,No forgetting,478,2909,0.2909
10000,none,1.0,No forgetting,479,1320,0.132
10000,none,1.0,No forgetting,480,911,0.0911
10000,none,1.0,No forgetting,481,1330,0.133
10000,none,1.0,No forgetting,482,1183,0.1183
10000,none,1.0,No forgetting,483,1656,0.1656
10000,none,1.0,No forgetting,484,690,0.069
10000,none,1.0,No forgetting,485,1295,0.1295
10000,none,1.0,No forgetting,486,1275,0.1275
10000,none,1.0,No forgetting,487,1233,0.1233
10000,none,1.0,No forgetting,488,42,0.0042
10000,none,1.0,No forgetting,489,1306,0.1306
10000,none,1.0,No forgetting,490,1377,0.1377
10000,none,1.0,No forgetting,491,1854,0.1854
10000,none,1.0,No forgetting,492,1089,0.1089
10000,none,1.0,No forgetting,493,1390,0.139
10000,none,1.0,No forgetting,494,1457,0.1457
10000,none,1.0,No forgetting,495,743,0.0743
10000,none,1.0,No forgetting,496,501,0.0501
10000,none,1.0,No forgetting,497,948,0.0948
10000,none,1.0,No forgetting,498,1190,0.119
10000,none,1.0,No forgetting,499,1340,0.134
10000,none,1.0,No forgetting,500,1876,0.1876
10000,none,1.0,No forgetting,501,202,0.0202
10000,none,1.0,No forgetting,502,1856,0.1856
10000,none,1.0,No forgetting,503,1603,0.1603
10000,none,1.0,No forgetting,504,1691,0.1691
10000,none,1.0,No forgetting,505,1316,0.1316
10000,none,1.0,No forgetting,506,1249,0.1249
10000,none,1.0,No forgetting,507,1759,0.1759
10000,none,1.0,No forgetting,508,1942,0.1942
10000,none,1.0,No forgetting,509,753,0.0753
10000,none,1.0,No forgetting,510,1092,0.1092
10000,none,1.0,No forgetting,511,1416,0.1416
10000,none,1.0,No forgetting,512,1055,0.1055
10000,none,1.0,No forgetting,513,2387,0.2387
10000,none,1.0,No forgetting,514,2254,0.2254
10000,none,1.0,No forgetting,515,608,0.0608
10000,none,1.0,No forgetting,516,1232,0.1232
10000,none,1.0,No forgetting,517,1308,0.1308
10000,none,1.0,No forgetting,518,657,0.0657
10000,none,1.0,No forgetting,519,2635,0.2635
10000,none,1.0,No forgetting,520,1506,0.1506
10000,none,1.0,No forgetting,521,1619,0.1619
10000,none,1.0,No forgetting,522,584,0.0584
10000,none,1.0,No forgetting,523,1144,0.1144
10000,none,1.0,No forgetting,524,972,0.0972
10000,none,1.0,No forgetting,525,480,0.048
10000,none,1.0,No forgetting,526,954,0.0954
10000,none,1.0,No forgetting,527,1526,0.1526
10000,none,1.0,No forgetting,528,1193,0.1193
10000,none,1.0,No forgetting,529,1290,0.129
10000,none,1.0,No forgetting,530,1266,0.1266
10000,none,1.0,No forgetting,531,768,0.0768
10000,none,1.0,No forgetting,532,1424,0.1424
10000,none,1.0,No forgetting,533,341,0.0341
10000,none,1.0,No forgetting,534,1497,0.1497
10000,none,1.0,No forgetting,535,1511,0.1511
10000,none,1.0,No forgetting,536,905,0.0905
10000,none,1.0,No forgetting,537,1045,0.1045
10000,none,1.0,No forgetting,538,1597,0.1597
10000,none,1.0,No forgetting,539,1026,0.1026
10000,none,1.0,No forgetting,540,1171,0.1171
10000,none,1.0,No forgetting,541,1278,0.1278
10000,none,1.0,No forgetting,542,1217,0.1217
10000,none,1.0,No forgetting,543,1313,0.1313
10000,none,1.0,No forgetting,544,1472,0.1472
10000,none,1.0,No forgetting,545,1185,0.1185
10000,none,1.0,No forgetting,546,1373,0.1373
10000,none,1.0,No forgetting,547,1062,0.1062
10000,none,1.0,No forgetting,548,741,0.0741
10000,none,1.0,No forgetting,549,864,0.0864
10000,none,1.0,No forgetting,550,1261,0.1261
10000,none,1.0,No forgetting,551,1830,0.183
10000,none,1.0,No forgetting,552,1375,0.1375
10000,none,1.0,No forgetting,553,976,0.0976
10000,none,1.0,No forgetting,554,974,0.0974
10000,none,1.0,No forgetting,555,1414,0.1414
10000,none,1.0,No forgetting,556,1573,0.1573
10000,none,1.0,No forgetting,557,1131,0.1131
10000,none,1.0,No forgetting,558,1173,0.1173
10000,none,1.0,No forgetting,559,1437,0.1437
10000,none,1.0,No forgetting,560,1398,0.1398
10000,none,1.0,No forgetting,561,2182,0.2182
10000,none,1.0,No forgetting,562,1581,0.1581
10000,none,1.0,No forgetting,563,1019,0.1019
10000,none,1.0,No forgetting,564,701,0.0701
10000,none,1.0,No forgetting,565,308,0.0308
10000,none,1.0,No forgetting,566,2008,0.2008
10000,none,1.0,No forgetting,567,1985,0.1985
10000,none,1.0,No forgetting,568,1702,0.1702
10000,none,1.0,No forgetting,569,1173,0.1173
10000,none,1.0,No forgetting,570,1527,0.1527
10000,none,1.0,No forgetting,571,688,0.0688
10000,none,1.0,No forgetting,572,1534,0.1534
10000,none,1.0,No forgetting,573,913,0.0913
10000,none,1.0,No forgetting,574,1622,0.1622
10000,none,1.0,No forgetting,575,1210,0.121
10000,none,1.0,No forgetting,576,1794,0.1794
10000,none,1.0,No forgetting,577,2339,0.2339
10000,none,1.0,No forgetting,578,694,0.0694
10000,none,1.0,No forgetting,579,2014,0.2014
10000,none,1.0,No forgetting,580,614,0.0614
10000,none,1.0,No forgetting,581,1203,0.1203
10000,none,1.0,No forgetting,582,631,0.0631
10000,none,1.0,No forgetting,583,1853,0.1853
10000,none,1.0,No forgetting,584,1091,0.1091
10000,none,1.0,No forgetting,585,1962,0.1962
10000,none,1.0,No forgetting,586,1139,0.1139
10000,none,1.0,No forgetting,587,2513,0.2513
10000,none,1.0,No forgetting,588,1012,0.1012
10000,none,1.0,No forgetting,589,905,0.0905
10000,none,1.0,No forgetting,590,1855,0.1855
10000,none,1.0,No forgetting,591,950,0.095
10000,none,1.0,No forgetting,592,788,0.0788
10000,none,1.0,No forgetting,593,2332,0.2332
10000,none,1.0,No forgetting,594,2047,0.2047
10000,none,1.0,No forgetting,595,2187,0.2187
10000,none,1.0,No forgetting,596,841,0.0841
10000,none,1.0,No forgetting,597,1722,0.1722
10000,none,1.0,No forgetting,598,1253,0.1253
10000,none,1.0,No forgetting,599,1206,0.1206
10000,none,1.0,No forgetting,600,1169,0.1169
10000,none,1.0,No forgetting,601,1436,0.1436
10000,none,1.0,No forgetting,602,1202,0.1202
10000,none,1.0,No forgetting,603,951,0.0951
10000,none,1.0,No forgetting,604,972,0.0972
10000,none,1.0,No forgetting,605,1131,0.1131
10000,none,1.0,No forgetting,606,755,0.0755
10000,none,1.0,No forgetting,607,1178,0.1178
10000,none,1.0,No forgetting,608,2035,0.2035
10000,none,1.0,No forgetting,609,895,0.0895
10000,none,1.0,No forgetting,610,399,0.0399
10000,none,1.0,No forgetting,611,359,0.0359
10000,none,1.0,No forgetting,612,792,0.0792
10000,none,1.0,No forgetting,613,674,0.0674
10000,none,1.0,No forgetting,614,1381,0.1381
10000,none,1.0,No forgetting,615,1349,0.1349
10000,none,1.0,No forgetting,616,1506,0.1506
10000,none,1.0,No forgetting,617,1756,0.1756
10000,none,1.0,No forgetting,618,1317,0.1317
10000,none,1.0,No forgetting,619,1271,0.1271
10000,none,1.0,No forgetting,620,513,0.0513
10000,none,1.0,No forgetting,621,1215,0.1215
10000,none,1.0,No forgetting,622,1662,0.1662
10000,none,1.0,No forgetting,623,766,0.0766
10000,none,1.0,No forgetting,624,1786,0.1786
10000,none,1.0,No forgetting,625,1779,0.1779
10000,none,1.0,No forgetting,626,748,0.0748
10000,none,1.0,No forgetting,627,461,0.0461
10000,none,1.0,No forgetting,628,1297,0.1297
10000,none,1.0,No forgetting,629,475,0.0475
10000,none,1.0,No forgetting,630,1123,0.1123
10000,none,1.0,No forgetting,631,949,0.0949
10000,none,1.0,No forgetting,632,1391,0.1391
10000,none,1.0,No forgetting,633,1528,0.1528
10000,none,1.0,No forgetting,634,2649,0.2649
10000,none,1.0,No forgetting,635,574,0.0574
10000,none,1.0,No forgetting,636,414,0.0414
10000,none,1.0,No forgetting,637,1402,0.1402
10000,none,1.0,No forgetting,638,593,0.0593
10000,none,1.0,No forgetting,639,1718,0.1718
10000,none,1.0,No forgetting,640,470,0.047
10000,none,1.0,No forgetting,641,897,0.0897
10000,none,1.0,No forgetting,642,1735,0.1735
10000,none,1.0,No forgetting,643,1232,0.1232
10000,none,1.0,No forgetting,644,1736,0.1736
10000,none,1.0,No forgetting,645,813,0.0813
10000,none,1.0,No forgetting,646,1130,0.113
10000,none,1.0,No forgetting,647,1222,0.1222
10000,none,1.0,No forgetting,648,1700,0.17
10000,none,1.0,No forgetting,649,683,0.0683
10000,none,1.0,No forgetting,650,880,0.088
10000,none,1.0,No forgetting,651,1081,0.1081
10000,none,1.0,No forgetting,652,698,0.0698
10000,none,1.0,No forgetting,653,1666,0.1666
10000,none,1.0,No forgetting,654,1149,0.1149
10000,none,1.0,No forgetting,655,746,0.0746
10000,none,1.0,No forgetting,656,1050,0.105
10000,none,1.0,No forgetting,657,862,0.0862
10000,none,1.0,No forgetting,658,1782,0.1782
10000,none,1.0,No forgetting,659,1397,0.1397
10000,none,1.0,No forgetting,660,1380,0.138
10000,none,1.0,No forgetting,661,1142,0.1142
10000,none,1.0,No forgetting,662,1692,0.1692
10000,none,1.0,No forgetting,663,1186,0.1186
10000,none,1.0,No forgetting,664,2682,0.2682
10000,none,1.0,No forgetting,665,1804,0.1804
10000,none,1.0,No forgetting,666,1093,0.1093
10000,none,1.0,No forgetting,667,1077,0.1077
10000,none,1.0,No forgetting,668,848,0.0848
10000,none,1.0,No forgetting,669,430,0.043
10000,none,1.0,No forgetting,670,501,0.0501
10000,none,1.0,No forgetting,671,1341,0.1341
10000,none,1.0,No forgetting,672,1757,0.1757
10000,none,1.0,No forgetting,673,1398,0.1398
10000,none,1.0,No forgetting,674,1717,0.1717
10000,none,1.0,No forgetting,675,1849,0.1849
10000,none,1.0,No forgetting,676,2070,0.207
10000,none,1.0,No forgetting,677,1332,0.1332
10000,none,1.0,No forgetting,678,1852,0.1852
10000,none,1.0,No forgetting,679,1848,0.1848
10000,none,1.0,No forgetting,680,1458,0.1458
10000,none,1.0,No forgetting,681,1235,0.1235
10000,none,1.0,No forgetting,682,299,0.0299
10000,none,1.0,No forgetting,683,220,0.022
10000,none,1.0,No forgetting,684,1265,0.1265
10000,none,1.0,No forgetting,685,1606,0.1606
10000,none,1.0,No forgetting,686,770,0.077
10000,none,1.0,No forgetting,687,857,0.0857
10000,none,1.0,No forgetting,688,737,0.0737
10000,none,1.0,No forgetting,689,1464,0.1464
10000,none,1.0,No forgetting,690,2391,0.2391
10000,none,1.0,No forgetting,691,2322,0.2322
10000,none,1.0,No forgetting,692,2178,0.2178
10000,none,1.0,No forgetting,693,1014,0.1014
10000,none,1.0,No forgetting,694,1224,0.1224
10000,none,1.0,No forgetting,695,1552,0.1552
10000,none,1.0,No forgetting,696,795,0.0795
10000,none,1.0,No forgetting,697,967,0.0967
10000,none,1.0,No forgetting,698,425,0.0425
10000,none,1.0,No forgetting,699,699,0.0699
10000,none,1.0,No forgetting,700,1296,0.1296
10000,none,1.0,No forgetting,701,1675,0.1675
10000,none,1.0,No forgetting,702,1510,0.151
10000,none,1.0,No forgetting,703,1671,0.1671
10000,none,1.0,No forgetting,704,1352,0.1352
10000,none,1.0,No forgetting,705,2449,0.2449
10000,none,1.0,No forgetting,706,985,0.0985
10000,none,1.0,No forgetting,707,1549,0.1549
10000,none,1.0,No forgetting,708,1253,0.1253
10000,none,1.0,No forgetting,709,659,0.0659
10000,none,1.0,No forgetting,710,455,0.0455
10000,none,1.0,No forgetting,711,1125,0.1125
10000,none,1.0,No forgetting,712,1702,0.1702
10000,none,1.0,No forgetting,713,1661,0.1661
10000,none,1.0,No forgetting,714,1633,0.1633
10000,none,1.0,No forgetting,715,1170,0.117
10000,none,1.0,No forgetting,716,1267,0.1267
10000,none,1.0,No forgetting,717,882,0.0882
10000,none,1.0,No forgetting,718,2662,0.2662
10000,none,1.0,No forgetting,719,852,0.0852
10000,none,1.0,No forgetting,720,1282,0.1282
10000,none,1.0,No forgetting,721,1281,0.1281
10000,none,1.0,No forgetting,722,1515,0.1515
10000,none,1.0,No forgetting,723,973,0.0973
10000,none,1.0,No forgetting,724,1012,0.1012
10000,none,1.0,No forgetting,725,1711,0.1711
10000,none,1.0,No forgetting,726,777,0.0777
10000,none,1.0,No forgetting,727,1718,0.1718
10000,none,1.0,No forgetting,728,1529,0.1529
10000,none,1.0,No forgetting,729,1289,0.1289
10000,none,1.0,No forgetting,730,957,0.0957
10000,none,1.0,No forgetting,731,1508,0.1508
10000,none,1.0,No forgetting,732,1022,0.1022
10000,none,1.0,No forgetting,733,763,0.0763
10000,none,1.0,No forgetting,734,1079,0.1079
10000,none,1.0,No forgetting,735,2199,0.2199
10000,none,1.0,No forgetting,736,278,0.0278
10000,none,1.0,No forgetting,737,816,0.0816
10000,none,1.0,No forgetting,738,482,0.0482
10000,none,1.0,No forgetting,739,1318,0.1318
10000,none,1.0,No forgetting,740,1127,0.1127
10000,none,1.0,No forgetting,741,1312,0.1312
10000,none,1.0,No forgetting,742,910,0.091
10000,none,1.0,No forgetting,743,1984,0.1984
10000,none,1.0,No forgetting,744,1210,0.121
10000,none,1.0,No forgetting,745,1124,0.1124
10000,none,1.0,No forgetting,746,1796,0.1796
10000,none,1.0,No forgetting,747,337,0.0337
10000,none,1.0,No forgetting,748,1085,0.1085
10000,none,1.0,No forgetting,749,2852,0.2852
10000,none,1.0,No forgetting,750,1325,0.1325
10000,none,1.0,No forgetting,751,2182,0.2182
10000,none,1.0,No forgetting,752,641,0.0641
10000,none,1.0,No forgetting,753,1722,0.1722
10000,none,1.0,No forgetting,754,1545,0.1545
10000,none,1.0,No forgetting,755,990,0.099
10000,none,1.0,No forgetting,756,662,0.0662
10000,none,1.0,No forgetting,757,1217,0.1217
10000,none,1.0,No forgetting,758,597,0.0597
10000,none,1.0,No forgetting,759,1765,0.1765
10000,none,1.0,No forgetting,760,658,0.0658
10000,none,1.0,No forgetting,761,1589,0.1589
10000,none,1.0,No forgetting,762,1014,0.1014
10000,none,1.0,No forgetting,763,56,0.0056
10000,none,1.0,No forgetting,764,1223,0.1223
10000,none,1.0,No forgetting,765,1313,0.1313
10000,none,1.0,No forgetting,766,1354,0.1354
10000,none,1.0,No forgetting,767,1496,0.1496
10000,none,1.0,No forgetting,768,481,0.0481
10000,none,1.0,No forgetting,769,1117,0.1117
10000,none,1.0,No forgetting,770,951,0.0951
10000,none,1.0,No forgetting,771,672,0.0672
10000,none,1.0,No forgetting,772,657,0.0657
10000,none,1.0,No forgetting,773,568,0.0568
10000,none,1.0,No forgetting,774,1908,0.1908
10000,none,1.0,No forgetting,775,1230,0.123
10000,none,1.0,No forgetting,776,1192,0.1192
10000,none,1.0,No forgetting,777,1598,0.1598
10000,none,1.0,No forgetting,778,2427,0.2427
10000,none,1.0,No forgetting,779,1600,0.16
10000,none,1.0,No forgetting,780,836,0.0836
10000,none,1.0,No forgetting,781,1330,0.133
10000,none,1.0,No forgetting,782,1310,0.131
10000,none,1.0,No forgetting,783,1408,0.1408
10000,none,1.0,No forgetting,784,268,0.0268
10000,none,1.0,No forgetting,785,481,0.0481
10000,none,1.0,No forgetting,786,754,0.0754
10000,none,1.0,No forgetting,787,1548,0.1548
10000,none,1.0,No forgetting,788,2133,0.2133
10000,none,1.0,No forgetting,789,646,0.0646
10000,none,1.0,No forgetting,790,2520,0.252
10000,none,1.0,No forgetting,791,1778,0.1778
10000,none,1.0,No forgetting,792,1281,0.1281
10000,none,1.0,No forgetting,793,2209,0.2209
10000,none,1.0,No forgetting,794,75,0.0075
10000,none,1.0,No forgetting,795,1595,0.1595
10000,none,1.0,No forgetting,796,1893,0.1893
10000,none,1.0,No forgetting,797,762,0.0762
10000,none,1.0,No forgetting,798,1251,0.1251
10000,none,1.0,No forgetting,799,1232,0.1232
10000,none,1.0,No forgetting,800,380,0.038
10000,none,1.0,No forgetting,801,2164,0.2164
10000,none,1.0,No forgetting,802,991,0.0991
10000,none,1.0,No forgetting,803,1848,0.1848
10000,none,1.0,No forgetting,804,1931,0.1931
10000,none,1.0,No forgetting,805,1095,0.1095
10000,none,1.0,No forgetting,806,683,0.0683
10000,none,1.0,No forgetting,807,1338,0.1338
10000,none,1.0,No forgetting,808,743,0.0743
10000,none,1.0,No forgetting,809,1210,0.121
10000,none,1.0,No forgetting,810,1303,0.1303
10000,none,1.0,No forgetting,811,2435,0.2435
10000,none,1.0,No forgetting,812,2110,0.211
10000,none,1.0,No forgetting,813,1405,0.1405
10000,none,1.0,No forgetting,814,1178,0.1178
10000,none,1.0,No forgetting,815,2387,0.2387
10000,none,1.0,No forgetting,816,1689,0.1689
10000,none,1.0,No forgetting,817,1697,0.1697
10000,none,1.0,No forgetting,818,1065,0.1065
10000,none,1.0,No forgetting,819,946,0.0946
10000,none,1.0,No forgetting,820,698,0.0698
10000,none,1.0,No forgetting,821,1329,0.1329
10000,none,1.0,No forgetting,822,811,0.0811
10000,none,1.0,No forgetting,823,1818,0.1818
10000,none,1.0,No forgetting,824,998,0.0998
10000,none,1.0,No forgetting,825,1703,0.1703
10000,none,1.0,No forgetting,826,1542,0.1542
10000,none,1.0,No forgetting,827,377,0.0377
10000,none,1.0,No forgetting,828,1685,0.1685
10000,none,1.0,No forgetting,829,1398,0.1398
10000,none,1.0,No forgetting,830,587,0.0587
10000,none,1.0,No forgetting,831,1120,0.112
10000,none,1.0,No forgetting,832,732,0.0732
10000,none,1.0,No forgetting,833,1457,0.1457
10000,none,1.0,No forgetting,834,1607,0.1607
10000,none,1.0,No forgetting,835,2028,0.2028
10000,none,1.0,No forgetting,836,1719,0.1719
10000,none,1.0,No forgetting,837,880,0.088
10000,none,1.0,No forgetting,838,1165,0.1165
10000,none,1.0,No forgetting,839,507,0.0507
10000,none,1.0,No forgetting,840,1530,0.153
10000,none,1.0,No forgetting,841,993,0.0993
10000,none,1.0,No forgetting,842,614,0.0614
10000,none,1.0,No forgetting,843,1355,0.1355
10000,none,1.0,No forgetting,844,1553,0.1553
10000,none,1.0,No forgetting,845,1945,0.1945
10000,none,1.0,No forgetting,846,2143,0.2143
10000,none,1.0,No forgetting,847,1279,0.1279
10000,none,1.0,No forgetting,848,733,0.0733
10000,none,1.0,No forgetting,849,1307,0.1307
10000,none,1.0,No forgetting,850,741,0.0741
10000,none,1.0,No forgetting,851,2495,0.2495
10000,none,1.0,No forgetting,852,751,0.0751
10000,none,1.0,No forgetting,853,1559,0.1559
10000,none,1.0,No forgetting,854,2109,0.2109
10000,none,1.0,No forgetting,855,1092,0.1092
10000,none,1.0,No forgetting,856,1237,0.1237
10000,none,1.0,No forgetting,857,1050,0.105
10000,none,1.0,No forgetting,858,924,0.0924
10000,none,1.0,No forgetting,859,1944,0.1944
10000,none,1.0,No forgetting,860,835,0.0835
10000,none,1.0,No forgetting,861,1531,0.1531
10000,none,1.0,No forgetting,862,1453,0.1453
10000,none,1.0,No forgetting,863,1001,0.1001
10000,none,1.0,No forgetting,864,1473,0.1473
10000,none,1.0,No forgetting,865,212,0.0212
10000,none,1.0,No forgetting,866,679,0.0679
10000,none,1.0,No forgetting,867,1317,0.1317
10000,none,1.0,No forgetting,868,504,0.0504
10000,none,1.0,No forgetting,869,3346,0.3346
10000,none,1.0,No forgetting,870,1216,0.1216
10000,none,1.0,No forgetting,871,1776,0.1776
10000,none,1.0,No forgetting,872,1251,0.1251
10000,none,1.0,No forgetting,873,750,0.075
10000,none,1.0,No forgetting,874,1827,0.1827
10000,none,1.0,No forgetting,875,1183,0.1183
10000,none,1.0,No forgetting,876,1010,0.101
10000,none,1.0,No forgetting,877,859,0.0859
10000,none,1.0,No forgetting,878,921,0.0921
10000,none,1.0,No forgetting,879,2058,0.2058
10000,none,1.0,No forgetting,880,962,0.0962
10000,none,1.0,No forgetting,881,1115,0.1115
10000,none,1.0,No forgetting,882,1888,0.1888
10000,none,1.0,No forgetting,883,1224,0.1224
10000,none,1.0,No forgetting,884,1408,0.1408
10000,none,1.0,No forgetting,885,1234,0.1234
10000,none,1.0,No forgetting,886,2159,0.2159
10000,none,1.0,No forgetting,887,1196,0.1196
10000,none,1.0,No forgetting,888,1363,0.1363
10000,none,1.0,No forgetting,889,559,0.0559
10000,none,1.0,No forgetting,890,1220,0.122
10000,none,1.0,No forgetting,891,903,0.0903
10000,none,1.0,No forgetting,892,1290,0.129
10000,none,1.0,No forgetting,893,1314,0.1314
10000,none,1.0,No forgetting,894,565,0.0565
10000,none,1.0,No forgetting,895,505,0.0505
10000,none,1.0,No forgetting,896,2045,0.2045
10000,none,1.0,No forgetting,897,811,0.0811
10000,none,1.0,No forgetting,898,1437,0.1437
10000,none,1.0,No forgetting,899,1625,0.1625
10000,none,1.0,No forgetting,900,2195,0.2195
10000,none,1.0,No forgetting,901,631,0.0631
10000,none,1.0,No forgetting,902,1231,0.1231
10000,none,1.0,No forgetting,903,1181,0.1181
10000,none,1.0,No forgetting,904,890,0.089
10000,none,1.0,No forgetting,905,1080,0.108
10000,none,1.0,No forgetting,906,1035,0.1035
10000,none,1.0,No forgetting,907,1795,0.1795
10000,none,1.0,No forgetting,908,2691,0.2691
10000,none,1.0,No forgetting,909,1656,0.1656
10000,none,1.0,No forgetting,910,1141,0.1141
10000,none,1.0,No forgetting,911,1376,0.1376
10000,none,1.0,No forgetting,912,1787,0.1787
10000,none,1.0,No forgetting,913,2700,0.27
10000,none,1.0,No forgetting,914,2015,0.2015
10000,none,1.0,No forgetting,915,1830,0.183
10000,none,1.0,No forgetting,916,1302,0.1302
10000,none,1.0,No forgetting,917,492,0.0492
10000,none,1.0,No forgetting,918,1885,0.1885
10000,none,1.0,No forgetting,919,1259,0.1259
10000,none,1.0,No forgetting,920,841,0.0841
10000,none,1.0,No forgetting,921,1397,0.1397
10000,none,1.0,No forgetting,922,1782,0.1782
10000,none,1.0,No forgetting,923,2192,0.2192
10000,none,1.0,No forgetting,924,1340,0.134
10000,none,1.0,No forgetting,925,828,0.0828
10000,none,1.0,No forgetting,926,1113,0.1113
10000,none,1.0,No forgetting,927,1002,0.1002
10000,none,1.0,No forgetting,928,225,0.0225
10000,none,1.0,No forgetting,929,1457,0.1457
10000,none,1.0,No forgetting,930,976,0.0976
10000,none,1.0,No forgetting,931,605,0.0605
10000,none,1.0,No forgetting,932,1766,0.1766
10000,none,1.0,No forgetting,933,2609,0.2609
10000,none,1.0,No forgetting,934,1380,0.138
10000,none,1.0,No forgetting,935,1273,0.1273
10000,none,1.0,No forgetting,936,1647,0.1647
10000,none,1.0,No forgetting,937,1478,0.1478
10000,none,1.0,No forgetting,938,800,0.08
10000,none,1.0,No forgetting,939,1554,0.1554
10000,none,1.0,No forgetting,940,1008,0.1008
10000,none,1.0,No forgetting,941,1507,0.1507
10000,none,1.0,No forgetting,942,1896,0.1896
10000,none,1.0,No forgetting,943,1187,0.1187
10000,none,1.0,No forgetting,944,484,0.0484
10000,none,1.0,No forgetting,945,1483,0.1483
10000,none,1.0,No forgetting,946,1122,0.1122
10000,none,1.0,No forgetting,947,2643,0.2643
10000,none,1.0,No forgetting,948,1924,0.1924
10000,none,1.0,No forgetting,949,1762,0.1762
10000,none,1.0,No forgetting,950,1289,0.1289
10000,none,1.0,No forgetting,951,2066,0.2066
10000,none,1.0,No forgetting,952,1702,0.1702
10000,none,1.0,No forgetting,953,2155,0.2155
10000,none,1.0,No forgetting,954,430,0.043
10000,none,1.0,No forgetting,955,890,0.089
10000,none,1.0,No forgetting,956,1193,0.1193
10000,none,1.0,No forgetting,957,1511,0.1511
10000,none,1.0,No forgetting,958,1614,0.1614
10000,none,1.0,No forgetting,959,2200,0.22
10000,none,1.0,No forgetting,960,820,0.082
10000,none,1.0,No forgetting,961,1723,0.1723
10000,none,1.0,No forgetting,962,1478,0.1478
10000,none,1.0,No forgetting,963,896,0.0896
10000,none,1.0,No forgetting,964,1130,0.113
10000,none,1.0,No forgetting,965,407,0.0407
10000,none,1.0,No forgetting,966,1348,0.1348
10000,none,1.0,No forgetting,967,1185,0.1185
10000,none,1.0,No forgetting,968,988,0.0988
10000,none,1.0,No forgetting,969,695,0.0695
10000,none,1.0,No forgetting,970,563,0.0563
10000,none,1.0,No forgetting,971,1018,0.1018
10000,none,1.0,No forgetting,972,1785,0.1785
10000,none,1.0,No forgetting,973,675,0.0675
10000,none,1.0,No forgetting,974,1638,0.1638
10000,none,1.0,No forgetting,975,1915,0.1915
10000,none,1.0,No forgetting,976,1211,0.1211
10000,none,1.0,No forgetting,977,2722,0.2722
10000,none,1.0,No forgetting,978,724,0.0724
10000,none,1.0,No forgetting,979,1388,0.1388
10000,none,1.0,No forgetting,980,1566,0.1566
10000,none,1.0,No forgetting,981,1464,0.1464
10000,none,1.0,No forgetting,982,1307,0.1307
10000,none,1.0,No forgetting,983,831,0.0831
10000,none,1.0,No forgetting,984,1090,0.109
10000,none,1.0,No forgetting,985,2228,0.2228
10000,none,1.0,No forgetting,986,2182,0.2182
10000,none,1.0,No forgetting,987,1659,0.1659
10000,none,1.0,No forgetting,988,1097,0.1097
10000,none,1.0,No forgetting,989,455,0.0455
10000,none,1.0,No forgetting,990,765,0.0765
10000,none,1.0,No forgetting,991,837,0.0837
10000,none,1.0,No forgetting,992,976,0.0976
10000,none,1.0,No forgetting,993,1186,0.1186
10000,none,1.0,No forgetting,994,1416,0.1416
10000,none,1.0,No forgetting,995,873,0.0873
10000,none,1.0,No forgetting,996,1119,0.1119
10000,none,1.0,No forgetting,997,1250,0.125
10000,none,1.0,No forgetting,998,2061,0.2061
10000,none,1.0,No forgetting,999,2000,0.2
30000,adaptive,,Adaptive,0,133,0.004433333333333333
30000,adaptive,,Adaptive,1,166,0.005533333333333334
30000,adaptive,,Adaptive,2,238,0.007933333333333334
30000,adaptive,,Adaptive,3,261,0.0087
30000,adaptive,,Adaptive,4,309,0.0103
30000,adaptive,,Adaptive,5,326,0.010866666666666667
30000,adaptive,,Adaptive,6,240,0.008
30000,adaptive,,Adaptive,7,359,0.011966666666666667
30000,adaptive,,Adaptive,8,143,0.0047666666666666664
30000,adaptive,,Adaptive,9,242,0.008066666666666666
30000,adaptive,,Adaptive,10,282,0.0094
30000,adaptive,,Adaptive,11,162,0.0054
30000,adaptive,,Adaptive,12,177,0.0059
30000,adaptive,,Adaptive,13,188,0.006266666666666667
30000,adaptive,,Adaptive,14,103,0.0034333333333333334
30000,adaptive,,Adaptive,15,164,0.0054666666666666665
30000,adaptive,,Adaptive,16,182,0.006066666666666666
30000,adaptive,,Adaptive,17,141,0.0047
30000,adaptive,,Adaptive,18,285,0.0095
30000,adaptive,,Adaptive,19,270,0.009
30000,adaptive,,Adaptive,20,111,0.0037
30000,adaptive,,Adaptive,21,217,0.007233333333333333
30000,adaptive,,Adaptive,22,275,0.009166666666666667
30000,adaptive,,Adaptive,23,257,0.008566666666666667
30000,adaptive,,Adaptive,24,238,0.007933333333333334
30000,adaptive,,Adaptive,25,32,0.0010666666666666667
30000,adaptive,,Adaptive,26,251,0.008366666666666666
30000,adaptive,,Adaptive,27,98,0.003266666666666667
30000,adaptive,,Adaptive,28,231,0.0077
30000,adaptive,,Adaptive,29,86,0.0028666666666666667
30000,adaptive,,Adaptive,30,301,0.010033333333333333
30000,adaptive,,Adaptive,31,306,0.0102
30000,adaptive,,Adaptive,32,238,0.007933333333333334
30000,adaptive,,Adaptive,33,268,0.008933333333333333
30000,adaptive,,Adaptive,34,132,0.0044
30000,adaptive,,Adaptive,35,135,0.0045
30000,adaptive,,Adaptive,36,456,0.0152
30000,adaptive,,Adaptive,37,341,0.011366666666666667
30000,adaptive,,Adaptive,38,97,0.0032333333333333333
30000,adaptive,,Adaptive,39,362,0.012066666666666667
30000,adaptive,,Adaptive,40,80,0.0026666666666666666
30000,adaptive,,Adaptive,41,36,0.0012
30000,adaptive,,Adaptive,42,286,0.009533333333333333
30000,adaptive,,Adaptive,43,205,0.006833333333333334
30000,adaptive,,Adaptive,44,159,0.0053
30000,adaptive,,Adaptive,45,155,0.005166666666666667
30000,adaptive,,Adaptive,46,276,0.0092
30000,adaptive,,Adaptive,47,225,0.0075
30000,adaptive,,Adaptive,48,334,0.011133333333333334
30000,adaptive,,Adaptive,49,89,0.0029666666666666665
30000,adaptive,,Adaptive,50,262,0.008733333333333333
30000,adaptive,,Adaptive,51,160,0.005333333333333333
30000,adaptive,,Adaptive,52,183,0.0061
30000,adaptive,,Adaptive,53,100,0.0033333333333333335
30000,adaptive,,Adaptive,54,195,0.0065
30000,adaptive,,Adaptive,55,174,0.0058
30000,adaptive,,Adaptive,56,155,0.005166666666666667
30000,adaptive,,Adaptive,57,94,0.0031333333333333335
30000,adaptive,,Adaptive,58,247,0.008233333333333334
30000,adaptive,,Adaptive,59,200,0.006666666666666667
30000,adaptive,,Adaptive,60,92,0.0030666666666666668
30000,adaptive,,Adaptive,61,229,0.007633333333333333
30000,adaptive,,Adaptive,62,184,0.0061333333333333335
30000,adaptive,,Adaptive,63,230,0.007666666666666666
30000,adaptive,,Adaptive,64,209,0.006966666666666667
30000,adaptive,,Adaptive,65,11,0.00036666666666666667
30000,adaptive,,Adaptive,66,213,0.0071
30000,adaptive,,Adaptive,67,131,0.004366666666666666
30000,adaptive,,Adaptive,68,193,0.0064333333333333334
30000,adaptive,,Adaptive,69,198,0.0066
30000,adaptive,,Adaptive,70,93,0.0031
30000,adaptive,,Adaptive,71,379,0.012633333333333333
30000,adaptive,,Adaptive,72,163,0.005433333333333333
30000,adaptive,,Adaptive,73,213,0.0071
30000,adaptive,,Adaptive,74,207,0.0069
30000,adaptive,,Adaptive,75,172,0.005733333333333333
30000,adaptive,,Adaptive,76,161,0.005366666666666666
30000,adaptive,,Adaptive,77,201,0.0067
30000,adaptive,,Adaptive,78,284,0.009466666666666667
30000,adaptive,,Adaptive,79,149,0.004966666666666667
30000,adaptive,,Adaptive,80,216,0.0072
30000,adaptive,,Adaptive,81,139,0.004633333333333333
30000,adaptive,,Adaptive,82,167,0.005566666666666667
30000,adaptive,,Adaptive,83,108,0.0036
30000,adaptive,,Adaptive,84,263,0.008766666666666667
30000,adaptive,,Adaptive,85,231,0.0077
30000,adaptive,,Adaptive,86,87,0.0029
30000,adaptive,,Adaptive,87,260,0.008666666666666666
30000,adaptive,,Adaptive,88,154,0.0051333333333333335
30000,adaptive,,Adaptive,89,118,0.003933333333333333
30000,adaptive,,Adaptive,90,316,0.010533333333333334
30000,adaptive,,Adaptive,91,40,0.0013333333333333333
30000,adaptive,,Adaptive,92,214,0.0071333333333333335
30000,adaptive,,Adaptive,93,119,0.003966666666666667
30000,adaptive,,Adaptive,94,171,0.0057
30000,adaptive,,Adaptive,95,65,0.0021666666666666666
30000,adaptive,,Adaptive,96,162,0.0054
30000,adaptive,,Adaptive,97,89,0.0029666666666666665
30000,adaptive,,Adaptive,98,168,0.0056
30000,adaptive,,Adaptive,99,161,0.005366666666666666
30000,adaptive,,Adaptive,100,302,0.010066666666666666
30000,adaptive,,Adaptive,101,210,0.007
30000,adaptive,,Adaptive,102,98,0.003266666666666667
30000,adaptive,,Adaptive,103,181,0.006033333333333333
30000,adaptive,,Adaptive,104,124,0.0041333333333333335
30000,adaptive,,Adaptive,105,210,0.007
30000,adaptive,,Adaptive,106,176,0.005866666666666667
30000,adaptive,,Adaptive,107,158,0.005266666666666667
30000,adaptive,,Adaptive,108,303,0.0101
30000,adaptive,,Adaptive,109,130,0.004333333333333333
30000,adaptive,,Adaptive,110,155,0.005166666666666667
30000,adaptive,,Adaptive,111,178,0.005933333333333333
30000,adaptive,,Adaptive,112,85,0.0028333333333333335
30000,adaptive,,Adaptive,113,303,0.0101
30000,adaptive,,Adaptive,114,436,0.014533333333333334
30000,adaptive,,Adaptive,115,178,0.005933333333333333
30000,adaptive,,Adaptive,116,240,0.008
30000,adaptive,,Adaptive,117,171,0.0057
30000,adaptive,,Adaptive,118,263,0.008766666666666667
30000,adaptive,,Adaptive,119,118,0.003933333333333333
30000,adaptive,,Adaptive,120,96,0.0032
30000,adaptive,,Adaptive,121,207,0.0069
30000,adaptive,,Adaptive,122,302,0.010066666666666666
30000,adaptive,,Adaptive,123,92,0.0030666666666666668
30000,adaptive,,Adaptive,124,108,0.0036
30000,adaptive,,Adaptive,125,203,0.0067666666666666665
30000,adaptive,,Adaptive,126,143,0.0047666666666666664
30000,adaptive,,Adaptive,127,244,0.008133333333333333
30000,adaptive,,Adaptive,128,242,0.008066666666666666
30000,adaptive,,Adaptive,129,210,0.007
30000,adaptive,,Adaptive,130,341,0.011366666666666667
30000,adaptive,,Adaptive,131,291,0.0097
30000,adaptive,,Adaptive,132,180,0.006
30000,adaptive,,Adaptive,133,169,0.005633333333333333
30000,adaptive,,Adaptive,134,106,0.003533333333333333
30000,adaptive,,Adaptive,135,192,0.0064
30000,adaptive,,Adaptive,136,164,0.0054666666666666665
30000,adaptive,,Adaptive,137,230,0.007666666666666666
30000,adaptive,,Adaptive,138,333,0.0111
30000,adaptive,,Adaptive,139,332,0.011066666666666667
30000,adaptive,,Adaptive,140,125,0.004166666666666667
30000,adaptive,,Adaptive,141,246,0.0082
30000,adaptive,,Adaptive,142,333,0.0111
30000,adaptive,,Adaptive,143,265,0.008833333333333334
30000,adaptive,,Adaptive,144,213,0.0071
30000,adaptive,,Adaptive,145,231,0.0077
30000,adaptive,,Adaptive,146,225,0.0075
30000,adaptive,,Adaptive,147,204,0.0068
30000,adaptive,,Adaptive,148,110,0.0036666666666666666
30000,adaptive,,Adaptive,149,204,0.0068
30000,adaptive,,Adaptive,150,126,0.0042
30000,adaptive,,Adaptive,151,151,0.005033333333333333
30000,adaptive,,Adaptive,152,112,0.0037333333333333333
30000,adaptive,,Adaptive,153,296,0.009866666666666666
30000,adaptive,,Adaptive,154,110,0.0036666666666666666
30000,adaptive,,Adaptive,155,133,0.004433333333333333
30000,adaptive,,Adaptive,156,274,0.009133333333333334
30000,adaptive,,Adaptive,157,223,0.0074333333333333335
30000,adaptive,,Adaptive,158,259,0.008633333333333333
30000,adaptive,,Adaptive,159,123,0.0041
30000,adaptive,,Adaptive,160,271,0.009033333333333334
30000,adaptive,,Adaptive,161,64,0.0021333333333333334
30000,adaptive,,Adaptive,162,173,0.0057666666666666665
30000,adaptive,,Adaptive,163,142,0.004733333333333333
30000,adaptive,,Adaptive,164,330,0.011
30000,adaptive,,Adaptive,165,235,0.007833333333333333
30000,adaptive,,Adaptive,166,207,0.0069
30000,adaptive,,Adaptive,167,219,0.0073
30000,adaptive,,Adaptive,168,224,0.007466666666666667
30000,adaptive,,Adaptive,169,231,0.0077
30000,adaptive,,Adaptive,170,244,0.008133333333333333
30000,adaptive,,Adaptive,171,251,0.008366666666666666
30000,adaptive,,Adaptive,172,258,0.0086
30000,adaptive,,Adaptive,173,222,0.0074
30000,adaptive,,Adaptive,174,252,0.0084
30000,adaptive,,Adaptive,175,405,0.0135
30000,adaptive,,Adaptive,176,253,0.008433333333333333
30000,adaptive,,Adaptive,177,79,0.0026333333333333334
30000,adaptive,,Adaptive,178,209,0.006966666666666667
30000,adaptive,,Adaptive,179,260,0.008666666666666666
30000,adaptive,,Adaptive,180,287,0.009566666666666666
30000,adaptive,,Adaptive,181,243,0.0081
30000,adaptive,,Adaptive,182,168,0.0056
30000,adaptive,,Adaptive,183,45,0.0015
30000,adaptive,,Adaptive,184,134,0.0044666666666666665
30000,adaptive,,Adaptive,185,163,0.005433333333333333
30000,adaptive,,Adaptive,186,31,0.0010333333333333334
30000,adaptive,,Adaptive,187,214,0.0071333333333333335
30000,adaptive,,Adaptive,188,387,0.0129
30000,adaptive,,Adaptive,189,309,0.0103
30000,adaptive,,Adaptive,190,249,0.0083
30000,adaptive,,Adaptive,191,249,0.0083
30000,adaptive,,Adaptive,192,222,0.0074
30000,adaptive,,Adaptive,193,217,0.007233333333333333
30000,adaptive,,Adaptive,194,237,0.0079
30000,adaptive,,Adaptive,195,279,0.0093
30000,adaptive,,Adaptive,196,162,0.0054
30000,adaptive,,Adaptive,197,195,0.0065
30000,adaptive,,Adaptive,198,109,0.0036333333333333335
30000,adaptive,,Adaptive,199,261,0.0087
30000,adaptive,,Adaptive,200,162,0.0054
30000,adaptive,,Adaptive,201,345,0.0115
30000,adaptive,,Adaptive,202,60,0.002
30000,adaptive,,Adaptive,203,274,0.009133333333333334
30000,adaptive,,Adaptive,204,200,0.006666666666666667
30000,adaptive,,Adaptive,205,364,0.012133333333333333
30000,adaptive,,Adaptive,206,40,0.0013333333333333333
30000,adaptive,,Adaptive,207,96,0.0032
30000,adaptive,,Adaptive,208,173,0.0057666666666666665
30000,adaptive,,Adaptive,209,358,0.011933333333333334
30000,adaptive,,Adaptive,210,232,0.007733333333333333
30000,adaptive,,Adaptive,211,298,0.009933333333333334
30000,adaptive,,Adaptive,212,198,0.0066
30000,adaptive,,Adaptive,213,138,0.0046
30000,adaptive,,Adaptive,214,148,0.004933333333333333
30000,adaptive,,Adaptive,215,180,0.006
30000,adaptive,,Adaptive,216,206,0.006866666666666667
30000,adaptive,,Adaptive,217,149,0.004966666666666667
30000,adaptive,,Adaptive,218,227,0.007566666666666667
30000,adaptive,,Adaptive,219,184,0.0061333333333333335
30000,adaptive,,Adaptive,220,304,0.010133333333333333
30000,adaptive,,Adaptive,221,260,0.008666666666666666
30000,adaptive,,Adaptive,222,181,0.006033333333333333
30000,adaptive,,Adaptive,223,293,0.009766666666666667
30000,adaptive,,Adaptive,224,107,0.0035666666666666668
30000,adaptive,,Adaptive,225,284,0.009466666666666667
30000,adaptive,,Adaptive,226,159,0.0053
30000,adaptive,,Adaptive,227,130,0.004333333333333333
30000,adaptive,,Adaptive,228,228,0.0076
30000,adaptive,,Adaptive,229,136,0.004533333333333334
30000,adaptive,,Adaptive,230,181,0.006033333333333333
30000,adaptive,,Adaptive,231,384,0.0128
30000,adaptive,,Adaptive,232,262,0.008733333333333333
30000,adaptive,,Adaptive,233,145,0.004833333333333334
30000,adaptive,,Adaptive,234,232,0.007733333333333333
30000,adaptive,,Adaptive,235,267,0.0089
30000,adaptive,,Adaptive,236,251,0.008366666666666666
30000,adaptive,,Adaptive,237,241,0.008033333333333333
30000,adaptive,,Adaptive,238,279,0.0093
30000,adaptive,,Adaptive,239,158,0.005266666666666667
30000,adaptive,,Adaptive,240,148,0.004933333333333333
30000,adaptive,,Adaptive,241,301,0.010033333333333333
30000,adaptive,,Adaptive,242,35,0.0011666666666666668
30000,adaptive,,Adaptive,243,184,0.0061333333333333335
30000,adaptive,,Adaptive,244,357,0.0119
30000,adaptive,,Adaptive,245,165,0.0055
30000,adaptive,,Adaptive,246,156,0.0052
30000,adaptive,,Adaptive,247,129,0.0043
30000,adaptive,,Adaptive,248,312,0.0104
30000,adaptive,,Adaptive,249,169,0.005633333333333333
30000,adaptive,,Adaptive,250,92,0.0030666666666666668
30000,adaptive,,Adaptive,251,290,0.009666666666666667
30000,adaptive,,Adaptive,252,72,0.0024
30000,adaptive,,Adaptive,253,408,0.0136
30000,adaptive,,Adaptive,254,135,0.0045
30000,adaptive,,Adaptive,255,145,0.004833333333333334
30000,adaptive,,Adaptive,256,221,0.007366666666666666
30000,adaptive,,Adaptive,257,166,0.005533333333333334
30000,adaptive,,Adaptive,258,337,0.011233333333333333
30000,adaptive,,Adaptive,259,215,0.007166666666666667
30000,adaptive,,Adaptive,260,241,0.008033333333333333
30000,adaptive,,Adaptive,261,216,0.0072
30000,adaptive,,Adaptive,262,221,0.007366666666666666
30000,adaptive,,Adaptive,263,252,0.0084
30000,adaptive,,Adaptive,264,95,0.0031666666666666666
30000,adaptive,,Adaptive,265,145,0.004833333333333334
30000,adaptive,,Adaptive,266,264,0.0088
30000,adaptive,,Adaptive,267,253,0.008433333333333333
30000,adaptive,,Adaptive,268,137,0.004566666666666667
30000,adaptive,,Adaptive,269,72,0.0024
30000,adaptive,,Adaptive,270,213,0.0071
30000,adaptive,,Adaptive,271,71,0.0023666666666666667
30000,adaptive,,Adaptive,272,84,0.0028
30000,adaptive,,Adaptive,273,91,0.003033333333333333
30000,adaptive,,Adaptive,274,70,0.0023333333333333335
30000,adaptive,,Adaptive,275,249,0.0083
30000,adaptive,,Adaptive,276,321,0.0107
30000,adaptive,,Adaptive,277,431,0.014366666666666666
30000,adaptive,,Adaptive,278,104,0.0034666666666666665
30000,adaptive,,Adaptive,279,216,0.0072
30000,adaptive,,Adaptive,280,174,0.0058
30000,adaptive,,Adaptive,281,92,0.0030666666666666668
30000,adaptive,,Adaptive,282,303,0.0101
30000,adaptive,,Adaptive,283,224,0.007466666666666667
30000,adaptive,,Adaptive,284,60,0.002
30000,adaptive,,Adaptive,285,231,0.0077
30000,adaptive,,Adaptive,286,209,0.006966666666666667
30000,adaptive,,Adaptive,287,189,0.0063
30000,adaptive,,Adaptive,288,259,0.008633333333333333
30000,adaptive,,Adaptive,289,76,0.002533333333333333
30000,adaptive,,Adaptive,290,190,0.006333333333333333
30000,adaptive,,Adaptive,291,228,0.0076
30000,adaptive,,Adaptive,292,215,0.007166666666666667
30000,adaptive,,Adaptive,293,184,0.0061333333333333335
30000,adaptive,,Adaptive,294,205,0.006833333333333334
30000,adaptive,,Adaptive,295,51,0.0017
30000,adaptive,,Adaptive,296,123,0.0041
30000,adaptive,,Adaptive,297,178,0.005933333333333333
30000,adaptive,,Adaptive,298,206,0.006866666666666667
30000,adaptive,,Adaptive,299,250,0.008333333333333333
30000,adaptive,,Adaptive,300,179,0.005966666666666667
30000,adaptive,,Adaptive,301,203,0.0067666666666666665
30000,adaptive,,Adaptive,302,153,0.0051
30000,adaptive,,Adaptive,303,324,0.0108
30000,adaptive,,Adaptive,304,220,0.007333333333333333
30000,adaptive,,Adaptive,305,200,0.006666666666666667
30000,adaptive,,Adaptive,306,140,0.004666666666666667
30000,adaptive,,Adaptive,307,341,0.011366666666666667
30000,adaptive,,Adaptive,308,205,0.006833333333333334
30000,adaptive,,Adaptive,309,505,0.016833333333333332
30000,adaptive,,Adaptive,310,78,0.0026
30000,adaptive,,Adaptive,311,179,0.005966666666666667
30000,adaptive,,Adaptive,312,133,0.004433333333333333
30000,adaptive,,Adaptive,313,252,0.0084
30000,adaptive,,Adaptive,314,261,0.0087
30000,adaptive,,Adaptive,315,300,0.01
30000,adaptive,,Adaptive,316,226,0.007533333333333334
30000,adaptive,,Adaptive,317,115,0.003833333333333333
30000,adaptive,,Adaptive,318,250,0.008333333333333333
30000,adaptive,,Adaptive,319,249,0.0083
30000,adaptive,,Adaptive,320,354,0.0118
30000,adaptive,,Adaptive,321,219,0.0073
30000,adaptive,,Adaptive,322,148,0.004933333333333333
30000,adaptive,,Adaptive,323,69,0.0023
30000,adaptive,,Adaptive,324,246,0.0082
30000,adaptive,,Adaptive,325,177,0.0059
30000,adaptive,,Adaptive,326,140,0.004666666666666667
30000,adaptive,,Adaptive,327,227,0.007566666666666667
30000,adaptive,,Adaptive,328,194,0.006466666666666667
30000,adaptive,,Adaptive,329,93,0.0031
30000,adaptive,,Adaptive,330,240,0.008
30000,adaptive,,Adaptive,331,332,0.011066666666666667
30000,adaptive,,Adaptive,332,134,0.0044666666666666665
30000,adaptive,,Adaptive,333,276,0.0092
30000,adaptive,,Adaptive,334,146,0.004866666666666667
30000,adaptive,,Adaptive,335,304,0.010133333333333333
30000,adaptive,,Adaptive,336,132,0.0044
30000,adaptive,,Adaptive,337,196,0.006533333333333334
30000,adaptive,,Adaptive,338,105,0.0035
30000,adaptive,,Adaptive,339,228,0.0076
30000,adaptive,,Adaptive,340,55,0.0018333333333333333
30000,adaptive,,Adaptive,341,262,0.008733333333333333
30000,adaptive,,Adaptive,342,141,0.0047
30000,adaptive,,Adaptive,343,266,0.008866666666666667
30000,adaptive,,Adaptive,344,81,0.0027
30000,adaptive,,Adaptive,345,148,0.004933333333333333
30000,adaptive,,Adaptive,346,228,0.0076
30000,adaptive,,Adaptive,347,292,0.009733333333333333
30000,adaptive,,Adaptive,348,298,0.009933333333333334
30000,adaptive,,Adaptive,349,300,0.01
30000,adaptive,,Adaptive,350,180,0.006
30000,adaptive,,Adaptive,351,259,0.008633333333333333
30000,adaptive,,Adaptive,352,315,0.0105
30000,adaptive,,Adaptive,353,177,0.0059
30000,adaptive,,Adaptive,354,119,0.003966666666666667
30000,adaptive,,Adaptive,355,161,0.005366666666666666
30000,adaptive,,Adaptive,356,178,0.005933333333333333
30000,adaptive,,Adaptive,357,161,0.005366666666666666
30000,adaptive,,Adaptive,358,229,0.007633333333333333
30000,adaptive,,Adaptive,359,294,0.0098
30000,adaptive,,Adaptive,360,192,0.0064
30000,adaptive,,Adaptive,361,156,0.0052
30000,adaptive,,Adaptive,362,315,0.0105
30000,adaptive,,Adaptive,363,261,0.0087
30000,adaptive,,Adaptive,364,175,0.005833333333333334
30000,adaptive,,Adaptive,365,193,0.0064333333333333334
30000,adaptive,,Adaptive,366,265,0.008833333333333334
30000,adaptive,,Adaptive,367,145,0.004833333333333334
30000,adaptive,,Adaptive,368,243,0.0081
30000,adaptive,,Adaptive,369,201,0.0067
30000,adaptive,,Adaptive,370,201,0.0067
30000,adaptive,,Adaptive,371,256,0.008533333333333334
30000,adaptive,,Adaptive,372,151,0.005033333333333333
30000,adaptive,,Adaptive,373,280,0.009333333333333334
30000,adaptive,,Adaptive,374,76,0.002533333333333333
30000,adaptive,,Adaptive,375,111,0.0037
30000,adaptive,,Adaptive,376,173,0.0057666666666666665
30000,adaptive,,Adaptive,377,172,0.005733333333333333
30000,adaptive,,Adaptive,378,186,0.0062
30000,adaptive,,Adaptive,379,157,0.005233333333333334
30000,adaptive,,Adaptive,380,67,0.0022333333333333333
30000,adaptive,,Adaptive,381,195,0.0065
30000,adaptive,,Adaptive,382,247,0.008233333333333334
30000,adaptive,,Adaptive,383,98,0.003266666666666667
30000,adaptive,,Adaptive,384,254,0.008466666666666667
30000,adaptive,,Adaptive,385,181,0.006033333333333333
30000,adaptive,,Adaptive,386,66,0.0022
30000,adaptive,,Adaptive,387,168,0.0056
30000,adaptive,,Adaptive,388,107,0.0035666666666666668
30000,adaptive,,Adaptive,389,251,0.008366666666666666
30000,adaptive,,Adaptive,390,220,0.007333333333333333
30000,adaptive,,Adaptive,391,137,0.004566666666666667
30000,adaptive,,Adaptive,392,224,0.007466666666666667
30000,adaptive,,Adaptive,393,84,0.0028
30000,adaptive,,Adaptive,394,80,0.0026666666666666666
30000,adaptive,,Adaptive,395,137,0.004566666666666667
30000,adaptive,,Adaptive,396,443,0.014766666666666668
30000,adaptive,,Adaptive,397,218,0.007266666666666667
30000,adaptive,,Adaptive,398,41,0.0013666666666666666
30000,adaptive,,Adaptive,399,421,0.014033333333333333
30000,adaptive,,Adaptive,400,146,0.004866666666666667
30000,adaptive,,Adaptive,401,179,0.005966666666666667
30000,adaptive,,Adaptive,402,312,0.0104
30000,adaptive,,Adaptive,403,201,0.0067
30000,adaptive,,Adaptive,404,137,0.004566666666666667
30000,adaptive,,Adaptive,405,208,0.006933333333333333
30000,adaptive,,Adaptive,406,206,0.006866666666666667
30000,adaptive,,Adaptive,407,158,0.005266666666666667
30000,adaptive,,Adaptive,408,157,0.005233333333333334
30000,adaptive,,Adaptive,409,314,0.010466666666666668
30000,adaptive,,Adaptive,410,260,0.008666666666666666
30000,adaptive,,Adaptive,411,107,0.0035666666666666668
30000,adaptive,,Adaptive,412,176,0.005866666666666667
30000,adaptive,,Adaptive,413,184,0.0061333333333333335
30000,adaptive,,Adaptive,414,54,0.0018
30000,adaptive,,Adaptive,415,94,0.0031333333333333335
30000,adaptive,,Adaptive,416,76,0.002533333333333333
30000,adaptive,,Adaptive,417,251,0.008366666666666666
30000,adaptive,,Adaptive,418,158,0.005266666666666667
30000,adaptive,,Adaptive,419,71,0.0023666666666666667
30000,adaptive,,Adaptive,420,206,0.006866666666666667
30000,adaptive,,Adaptive,421,136,0.004533333333333334
30000,adaptive,,Adaptive,422,191,0.006366666666666666
30000,adaptive,,Adaptive,423,192,0.0064
30000,adaptive,,Adaptive,424,168,0.0056
30000,adaptive,,Adaptive,425,149,0.004966666666666667
30000,adaptive,,Adaptive,426,188,0.006266666666666667
30000,adaptive,,Adaptive,427,226,0.007533333333333334
30000,adaptive,,Adaptive,428,231,0.0077
30000,adaptive,,Adaptive,429,242,0.008066666666666666
30000,adaptive,,Adaptive,430,266,0.008866666666666667
30000,adaptive,,Adaptive,431,195,0.0065
30000,adaptive,,Adaptive,432,200,0.006666666666666667
30000,adaptive,,Adaptive,433,282,0.0094
30000,adaptive,,Adaptive,434,157,0.005233333333333334
30000,adaptive,,Adaptive,435,79,0.0026333333333333334
30000,adaptive,,Adaptive,436,178,0.005933333333333333
30000,adaptive,,Adaptive,437,92,0.0030666666666666668
30000,adaptive,,Adaptive,438,84,0.0028
30000,adaptive,,Adaptive,439,102,0.0034
30000,adaptive,,Adaptive,440,251,0.008366666666666666
30000,adaptive,,Adaptive,441,342,0.0114
30000,adaptive,,Adaptive,442,224,0.007466666666666667
30000,adaptive,,Adaptive,443,169,0.005633333333333333
30000,adaptive,,Adaptive,444,163,0.005433333333333333
30000,adaptive,,Adaptive,445,214,0.0071333333333333335
30000,adaptive,,Adaptive,446,169,0.005633333333333333
30000,adaptive,,Adaptive,447,56,0.0018666666666666666
30000,adaptive,,Adaptive,448,145,0.004833333333333334
30000,adaptive,,Adaptive,449,98,0.003266666666666667
30000,adaptive,,Adaptive,450,170,0.005666666666666667
30000,adaptive,,Adaptive,451,318,0.0106
30000,adaptive,,Adaptive,452,171,0.0057
30000,adaptive,,Adaptive,453,303,0.0101
30000,adaptive,,Adaptive,454,83,0.002766666666666667
30000,adaptive,,Adaptive,455,94,0.0031333333333333335
30000,adaptive,,Adaptive,456,196,0.006533333333333334
30000,adaptive,,Adaptive,457,189,0.0063
30000,adaptive,,Adaptive,458,108,0.0036
30000,adaptive,,Adaptive,459,248,0.008266666666666667
30000,adaptive,,Adaptive,460,178,0.005933333333333333
30000,adaptive,,Adaptive,461,201,0.0067
30000,adaptive,,Adaptive,462,247,0.008233333333333334
30000,adaptive,,Adaptive,463,217,0.007233333333333333
30000,adaptive,,Adaptive,464,125,0.004166666666666667
30000,adaptive,,Adaptive,465,70,0.0023333333333333335
30000,adaptive,,Adaptive,466,285,0.0095
30000,adaptive,,Adaptive,467,234,0.0078
30000,adaptive,,Adaptive,468,333,0.0111
30000,adaptive,,Adaptive,469,27,0.0009
30000,adaptive,,Adaptive,470,277,0.009233333333333333
30000,adaptive,,Adaptive,471,209,0.006966666666666667
30000,adaptive,,Adaptive,472,250,0.008333333333333333
30000,adaptive,,Adaptive,473,271,0.009033333333333334
30000,adaptive,,Adaptive,474,188,0.006266666666666667
30000,adaptive,,Adaptive,475,176,0.005866666666666667
30000,adaptive,,Adaptive,476,369,0.0123
30000,adaptive,,Adaptive,477,171,0.0057
30000,adaptive,,Adaptive,478,273,0.0091
30000,adaptive,,Adaptive,479,217,0.007233333333333333
30000,adaptive,,Adaptive,480,141,0.0047
30000,adaptive,,Adaptive,481,231,0.0077
30000,adaptive,,Adaptive,482,151,0.005033333333333333
30000,adaptive,,Adaptive,483,0,0.0
30000,adaptive,,Adaptive,484,206,0.006866666666666667
30000,adaptive,,Adaptive,485,226,0.007533333333333334
30000,adaptive,,Adaptive,486,258,0.0086
30000,adaptive,,Adaptive,487,257,0.008566666666666667
30000,adaptive,,Adaptive,488,276,0.0092
30000,adaptive,,Adaptive,489,212,0.007066666666666666
30000,adaptive,,Adaptive,490,70,0.0023333333333333335
30000,adaptive,,Adaptive,491,114,0.0038
30000,adaptive,,Adaptive,492,177,0.0059
30000,adaptive,,Adaptive,493,116,0.0038666666666666667
30000,adaptive,,Adaptive,494,203,0.0067666666666666665
30000,adaptive,,Adaptive,495,45,0.0015
30000,adaptive,,Adaptive,496,223,0.0074333333333333335
30000,adaptive,,Adaptive,497,298,0.009933333333333334
30000,adaptive,,Adaptive,498,231,0.0077
30000,adaptive,,Adaptive,499,353,0.011766666666666667
30000,adaptive,,Adaptive,500,199,0.006633333333333333
30000,adaptive,,Adaptive,501,77,0.0025666666666666667
30000,adaptive,,Adaptive,502,213,0.0071
30000,adaptive,,Adaptive,503,347,0.011566666666666666
30000,adaptive,,Adaptive,504,195,0.0065
30000,adaptive,,Adaptive,505,78,0.0026
30000,adaptive,,Adaptive,506,231,0.0077
30000,adaptive,,Adaptive,507,287,0.009566666666666666
30000,adaptive,,Adaptive,508,197,0.006566666666666667
30000,adaptive,,Adaptive,509,127,0.004233333333333334
30000,adaptive,,Adaptive,510,239,0.007966666666666667
30000,adaptive,,Adaptive,511,211,0.007033333333333333
30000,adaptive,,Adaptive,512,128,0.004266666666666667
30000,adaptive,,Adaptive,513,87,0.0029
30000,adaptive,,Adaptive,514,302,0.010066666666666666
30000,adaptive,,Adaptive,515,231,0.0077
30000,adaptive,,Adaptive,516,276,0.0092
30000,adaptive,,Adaptive,517,199,0.006633333333333333
30000,adaptive,,Adaptive,518,242,0.008066666666666666
30000,adaptive,,Adaptive,519,147,0.0049
30000,adaptive,,Adaptive,520,198,0.0066
30000,adaptive,,Adaptive,521,179,0.005966666666666667
30000,adaptive,,Adaptive,522,174,0.0058
30000,adaptive,,Adaptive,523,147,0.0049
30000,adaptive,,Adaptive,524,178,0.005933333333333333
30000,adaptive,,Adaptive,525,125,0.004166666666666667
30000,adaptive,,Adaptive,526,210,0.007
30000,adaptive,,Adaptive,527,284,0.009466666666666667
30000,adaptive,,Adaptive,528,68,0.002266666666666667
30000,adaptive,,Adaptive,529,175,0.005833333333333334
30000,adaptive,,Adaptive,530,255,0.0085
30000,adaptive,,Adaptive,531,348,0.0116
30000,adaptive,,Adaptive,532,207,0.0069
30000,adaptive,,Adaptive,533,147,0.0049
30000,adaptive,,Adaptive,534,188,0.006266666666666667
30000,adaptive,,Adaptive,535,343,0.011433333333333334
30000,adaptive,,Adaptive,536,83,0.002766666666666667
30000,adaptive,,Adaptive,537,152,0.005066666666666666
30000,adaptive,,Adaptive,538,290,0.009666666666666667
30000,adaptive,,Adaptive,539,0,0.0
30000,adaptive,,Adaptive,540,63,0.0021
30000,adaptive,,Adaptive,541,247,0.008233333333333334
30000,adaptive,,Adaptive,542,484,0.016133333333333333
30000,adaptive,,Adaptive,543,250,0.008333333333333333
30000,adaptive,,Adaptive,544,173,0.0057666666666666665
30000,adaptive,,Adaptive,545,252,0.0084
30000,adaptive,,Adaptive,546,248,0.008266666666666667
30000,adaptive,,Adaptive,547,208,0.006933333333333333
30000,adaptive,,Adaptive,548,333,0.0111
30000,adaptive,,Adaptive,549,45,0.0015
30000,adaptive,,Adaptive,550,254,0.008466666666666667
30000,adaptive,,Adaptive,551,271,0.009033333333333334
30000,adaptive,,Adaptive,552,277,0.009233333333333333
30000,adaptive,,Adaptive,553,67,0.0022333333333333333
30000,adaptive,,Adaptive,554,334,0.011133333333333334
30000,adaptive,,Adaptive,555,175,0.005833333333333334
30000,adaptive,,Adaptive,556,224,0.007466666666666667
30000,adaptive,,Adaptive,557,211,0.007033333333333333
30000,adaptive,,Adaptive,558,347,0.011566666666666666
30000,adaptive,,Adaptive,559,86,0.0028666666666666667
30000,adaptive,,Adaptive,560,340,0.011333333333333334
30000,adaptive,,Adaptive,561,158,0.005266666666666667
30000,adaptive,,Adaptive,562,40,0.0013333333333333333
30000,adaptive,,Adaptive,563,213,0.0071
30000,adaptive,,Adaptive,564,294,0.0098
30000,adaptive,,Adaptive,565,174,0.0058
30000,adaptive,,Adaptive,566,169,0.005633333333333333
30000,adaptive,,Adaptive,567,195,0.0065
30000,adaptive,,Adaptive,568,340,0.011333333333333334
30000,adaptive,,Adaptive,569,242,0.008066666666666666
30000,adaptive,,Adaptive,570,379,0.012633333333333333
30000,adaptive,,Adaptive,571,303,0.0101
30000,adaptive,,Adaptive,572,165,0.0055
30000,adaptive,,Adaptive,573,89,0.0029666666666666665
30000,adaptive,,Adaptive,574,115,0.003833333333333333
30000,adaptive,,Adaptive,575,180,0.006
30000,adaptive,,Adaptive,576,453,0.0151
30000,adaptive,,Adaptive,577,142,0.004733333333333333
30000,adaptive,,Adaptive,578,415,0.013833333333333333
30000,adaptive,,Adaptive,579,205,0.006833333333333334
30000,adaptive,,Adaptive,580,193,0.0064333333333333334
30000,adaptive,,Adaptive,581,181,0.006033333333333333
30000,adaptive,,Adaptive,582,111,0.0037
30000,adaptive,,Adaptive,583,190,0.006333333333333333
30000,adaptive,,Adaptive,584,113,0.003766666666666667
30000,adaptive,,Adaptive,585,91,0.003033333333333333
30000,adaptive,,Adaptive,586,248,0.008266666666666667
30000,adaptive,,Adaptive,587,268,0.008933333333333333
30000,adaptive,,Adaptive,588,314,0.010466666666666668
30000,adaptive,,Adaptive,589,66,0.0022
30000,adaptive,,Adaptive,590,309,0.0103
30000,adaptive,,Adaptive,591,54,0.0018
30000,adaptive,,Adaptive,592,237,0.0079
30000,adaptive,,Adaptive,593,48,0.0016
30000,adaptive,,Adaptive,594,142,0.004733333333333333
30000,adaptive,,Adaptive,595,231,0.0077
30000,adaptive,,Adaptive,596,297,0.0099
30000,adaptive,,Adaptive,597,173,0.0057666666666666665
30000,adaptive,,Adaptive,598,43,0.0014333333333333333
30000,adaptive,,Adaptive,599,100,0.0033333333333333335
30000,adaptive,,Adaptive,600,228,0.0076
30000,adaptive,,Adaptive,601,286,0.009533333333333333
30000,adaptive,,Adaptive,602,74,0.0024666666666666665
30000,adaptive,,Adaptive,603,131,0.004366666666666666
30000,adaptive,,Adaptive,604,214,0.0071333333333333335
30000,adaptive,,Adaptive,605,404,0.013466666666666667
30000,adaptive,,Adaptive,606,219,0.0073
30000,adaptive,,Adaptive,607,309,0.0103
30000,adaptive,,Adaptive,608,139,0.004633333333333333
30000,adaptive,,Adaptive,609,148,0.004933333333333333
30000,adaptive,,Adaptive,610,269,0.008966666666666666
30000,adaptive,,Adaptive,611,170,0.005666666666666667
30000,adaptive,,Adaptive,612,235,0.007833333333333333
30000,adaptive,,Adaptive,613,326,0.010866666666666667
30000,adaptive,,Adaptive,614,150,0.005
30000,adaptive,,Adaptive,615,287,0.009566666666666666
30000,adaptive,,Adaptive,616,176,0.005866666666666667
30000,adaptive,,Adaptive,617,134,0.0044666666666666665
30000,adaptive,,Adaptive,618,272,0.009066666666666667
30000,adaptive,,Adaptive,619,200,0.006666666666666667
30000,adaptive,,Adaptive,620,282,0.0094
30000,adaptive,,Adaptive,621,324,0.0108
30000,adaptive,,Adaptive,622,135,0.0045
30000,adaptive,,Adaptive,623,103,0.0034333333333333334
30000,adaptive,,Adaptive,624,329,0.010966666666666666
30000,adaptive,,Adaptive,625,375,0.0125
30000,adaptive,,Adaptive,626,360,0.012
30000,adaptive,,Adaptive,627,256,0.008533333333333334
30000,adaptive,,Adaptive,628,318,0.0106
30000,adaptive,,Adaptive,629,93,0.0031
30000,adaptive,,Adaptive,630,127,0.004233333333333334
30000,adaptive,,Adaptive,631,312,0.0104
30000,adaptive,,Adaptive,632,170,0.005666666666666667
30000,adaptive,,Adaptive,633,275,0.009166666666666667
30000,adaptive,,Adaptive,634,315,0.0105
30000,adaptive,,Adaptive,635,201,0.0067
30000,adaptive,,Adaptive,636,100,0.0033333333333333335
30000,adaptive,,Adaptive,637,155,0.005166666666666667
30000,adaptive,,Adaptive,638,334,0.011133333333333334
30000,adaptive,,Adaptive,639,177,0.0059
30000,adaptive,,Adaptive,640,107,0.0035666666666666668
30000,adaptive,,Adaptive,641,128,0.004266666666666667
30000,adaptive,,Adaptive,642,300,0.01
30000,adaptive,,Adaptive,643,76,0.002533333333333333
30000,adaptive,,Adaptive,644,105,0.0035
30000,adaptive,,Adaptive,645,265,0.008833333333333334
30000,adaptive,,Adaptive,646,267,0.0089
30000,adaptive,,Adaptive,647,238,0.007933333333333334
30000,adaptive,,Adaptive,648,304,0.010133333333333333
30000,adaptive,,Adaptive,649,166,0.005533333333333334
30000,adaptive,,Adaptive,650,228,0.0076
30000,adaptive,,Adaptive,651,158,0.005266666666666667
30000,adaptive,,Adaptive,652,108,0.0036
30000,adaptive,,Adaptive,653,156,0.0052
30000,adaptive,,Adaptive,654,107,0.0035666666666666668
30000,adaptive,,Adaptive,655,130,0.004333333333333333
30000,adaptive,,Adaptive,656,257,0.008566666666666667
30000,adaptive,,Adaptive,657,202,0.006733333333333333
30000,adaptive,,Adaptive,658,285,0.0095
30000,adaptive,,Adaptive,659,179,0.005966666666666667
30000,adaptive,,Adaptive,660,119,0.003966666666666667
30000,adaptive,,Adaptive,661,202,0.006733333333333333
30000,adaptive,,Adaptive,662,297,0.0099
30000,adaptive,,Adaptive,663,144,0.0048
30000,adaptive,,Adaptive,664,197,0.006566666666666667
30000,adaptive,,Adaptive,665,131,0.004366666666666666
30000,adaptive,,Adaptive,666,174,0.0058
30000,adaptive,,Adaptive,667,136,0.004533333333333334
30000,adaptive,,Adaptive,668,219,0.0073
30000,adaptive,,Adaptive,669,148,0.004933333333333333
30000,adaptive,,Adaptive,670,162,0.0054
30000,adaptive,,Adaptive,671,112,0.0037333333333333333
30000,adaptive,,Adaptive,672,140,0.004666666666666667
30000,adaptive,,Adaptive,673,194,0.006466666666666667
30000,adaptive,,Adaptive,674,231,0.0077
30000,adaptive,,Adaptive,675,274,0.009133333333333334
30000,adaptive,,Adaptive,676,203,0.0067666666666666665
30000,adaptive,,Adaptive,677,228,0.0076
30000,adaptive,,Adaptive,678,97,0.0032333333333333333
30000,adaptive,,Adaptive,679,217,0.007233333333333333
30000,adaptive,,Adaptive,680,23,0.0007666666666666667
30000,adaptive,,Adaptive,681,29,0.0009666666666666667
30000,adaptive,,Adaptive,682,189,0.0063
30000,adaptive,,Adaptive,683,92,0.0030666666666666668
30000,adaptive,,Adaptive,684,154,0.0051333333333333335
30000,adaptive,,Adaptive,685,261,0.0087
30000,adaptive,,Adaptive,686,251,0.008366666666666666
30000,adaptive,,Adaptive,687,129,0.0043
30000,adaptive,,Adaptive,688,96,0.0032
30000,adaptive,,Adaptive,689,311,0.010366666666666666
30000,adaptive,,Adaptive,690,0,0.0
30000,adaptive,,Adaptive,691,165,0.0055
30000,adaptive,,Adaptive,692,288,0.0096
30000,adaptive,,Adaptive,693,181,0.006033333333333333
30000,adaptive,,Adaptive,694,207,0.0069
30000,adaptive,,Adaptive,695,67,0.0022333333333333333
30000,adaptive,,Adaptive,696,286,0.009533333333333333
30000,adaptive,,Adaptive,697,256,0.008533333333333334
30000,adaptive,,Adaptive,698,314,0.010466666666666668
30000,adaptive,,Adaptive,699,276,0.0092
30000,adaptive,,Adaptive,700,220,0.007333333333333333
30000,adaptive,,Adaptive,701,80,0.0026666666666666666
30000,adaptive,,Adaptive,702,203,0.0067666666666666665
30000,adaptive,,Adaptive,703,152,0.005066666666666666
30000,adaptive,,Adaptive,704,186,0.0062
30000,adaptive,,Adaptive,705,272,0.009066666666666667
30000,adaptive,,Adaptive,706,303,0.0101
30000,adaptive,,Adaptive,707,331,0.011033333333333332
30000,adaptive,,Adaptive,708,111,0.0037
30000,adaptive,,Adaptive,709,149,0.004966666666666667
30000,adaptive,,Adaptive,710,108,0.0036
30000,adaptive,,Adaptive,711,296,0.009866666666666666
30000,adaptive,,Adaptive,712,134,0.0044666666666666665
30000,adaptive,,Adaptive,713,113,0.003766666666666667
30000,adaptive,,Adaptive,714,170,0.005666666666666667
30000,adaptive,,Adaptive,715,271,0.009033333333333334
30000,adaptive,,Adaptive,716,252,0.0084
30000,adaptive,,Adaptive,717,318,0.0106
30000,adaptive,,Adaptive,718,284,0.009466666666666667
30000,adaptive,,Adaptive,719,144,0.0048
30000,adaptive,,Adaptive,720,53,0.0017666666666666666
30000,adaptive,,Adaptive,721,173,0.0057666666666666665
30000,adaptive,,Adaptive,722,86,0.0028666666666666667
30000,adaptive,,Adaptive,723,153,0.0051
30000,adaptive,,Adaptive,724,158,0.005266666666666667
30000,adaptive,,Adaptive,725,295,0.009833333333333333
30000,adaptive,,Adaptive,726,213,0.0071
30000,adaptive,,Adaptive,727,146,0.004866666666666667
30000,adaptive,,Adaptive,728,286,0.009533333333333333
30000,adaptive,,Adaptive,729,255,0.0085
30000,adaptive,,Adaptive,730,266,0.008866666666666667
30000,adaptive,,Adaptive,731,157,0.005233333333333334
30000,adaptive,,Adaptive,732,214,0.0071333333333333335
30000,adaptive,,Adaptive,733,162,0.0054
30000,adaptive,,Adaptive,734,89,0.0029666666666666665
30000,adaptive,,Adaptive,735,210,0.007
30000,adaptive,,Adaptive,736,194,0.006466666666666667
30000,adaptive,,Adaptive,737,104,0.0034666666666666665
30000,adaptive,,Adaptive,738,123,0.0041
30000,adaptive,,Adaptive,739,160,0.005333333333333333
30000,adaptive,,Adaptive,740,224,0.007466666666666667
30000,adaptive,,Adaptive,741,173,0.0057666666666666665
30000,adaptive,,Adaptive,742,282,0.0094
30000,adaptive,,Adaptive,743,88,0.0029333333333333334
30000,adaptive,,Adaptive,744,170,0.005666666666666667
30000,adaptive,,Adaptive,745,175,0.005833333333333334
30000,adaptive,,Adaptive,746,247,0.008233333333333334
30000,adaptive,,Adaptive,747,165,0.0055
30000,adaptive,,Adaptive,748,124,0.0041333333333333335
30000,adaptive,,Adaptive,749,116,0.0038666666666666667
30000,adaptive,,Adaptive,750,251,0.008366666666666666
30000,adaptive,,Adaptive,751,206,0.006866666666666667
30000,adaptive,,Adaptive,752,329,0.010966666666666666
30000,adaptive,,Adaptive,753,248,0.008266666666666667
30000,adaptive,,Adaptive,754,145,0.004833333333333334
30000,adaptive,,Adaptive,755,240,0.008
30000,adaptive,,Adaptive,756,41,0.0013666666666666666
30000,adaptive,,Adaptive,757,234,0.0078
30000,adaptive,,Adaptive,758,228,0.0076
30000,adaptive,,Adaptive,759,54,0.0018
30000,adaptive,,Adaptive,760,342,0.0114
30000,adaptive,,Adaptive,761,213,0.0071
30000,adaptive,,Adaptive,762,280,0.009333333333333334
30000,adaptive,,Adaptive,763,363,0.0121
30000,adaptive,,Adaptive,764,321,0.0107
30000,adaptive,,Adaptive,765,148,0.004933333333333333
30000,adaptive,,Adaptive,766,101,0.0033666666666666667
30000,adaptive,,Adaptive,767,142,0.004733333333333333
30000,adaptive,,Adaptive,768,156,0.0052
30000,adaptive,,Adaptive,769,87,0.0029
30000,adaptive,,Adaptive,770,192,0.0064
30000,adaptive,,Adaptive,771,126,0.0042
30000,adaptive,,Adaptive,772,144,0.0048
30000,adaptive,,Adaptive,773,216,0.0072
30000,adaptive,,Adaptive,774,174,0.0058
30000,adaptive,,Adaptive,775,287,0.009566666666666666
30000,adaptive,,Adaptive,776,77,0.0025666666666666667
30000,adaptive,,Adaptive,777,367,0.012233333333333334
30000,adaptive,,Adaptive,778,154,0.0051333333333333335
30000,adaptive,,Adaptive,779,176,0.005866666666666667
30000,adaptive,,Adaptive,780,208,0.006933333333333333
30000,adaptive,,Adaptive,781,261,0.0087
30000,adaptive,,Adaptive,782,147,0.0049
30000,adaptive,,Adaptive,783,165,0.0055
30000,adaptive,,Adaptive,784,171,0.0057
30000,adaptive,,Adaptive,785,117,0.0039
30000,adaptive,,Adaptive,786,275,0.009166666666666667
30000,adaptive,,Adaptive,787,239,0.007966666666666667
30000,adaptive,,Adaptive,788,168,0.0056
30000,adaptive,,Adaptive,789,191,0.006366666666666666
30000,adaptive,,Adaptive,790,275,0.009166666666666667
30000,adaptive,,Adaptive,791,100,0.0033333333333333335
30000,adaptive,,Adaptive,792,80,0.0026666666666666666
30000,adaptive,,Adaptive,793,294,0.0098
30000,adaptive,,Adaptive,794,341,0.011366666666666667
30000,adaptive,,Adaptive,795,136,0.004533333333333334
30000,adaptive,,Adaptive,796,238,0.007933333333333334
30000,adaptive,,Adaptive,797,167,0.005566666666666667
30000,adaptive,,Adaptive,798,190,0.006333333333333333
30000,adaptive,,Adaptive,799,116,0.0038666666666666667
30000,adaptive,,Adaptive,800,213,0.0071
30000,adaptive,,Adaptive,801,110,0.0036666666666666666
30000,adaptive,,Adaptive,802,127,0.004233333333333334
30000,adaptive,,Adaptive,803,256,0.008533333333333334
30000,adaptive,,Adaptive,804,208,0.006933333333333333
30000,adaptive,,Adaptive,805,223,0.0074333333333333335
30000,adaptive,,Adaptive,806,238,0.007933333333333334
30000,adaptive,,Adaptive,807,142,0.004733333333333333
30000,adaptive,,Adaptive,808,102,0.0034
30000,adaptive,,Adaptive,809,166,0.005533333333333334
30000,adaptive,,Adaptive,810,199,0.006633333333333333
30000,adaptive,,Adaptive,811,235,0.007833333333333333
30000,adaptive,,Adaptive,812,201,0.0067
30000,adaptive,,Adaptive,813,168,0.0056
30000,adaptive,,Adaptive,814,244,0.008133333333333333
30000,adaptive,,Adaptive,815,47,0.0015666666666666667
30000,adaptive,,Adaptive,816,255,0.0085
30000,adaptive,,Adaptive,817,159,0.0053
30000,adaptive,,Adaptive,818,151,0.005033333333333333
30000,adaptive,,Adaptive,819,169,0.005633333333333333
30000,adaptive,,Adaptive,820,161,0.005366666666666666
30000,adaptive,,Adaptive,821,231,0.0077
30000,adaptive,,Adaptive,822,292,0.009733333333333333
30000,adaptive,,Adaptive,823,177,0.0059
30000,adaptive,,Adaptive,824,226,0.007533333333333334
30000,adaptive,,Adaptive,825,255,0.0085
30000,adaptive,,Adaptive,826,316,0.010533333333333334
30000,adaptive,,Adaptive,827,278,0.009266666666666666
30000,adaptive,,Adaptive,828,133,0.004433333333333333
30000,adaptive,,Adaptive,829,173,0.0057666666666666665
30000,adaptive,,Adaptive,830,264,0.0088
30000,adaptive,,Adaptive,831,152,0.005066666666666666
30000,adaptive,,Adaptive,832,193,0.0064333333333333334
30000,adaptive,,Adaptive,833,195,0.0065
30000,adaptive,,Adaptive,834,224,0.007466666666666667
30000,adaptive,,Adaptive,835,287,0.009566666666666666
30000,adaptive,,Adaptive,836,177,0.0059
30000,adaptive,,Adaptive,837,152,0.005066666666666666
30000,adaptive,,Adaptive,838,303,0.0101
30000,adaptive,,Adaptive,839,226,0.007533333333333334
30000,adaptive,,Adaptive,840,110,0.0036666666666666666
30000,adaptive,,Adaptive,841,315,0.0105
30000,adaptive,,Adaptive,842,143,0.0047666666666666664
30000,adaptive,,Adaptive,843,190,0.006333333333333333
30000,adaptive,,Adaptive,844,81,0.0027
30000,adaptive,,Adaptive,845,230,0.007666666666666666
30000,adaptive,,Adaptive,846,254,0.008466666666666667
30000,adaptive,,Adaptive,847,256,0.008533333333333334
30000,adaptive,,Adaptive,848,137,0.004566666666666667
30000,adaptive,,Adaptive,849,224,0.007466666666666667
30000,adaptive,,Adaptive,850,268,0.008933333333333333
30000,adaptive,,Adaptive,851,171,0.0057
30000,adaptive,,Adaptive,852,231,0.0077
30000,adaptive,,Adaptive,853,343,0.011433333333333334
30000,adaptive,,Adaptive,854,73,0.0024333333333333334
30000,adaptive,,Adaptive,855,230,0.007666666666666666
30000,adaptive,,Adaptive,856,251,0.008366666666666666
30000,adaptive,,Adaptive,857,196,0.006533333333333334
30000,adaptive,,Adaptive,858,301,0.010033333333333333
30000,adaptive,,Adaptive,859,237,0.0079
30000,adaptive,,Adaptive,860,126,0.0042
30000,adaptive,,Adaptive,861,333,0.0111
30000,adaptive,,Adaptive,862,239,0.007966666666666667
30000,adaptive,,Adaptive,863,273,0.0091
30000,adaptive,,Adaptive,864,80,0.0026666666666666666
30000,adaptive,,Adaptive,865,63,0.0021
30000,adaptive,,Adaptive,866,280,0.009333333333333334
30000,adaptive,,Adaptive,867,203,0.0067666666666666665
30000,adaptive,,Adaptive,868,228,0.0076
30000,adaptive,,Adaptive,869,230,0.007666666666666666
30000,adaptive,,Adaptive,870,290,0.009666666666666667
30000,adaptive,,Adaptive,871,296,0.009866666666666666
30000,adaptive,,Adaptive,872,260,0.008666666666666666
30000,adaptive,,Adaptive,873,383,0.012766666666666667
30000,adaptive,,Adaptive,874,163,0.005433333333333333
30000,adaptive,,Adaptive,875,145,0.004833333333333334
30000,adaptive,,Adaptive,876,233,0.0077666666666666665
30000,adaptive,,Adaptive,877,95,0.0031666666666666666
30000,adaptive,,Adaptive,878,200,0.006666666666666667
30000,adaptive,,Adaptive,879,318,0.0106
30000,adaptive,,Adaptive,880,316,0.010533333333333334
30000,adaptive,,Adaptive,881,327,0.0109
30000,adaptive,,Adaptive,882,302,0.010066666666666666
30000,adaptive,,Adaptive,883,362,0.012066666666666667
30000,adaptive,,Adaptive,884,180,0.006
30000,adaptive,,Adaptive,885,83,0.002766666666666667
30000,adaptive,,Adaptive,886,230,0.007666666666666666
30000,adaptive,,Adaptive,887,204,0.0068
30000,adaptive,,Adaptive,888,92,0.0030666666666666668
30000,adaptive,,Adaptive,889,63,0.0021
30000,adaptive,,Adaptive,890,228,0.0076
30000,adaptive,,Adaptive,891,154,0.0051333333333333335
30000,adaptive,,Adaptive,892,123,0.0041
30000,adaptive,,Adaptive,893,186,0.0062
30000,adaptive,,Adaptive,894,299,0.009966666666666667
30000,adaptive,,Adaptive,895,115,0.003833333333333333
30000,adaptive,,Adaptive,896,94,0.0031333333333333335
30000,adaptive,,Adaptive,897,279,0.0093
30000,adaptive,,Adaptive,898,158,0.005266666666666667
30000,adaptive,,Adaptive,899,105,0.0035
30000,adaptive,,Adaptive,900,160,0.005333333333333333
30000,adaptive,,Adaptive,901,208,0.006933333333333333
30000,adaptive,,Adaptive,902,209,0.006966666666666667
30000,adaptive,,Adaptive,903,244,0.008133333333333333
30000,adaptive,,Adaptive,904,214,0.0071333333333333335
30000,adaptive,,Adaptive,905,234,0.0078
30000,adaptive,,Adaptive,906,242,0.008066666666666666
30000,adaptive,,Adaptive,907,167,0.005566666666666667
30000,adaptive,,Adaptive,908,233,0.0077666666666666665
30000,adaptive,,Adaptive,909,156,0.0052
30000,adaptive,,Adaptive,910,70,0.0023333333333333335
30000,adaptive,,Adaptive,911,261,0.0087
30000,adaptive,,Adaptive,912,236,0.007866666666666666
30000,adaptive,,Adaptive,913,295,0.009833333333333333
30000,adaptive,,Adaptive,914,191,0.006366666666666666
30000,adaptive,,Adaptive,915,107,0.0035666666666666668
30000,adaptive,,Adaptive,916,145,0.004833333333333334
30000,adaptive,,Adaptive,917,295,0.009833333333333333
30000,adaptive,,Adaptive,918,211,0.007033333333333333
30000,adaptive,,Adaptive,919,98,0.003266666666666667
30000,adaptive,,Adaptive,920,259,0.008633333333333333
30000,adaptive,,Adaptive,921,111,0.0037
30000,adaptive,,Adaptive,922,202,0.006733333333333333
30000,adaptive,,Adaptive,923,126,0.0042
30000,adaptive,,Adaptive,924,189,0.0063
30000,adaptive,,Adaptive,925,245,0.008166666666666666
30000,adaptive,,Adaptive,926,156,0.0052
30000,adaptive,,Adaptive,927,213,0.0071
30000,adaptive,,Adaptive,928,119,0.003966666666666667
30000,adaptive,,Adaptive,929,195,0.0065
30000,adaptive,,Adaptive,930,279,0.0093
30000,adaptive,,Adaptive,931,211,0.007033333333333333
30000,adaptive,,Adaptive,932,87,0.0029
30000,adaptive,,Adaptive,933,289,0.009633333333333334
30000,adaptive,,Adaptive,934,169,0.005633333333333333
30000,adaptive,,Adaptive,935,2,6.666666666666667e-05
30000,adaptive,,Adaptive,936,143,0.0047666666666666664
30000,adaptive,,Adaptive,937,226,0.007533333333333334
30000,adaptive,,Adaptive,938,124,0.0041333333333333335
30000,adaptive,,Adaptive,939,255,0.0085
30000,adaptive,,Adaptive,940,194,0.006466666666666667
30000,adaptive,,Adaptive,941,95,0.0031666666666666666
30000,adaptive,,Adaptive,942,69,0.0023
30000,adaptive,,Adaptive,943,181,0.006033333333333333
30000,adaptive,,Adaptive,944,72,0.0024
30000,adaptive,,Adaptive,945,210,0.007
30000,adaptive,,Adaptive,946,300,0.01
30000,adaptive,,Adaptive,947,148,0.004933333333333333
30000,adaptive,,Adaptive,948,209,0.006966666666666667
30000,adaptive,,Adaptive,949,162,0.0054
30000,adaptive,,Adaptive,950,172,0.005733333333333333
30000,adaptive,,Adaptive,951,186,0.0062
30000,adaptive,,Adaptive,952,160,0.005333333333333333
30000,adaptive,,Adaptive,953,229,0.007633333333333333
30000,adaptive,,Adaptive,954,119,0.003966666666666667
30000,adaptive,,Adaptive,955,335,0.011166666666666667
30000,adaptive,,Adaptive,956,144,0.0048
30000,adaptive,,Adaptive,957,206,0.006866666666666667
30000,adaptive,,Adaptive,958,237,0.0079
30000,adaptive,,Adaptive,959,123,0.0041
30000,adaptive,,Adaptive,960,228,0.0076
30000,adaptive,,Adaptive,961,203,0.0067666666666666665
30000,adaptive,,Adaptive,962,182,0.006066666666666666
30000,adaptive,,Adaptive,963,167,0.005566666666666667
30000,adaptive,,Adaptive,964,332,0.011066666666666667
30000,adaptive,,Adaptive,965,137,0.004566666666666667
30000,adaptive,,Adaptive,966,227,0.007566666666666667
30000,adaptive,,Adaptive,967,155,0.005166666666666667
30000,adaptive,,Adaptive,968,75,0.0025
30000,adaptive,,Adaptive,969,125,0.004166666666666667
30000,adaptive,,Adaptive,970,219,0.0073
30000,adaptive,,Adaptive,971,113,0.003766666666666667
30000,adaptive,,Adaptive,972,122,0.004066666666666666
30000,adaptive,,Adaptive,973,321,0.0107
30000,adaptive,,Adaptive,974,167,0.005566666666666667
30000,adaptive,,Adaptive,975,252,0.0084
30000,adaptive,,Adaptive,976,284,0.009466666666666667
30000,adaptive,,Adaptive,977,232,0.007733333333333333
30000,adaptive,,Adaptive,978,271,0.009033333333333334
30000,adaptive,,Adaptive,979,226,0.007533333333333334
30000,adaptive,,Adaptive,980,102,0.0034
30000,adaptive,,Adaptive,981,23,0.0007666666666666667
30000,adaptive,,Adaptive,982,219,0.0073
30000,adaptive,,Adaptive,983,230,0.007666666666666666
30000,adaptive,,Adaptive,984,228,0.0076
30000,adaptive,,Adaptive,985,325,0.010833333333333334
30000,adaptive,,Adaptive,986,163,0.005433333333333333
30000,adaptive,,Adaptive,987,215,0.007166666666666667
30000,adaptive,,Adaptive,988,213,0.0071
30000,adaptive,,Adaptive,989,211,0.007033333333333333
30000,adaptive,,Adaptive,990,256,0.008533333333333334
30000,adaptive,,Adaptive,991,231,0.0077
30000,adaptive,,Adaptive,992,109,0.0036333333333333335
30000,adaptive,,Adaptive,993,256,0.008533333333333334
30000,adaptive,,Adaptive,994,191,0.006366666666666666
30000,adaptive,,Adaptive,995,187,0.006233333333333333
30000,adaptive,,Adaptive,996,168,0.0056
30000,adaptive,,Adaptive,997,140,0.004666666666666667
30000,adaptive,,Adaptive,998,136,0.004533333333333334
30000,adaptive,,Adaptive,999,174,0.0058
30000,fixed,0.95,Fixed λ=0.95,0,1392,0.0464
30000,fixed,0.95,Fixed λ=0.95,1,1170,0.039
30000,fixed,0.95,Fixed λ=0.95,2,1089,0.0363
30000,fixed,0.95,Fixed λ=0.95,3,804,0.0268
30000,fixed,0.95,Fixed λ=0.95,4,1301,0.043366666666666664
30000,fixed,0.95,Fixed λ=0.95,5,960,0.032
30000,fixed,0.95,Fixed λ=0.95,6,309,0.0103
30000,fixed,0.95,Fixed λ=0.95,7,781,0.026033333333333332
30000,fixed,0.95,Fixed λ=0.95,8,393,0.0131
30000,fixed,0.95,Fixed λ=0.95,9,84,0.0028
30000,fixed,0.95,Fixed λ=0.95,10,779,0.025966666666666666
30000,fixed,0.95,Fixed λ=0.95,11,808,0.026933333333333333
30000,fixed,0.95,Fixed λ=0.95,12,537,0.0179
30000,fixed,0.95,Fixed λ=0.95,13,415,0.013833333333333333
30000,fixed,0.95,Fixed λ=0.95,14,644,0.021466666666666665
30000,fixed,0.95,Fixed λ=0.95,15,826,0.027533333333333333
30000,fixed,0.95,Fixed λ=0.95,16,351,0.0117
30000,fixed,0.95,Fixed λ=0.95,17,830,0.027666666666666666
30000,fixed,0.95,Fixed λ=0.95,18,1126,0.037533333333333335
30000,fixed,0.95,Fixed λ=0.95,19,635,0.021166666666666667
30000,fixed,0.95,Fixed λ=0.95,20,1061,0.035366666666666664
30000,fixed,0.95,Fixed λ=0.95,21,1636,0.054533333333333336
30000,fixed,0.95,Fixed λ=0.95,22,207,0.0069
30000,fixed,0.95,Fixed λ=0.95,23,358,0.011933333333333334
30000,fixed,0.95,Fixed λ=0.95,24,719,0.023966666666666667
30000,fixed,0.95,Fixed λ=0.95,25,1371,0.0457
30000,fixed,0.95,Fixed λ=0.95,26,395,0.013166666666666667
30000,fixed,0.95,Fixed λ=0.95,27,941,0.03136666666666667
30000,fixed,0.95,Fixed λ=0.95,28,815,0.027166666666666665
30000,fixed,0.95,Fixed λ=0.95,29,641,0.021366666666666666
30000,fixed,0.95,Fixed λ=0.95,30,493,0.016433333333333335
30000,fixed,0.95,Fixed λ=0.95,31,84,0.0028
30000,fixed,0.95,Fixed λ=0.95,32,360,0.012
30000,fixed,0.95,Fixed λ=0.95,33,466,0.015533333333333333
30000,fixed,0.95,Fixed λ=0.95,34,992,0.03306666666666667
30000,fixed,0.95,Fixed λ=0.95,35,719,0.023966666666666667
30000,fixed,0.95,Fixed λ=0.95,36,685,0.022833333333333334
30000,fixed,0.95,Fixed λ=0.95,37,851,0.028366666666666665
30000,fixed,0.95,Fixed λ=0.95,38,751,0.025033333333333335
30000,fixed,0.95,Fixed λ=0.95,39,156,0.0052
30000,fixed,0.95,Fixed λ=0.95,40,505,0.016833333333333332
30000,fixed,0.95,Fixed λ=0.95,41,578,0.019266666666666668
30000,fixed,0.95,Fixed λ=0.95,42,956,0.03186666666666667
30000,fixed,0.95,Fixed λ=0.95,43,924,0.0308
30000,fixed,0.95,Fixed λ=0.95,44,617,0.020566666666666667
30000,fixed,0.95,Fixed λ=0.95,45,460,0.015333333333333332
30000,fixed,0.95,Fixed λ=0.95,46,693,0.0231
30000,fixed,0.95,Fixed λ=0.95,47,621,0.0207
30000,fixed,0.95,Fixed λ=0.95,48,820,0.027333333333333334
30000,fixed,0.95,Fixed λ=0.95,49,758,0.025266666666666666
30000,fixed,0.95,Fixed λ=0.95,50,1109,0.03696666666666667
30000,fixed,0.95,Fixed λ=0.95,51,636,0.0212
30000,fixed,0.95,Fixed λ=0.95,52,544,0.018133333333333335
30000,fixed,0.95,Fixed λ=0.95,53,379,0.012633333333333333
30000,fixed,0.95,Fixed λ=0.95,54,564,0.0188
30000,fixed,0.95,Fixed λ=0.95,55,1241,0.04136666666666667
30000,fixed,0.95,Fixed λ=0.95,56,87,0.0029
30000,fixed,0.95,Fixed λ=0.95,57,876,0.0292
30000,fixed,0.95,Fixed λ=0.95,58,709,0.023633333333333333
30000,fixed,0.95,Fixed λ=0.95,59,554,0.018466666666666666
30000,fixed,0.95,Fixed λ=0.95,60,1185,0.0395
30000,fixed,0.95,Fixed λ=0.95,61,578,0.019266666666666668
30000,fixed,0.95,Fixed λ=0.95,62,1853,0.061766666666666664
30000,fixed,0.95,Fixed λ=0.95,63,1135,0.03783333333333333
30000,fixed,0.95,Fixed λ=0.95,64,349,0.011633333333333334
30000,fixed,0.95,Fixed λ=0.95,65,1213,0.040433333333333335
30000,fixed,0.95,Fixed λ=0.95,66,862,0.028733333333333333
30000,fixed,0.95,Fixed λ=0.95,67,885,0.0295
30000,fixed,0.95,Fixed λ=0.95,68,930,0.031
30000,fixed,0.95,Fixed λ=0.95,69,769,0.025633333333333334
30000,fixed,0.95,Fixed λ=0.95,70,767,0.025566666666666668
30000,fixed,0.95,Fixed λ=0.95,71,330,0.011
30000,fixed,0.95,Fixed λ=0.95,72,787,0.026233333333333334
30000,fixed,0.95,Fixed λ=0.95,73,806,0.026866666666666667
30000,fixed,0.95,Fixed λ=0.95,74,1275,0.0425
30000,fixed,0.95,Fixed λ=0.95,75,1350,0.045
30000,fixed,0.95,Fixed λ=0.95,76,1865,0.06216666666666667
30000,fixed,0.95,Fixed λ=0.95,77,590,0.019666666666666666
30000,fixed,0.95,Fixed λ=0.95,78,527,0.017566666666666668
30000,fixed,0.95,Fixed λ=0.95,79,703,0.023433333333333334
30000,fixed,0.95,Fixed λ=0.95,80,829,0.027633333333333333
30000,fixed,0.95,Fixed λ=0.95,81,802,0.026733333333333335
30000,fixed,0.95,Fixed λ=0.95,82,663,0.0221
30000,fixed,0.95,Fixed λ=0.95,83,648,0.0216
30000,fixed,0.95,Fixed λ=0.95,84,230,0.007666666666666666
30000,fixed,0.95,Fixed λ=0.95,85,713,0.023766666666666665
30000,fixed,0.95,Fixed λ=0.95,86,929,0.030966666666666667
30000,fixed,0.95,Fixed λ=0.95,87,444,0.0148
30000,fixed,0.95,Fixed λ=0.95,88,1077,0.0359
30000,fixed,0.95,Fixed λ=0.95,89,1034,0.034466666666666666
30000,fixed,0.95,Fixed λ=0.95,90,628,0.020933333333333335
30000,fixed,0.95,Fixed λ=0.95,91,212,0.007066666666666666
30000,fixed,0.95,Fixed λ=0.95,92,1287,0.0429
30000,fixed,0.95,Fixed λ=0.95,93,1170,0.039
30000,fixed,0.95,Fixed λ=0.95,94,661,0.022033333333333332
30000,fixed,0.95,Fixed λ=0.95,95,640,0.021333333333333333
30000,fixed,0.95,Fixed λ=0.95,96,169,0.005633333333333333
30000,fixed,0.95,Fixed λ=0.95,97,387,0.0129
30000,fixed,0.95,Fixed λ=0.95,98,517,0.017233333333333333
30000,fixed,0.95,Fixed λ=0.95,99,849,0.0283
30000,fixed,0.95,Fixed λ=0.95,100,917,0.030566666666666666
30000,fixed,0.95,Fixed λ=0.95,101,799,0.026633333333333332
30000,fixed,0.95,Fixed λ=0.95,102,454,0.015133333333333334
30000,fixed,0.95,Fixed λ=0.95,103,559,0.01863333333333333
30000,fixed,0.95,Fixed λ=0.95,104,756,0.0252
30000,fixed,0.95,Fixed λ=0.95,105,1374,0.0458
30000,fixed,0.95,Fixed λ=0.95,106,819,0.0273
30000,fixed,0.95,Fixed λ=0.95,107,114,0.0038
30000,fixed,0.95,Fixed λ=0.95,108,383,0.012766666666666667
30000,fixed,0.95,Fixed λ=0.95,109,854,0.028466666666666668
30000,fixed,0.95,Fixed λ=0.95,110,910,0.030333333333333334
30000,fixed,0.95,Fixed λ=0.95,111,726,0.0242
30000,fixed,0.95,Fixed λ=0.95,112,1009,0.033633333333333335
30000,fixed,0.95,Fixed λ=0.95,113,625,0.020833333333333332
30000,fixed,0.95,Fixed λ=0.95,114,1254,0.0418
30000,fixed,0.95,Fixed λ=0.95,115,810,0.027
30000,fixed,0.95,Fixed λ=0.95,116,462,0.0154
30000,fixed,0.95,Fixed λ=0.95,117,711,0.0237
30000,fixed,0.95,Fixed λ=0.95,118,1145,0.03816666666666667
30000,fixed,0.95,Fixed λ=0.95,119,820,0.027333333333333334
30000,fixed,0.95,Fixed λ=0.95,120,942,0.0314
30000,fixed,0.95,Fixed λ=0.95,121,1785,0.0595
30000,fixed,0.95,Fixed λ=0.95,122,496,0.016533333333333334
30000,fixed,0.95,Fixed λ=0.95,123,965,0.03216666666666667
30000,fixed,0.95,Fixed λ=0.95,124,544,0.018133333333333335
30000,fixed,0.95,Fixed λ=0.95,125,1194,0.0398
30000,fixed,0.95,Fixed λ=0.95,126,1290,0.043
30000,fixed,0.95,Fixed λ=0.95,127,1193,0.039766666666666665
30000,fixed,0.95,Fixed λ=0.95,128,910,0.030333333333333334
30000,fixed,0.95,Fixed λ=0.95,129,635,0.021166666666666667
30000,fixed,0.95,Fixed λ=0.95,130,1119,0.0373
30000,fixed,0.95,Fixed λ=0.95,131,1272,0.0424
30000,fixed,0.95,Fixed λ=0.95,132,836,0.027866666666666668
30000,fixed,0.95,Fixed λ=0.95,133,589,0.019633333333333332
30000,fixed,0.95,Fixed λ=0.95,134,1368,0.0456
30000,fixed,0.95,Fixed λ=0.95,135,1136,0.037866666666666667
30000,fixed,0.95,Fixed λ=0.95,136,541,0.018033333333333332
30000,fixed,0.95,Fixed λ=0.95,137,146,0.004866666666666667
30000,fixed,0.95,Fixed λ=0.95,138,386,0.012866666666666667
30000,fixed,0.95,Fixed λ=0.95,139,744,0.0248
30000,fixed,0.95,Fixed λ=0.95,140,863,0.028766666666666666
30000,fixed,0.95,Fixed λ=0.95,141,1155,0.0385
30000,fixed,0.95,Fixed λ=0.95,142,1071,0.0357
30000,fixed,0.95,Fixed λ=0.95,143,746,0.024866666666666665
30000,fixed,0.95,Fixed λ=0.95,144,1064,0.03546666666666667
30000,fixed,0.95,Fixed λ=0.95,145,601,0.020033333333333334
30000,fixed,0.95,Fixed λ=0.95,146,529,0.017633333333333334
30000,fixed,0.95,Fixed λ=0.95,147,695,0.023166666666666665
30000,fixed,0.95,Fixed λ=0.95,148,580,0.019333333333333334
30000,fixed,0.95,Fixed λ=0.95,149,310,0.010333333333333333
30000,fixed,0.95,Fixed λ=0.95,150,522,0.0174
30000,fixed,0.95,Fixed λ=0.95,151,731,0.024366666666666665
30000,fixed,0.95,Fixed λ=0.95,152,1143,0.0381
30000,fixed,0.95,Fixed λ=0.95,153,175,0.005833333333333334
30000,fixed,0.95,Fixed λ=0.95,154,428,0.014266666666666667
30000,fixed,0.95,Fixed λ=0.95,155,1135,0.03783333333333333
30000,fixed,0.95,Fixed λ=0.95,156,1448,0.048266666666666666
30000,fixed,0.95,Fixed λ=0.95,157,435,0.0145
30000,fixed,0.95,Fixed λ=0.95,158,871,0.029033333333333335
30000,fixed,0.95,Fixed λ=0.95,159,965,0.03216666666666667
30000,fixed,0.95,Fixed λ=0.95,160,464,0.015466666666666667
30000,fixed,0.95,Fixed λ=0.95,161,522,0.0174
30000,fixed,0.95,Fixed λ=0.95,162,910,0.030333333333333334
30000,fixed,0.95,Fixed λ=0.95,163,383,0.012766666666666667
30000,fixed,0.95,Fixed λ=0.95,164,824,0.027466666666666667
30000,fixed,0.95,Fixed λ=0.95,165,1130,0.03766666666666667
30000,fixed,0.95,Fixed λ=0.95,166,518,0.017266666666666666
30000,fixed,0.95,Fixed λ=0.95,167,356,0.011866666666666666
30000,fixed,0.95,Fixed λ=0.95,168,1384,0.04613333333333333
30000,fixed,0.95,Fixed λ=0.95,169,835,0.027833333333333335
30000,fixed,0.95,Fixed λ=0.95,170,862,0.028733333333333333
30000,fixed,0.95,Fixed λ=0.95,171,997,0.03323333333333333
30000,fixed,0.95,Fixed λ=0.95,172,518,0.017266666666666666
30000,fixed,0.95,Fixed λ=0.95,173,695,0.023166666666666665
30000,fixed,0.95,Fixed λ=0.95,174,473,0.015766666666666665
30000,fixed,0.95,Fixed λ=0.95,175,1476,0.0492
30000,fixed,0.95,Fixed λ=0.95,176,552,0.0184
30000,fixed,0.95,Fixed λ=0.95,177,988,0.032933333333333335
30000,fixed,0.95,Fixed λ=0.95,178,977,0.03256666666666667
30000,fixed,0.95,Fixed λ=0.95,179,743,0.024766666666666666
30000,fixed,0.95,Fixed λ=0.95,180,284,0.009466666666666667
30000,fixed,0.95,Fixed λ=0.95,181,951,0.0317
30000,fixed,0.95,Fixed λ=0.95,182,646,0.021533333333333335
30000,fixed,0.95,Fixed λ=0.95,183,512,0.017066666666666667
30000,fixed,0.95,Fixed λ=0.95,184,443,0.014766666666666668
30000,fixed,0.95,Fixed λ=0.95,185,879,0.0293
30000,fixed,0.95,Fixed λ=0.95,186,1241,0.04136666666666667
30000,fixed,0.95,Fixed λ=0.95,187,709,0.023633333333333333
30000,fixed,0.95,Fixed λ=0.95,188,154,0.0051333333333333335
30000,fixed,0.95,Fixed λ=0.95,189,529,0.017633333333333334
30000,fixed,0.95,Fixed λ=0.95,190,1181,0.03936666666666667
30000,fixed,0.95,Fixed λ=0.95,191,556,0.018533333333333332
30000,fixed,0.95,Fixed λ=0.95,192,566,0.018866666666666667
30000,fixed,0.95,Fixed λ=0.95,193,890,0.029666666666666668
30000,fixed,0.95,Fixed λ=0.95,194,1053,0.0351
30000,fixed,0.95,Fixed λ=0.95,195,1173,0.0391
30000,fixed,0.95,Fixed λ=0.95,196,677,0.022566666666666665
30000,fixed,0.95,Fixed λ=0.95,197,731,0.024366666666666665
30000,fixed,0.95,Fixed λ=0.95,198,623,0.020766666666666666
30000,fixed,0.95,Fixed λ=0.95,199,782,0.026066666666666665
30000,fixed,0.95,Fixed λ=0.95,200,1442,0.04806666666666667
30000,fixed,0.95,Fixed λ=0.95,201,619,0.020633333333333333
30000,fixed,0.95,Fixed λ=0.95,202,1240,0.04133333333333333
30000,fixed,0.95,Fixed λ=0.95,203,188,0.006266666666666667
30000,fixed,0.95,Fixed λ=0.95,204,641,0.021366666666666666
30000,fixed,0.95,Fixed λ=0.95,205,1102,0.03673333333333333
30000,fixed,0.95,Fixed λ=0.95,206,567,0.0189
30000,fixed,0.95,Fixed λ=0.95,207,1202,0.04006666666666667
30000,fixed,0.95,Fixed λ=0.95,208,1145,0.03816666666666667
30000,fixed,0.95,Fixed λ=0.95,209,877,0.029233333333333333
30000,fixed,0.95,Fixed λ=0.95,210,894,0.0298
30000,fixed,0.95,Fixed λ=0.95,211,591,0.0197
30000,fixed,0.95,Fixed λ=0.95,212,316,0.010533333333333334
30000,fixed,0.95,Fixed λ=0.95,213,729,0.0243
30000,fixed,0.95,Fixed λ=0.95,214,443,0.014766666666666668
30000,fixed,0.95,Fixed λ=0.95,215,1031,0.03436666666666666
30000,fixed,0.95,Fixed λ=0.95,216,749,0.024966666666666668
30000,fixed,0.95,Fixed λ=0.95,217,963,0.0321
30000,fixed,0.95,Fixed λ=0.95,218,908,0.030266666666666667
30000,fixed,0.95,Fixed λ=0.95,219,1062,0.0354
30000,fixed,0.95,Fixed λ=0.95,220,139,0.004633333333333333
30000,fixed,0.95,Fixed λ=0.95,221,932,0.031066666666666666
30000,fixed,0.95,Fixed λ=0.95,222,1167,0.0389
30000,fixed,0.95,Fixed λ=0.95,223,626,0.020866666666666665
30000,fixed,0.95,Fixed λ=0.95,224,734,0.024466666666666668
30000,fixed,0.95,Fixed λ=0.95,225,1132,0.037733333333333334
30000,fixed,0.95,Fixed λ=0.95,226,323,0.010766666666666667
30000,fixed,0.95,Fixed λ=0.95,227,308,0.010266666666666667
30000,fixed,0.95,Fixed λ=0.95,228,1084,0.03613333333333334
30000,fixed,0.95,Fixed λ=0.95,229,807,0.0269
30000,fixed,0.95,Fixed λ=0.95,230,227,0.007566666666666667
30000,fixed,0.95,Fixed λ=0.95,231,634,0.021133333333333334
30000,fixed,0.95,Fixed λ=0.95,232,504,0.0168
30000,fixed,0.95,Fixed λ=0.95,233,1006,0.03353333333333333
30000,fixed,0.95,Fixed λ=0.95,234,1604,0.05346666666666667
30000,fixed,0.95,Fixed λ=0.95,235,892,0.029733333333333334
30000,fixed,0.95,Fixed λ=0.95,236,1067,0.03556666666666667
30000,fixed,0.95,Fixed λ=0.95,237,709,0.023633333333333333
30000,fixed,0.95,Fixed λ=0.95,238,890,0.029666666666666668
30000,fixed,0.95,Fixed λ=0.95,239,1331,0.044366666666666665
30000,fixed,0.95,Fixed λ=0.95,240,262,0.008733333333333333
30000,fixed,0.95,Fixed λ=0.95,241,755,0.025166666666666667
30000,fixed,0.95,Fixed λ=0.95,242,544,0.018133333333333335
30000,fixed,0.95,Fixed λ=0.95,243,555,0.0185
30000,fixed,0.95,Fixed λ=0.95,244,168,0.0056
30000,fixed,0.95,Fixed λ=0.95,245,489,0.0163
30000,fixed,0.95,Fixed λ=0.95,246,630,0.021
30000,fixed,0.95,Fixed λ=0.95,247,1241,0.04136666666666667
30000,fixed,0.95,Fixed λ=0.95,248,813,0.0271
30000,fixed,0.95,Fixed λ=0.95,249,695,0.023166666666666665
30000,fixed,0.95,Fixed λ=0.95,250,400,0.013333333333333334
30000,fixed,0.95,Fixed λ=0.95,251,672,0.0224
30000,fixed,0.95,Fixed λ=0.95,252,957,0.0319
30000,fixed,0.95,Fixed λ=0.95,253,776,0.025866666666666666
30000,fixed,0.95,Fixed λ=0.95,254,766,0.025533333333333335
30000,fixed,0.95,Fixed λ=0.95,255,171,0.0057
30000,fixed,0.95,Fixed λ=0.95,256,571,0.019033333333333333
30000,fixed,0.95,Fixed λ=0.95,257,854,0.028466666666666668
30000,fixed,0.95,Fixed λ=0.95,258,1402,0.046733333333333335
30000,fixed,0.95,Fixed λ=0.95,259,886,0.029533333333333335
30000,fixed,0.95,Fixed λ=0.95,260,708,0.0236
30000,fixed,0.95,Fixed λ=0.95,261,533,0.017766666666666667
30000,fixed,0.95,Fixed λ=0.95,262,807,0.0269
30000,fixed,0.95,Fixed λ=0.95,263,552,0.0184
30000,fixed,0.95,Fixed λ=0.95,264,1017,0.0339
30000,fixed,0.95,Fixed λ=0.95,265,209,0.006966666666666667
30000,fixed,0.95,Fixed λ=0.95,266,285,0.0095
30000,fixed,0.95,Fixed λ=0.95,267,644,0.021466666666666665
30000,fixed,0.95,Fixed λ=0.95,268,227,0.007566666666666667
30000,fixed,0.95,Fixed λ=0.95,269,674,0.022466666666666666
30000,fixed,0.95,Fixed λ=0.95,270,902,0.030066666666666665
30000,fixed,0.95,Fixed λ=0.95,271,762,0.0254
30000,fixed,0.95,Fixed λ=0.95,272,710,0.023666666666666666
30000,fixed,0.95,Fixed λ=0.95,273,776,0.025866666666666666
30000,fixed,0.95,Fixed λ=0.95,274,675,0.0225
30000,fixed,0.95,Fixed λ=0.95,275,198,0.0066
30000,fixed,0.95,Fixed λ=0.95,276,672,0.0224
30000,fixed,0.95,Fixed λ=0.95,277,509,0.016966666666666668
30000,fixed,0.95,Fixed λ=0.95,278,1245,0.0415
30000,fixed,0.95,Fixed λ=0.95,279,832,0.027733333333333332
30000,fixed,0.95,Fixed λ=0.95,280,586,0.019533333333333333
30000,fixed,0.95,Fixed λ=0.95,281,842,0.028066666666666667
30000,fixed,0.95,Fixed λ=0.95,282,1129,0.03763333333333333
30000,fixed,0.95,Fixed λ=0.95,283,999,0.0333
30000,fixed,0.95,Fixed λ=0.95,284,335,0.011166666666666667
30000,fixed,0.95,Fixed λ=0.95,285,238,0.007933333333333334
30000,fixed,0.95,Fixed λ=0.95,286,476,0.015866666666666668
30000,fixed,0.95,Fixed λ=0.95,287,867,0.0289
30000,fixed,0.95,Fixed λ=0.95,288,692,0.023066666666666666
30000,fixed,0.95,Fixed λ=0.95,289,900,0.03
30000,fixed,0.95,Fixed λ=0.95,290,438,0.0146
30000,fixed,0.95,Fixed λ=0.95,291,669,0.0223
30000,fixed,0.95,Fixed λ=0.95,292,1432,0.047733333333333336
30000,fixed,0.95,Fixed λ=0.95,293,518,0.017266666666666666
30000,fixed,0.95,Fixed λ=0.95,294,773,0.025766666666666667
30000,fixed,0.95,Fixed λ=0.95,295,924,0.0308
30000,fixed,0.95,Fixed λ=0.95,296,1209,0.0403
30000,fixed,0.95,Fixed λ=0.95,297,1062,0.0354
30000,fixed,0.95,Fixed λ=0.95,298,965,0.03216666666666667
30000,fixed,0.95,Fixed λ=0.95,299,876,0.0292
30000,fixed,0.95,Fixed λ=0.95,300,773,0.025766666666666667
30000,fixed,0.95,Fixed λ=0.95,301,703,0.023433333333333334
30000,fixed,0.95,Fixed λ=0.95,302,329,0.010966666666666666
30000,fixed,0.95,Fixed λ=0.95,303,1299,0.0433
30000,fixed,0.95,Fixed λ=0.95,304,1411,0.04703333333333334
30000,fixed,0.95,Fixed λ=0.95,305,319,0.010633333333333333
30000,fixed,0.95,Fixed λ=0.95,306,351,0.0117
30000,fixed,0.95,Fixed λ=0.95,307,541,0.018033333333333332
30000,fixed,0.95,Fixed λ=0.95,308,690,0.023
30000,fixed,0.95,Fixed λ=0.95,309,436,0.014533333333333334
30000,fixed,0.95,Fixed λ=0.95,310,76,0.002533333333333333
30000,fixed,0.95,Fixed λ=0.95,311,800,0.02666666666666667
30000,fixed,0.95,Fixed λ=0.95,312,876,0.0292
30000,fixed,0.95,Fixed λ=0.95,313,534,0.0178
30000,fixed,0.95,Fixed λ=0.95,314,383,0.012766666666666667
30000,fixed,0.95,Fixed λ=0.95,315,730,0.024333333333333332
30000,fixed,0.95,Fixed λ=0.95,316,625,0.020833333333333332
30000,fixed,0.95,Fixed λ=0.95,317,0,0.0
30000,fixed,0.95,Fixed λ=0.95,318,296,0.009866666666666666
30000,fixed,0.95,Fixed λ=0.95,319,909,0.0303
30000,fixed,0.95,Fixed λ=0.95,320,945,0.0315
30000,fixed,0.95,Fixed λ=0.95,321,663,0.0221
30000,fixed,0.95,Fixed λ=0.95,322,680,0.02266666666666667
30000,fixed,0.95,Fixed λ=0.95,323,482,0.016066666666666667
30000,fixed,0.95,Fixed λ=0.95,324,992,0.03306666666666667
30000,fixed,0.95,Fixed λ=0.95,325,359,0.011966666666666667
30000,fixed,0.95,Fixed λ=0.95,326,1491,0.0497
30000,fixed,0.95,Fixed λ=0.95,327,977,0.03256666666666667
30000,fixed,0.95,Fixed λ=0.95,328,1112,0.037066666666666664
30000,fixed,0.95,Fixed λ=0.95,329,1020,0.034
30000,fixed,0.95,Fixed λ=0.95,330,687,0.0229
30000,fixed,0.95,Fixed λ=0.95,331,898,0.029933333333333333
30000,fixed,0.95,Fixed λ=0.95,332,455,0.015166666666666667
30000,fixed,0.95,Fixed λ=0.95,333,488,0.016266666666666665
30000,fixed,0.95,Fixed λ=0.95,334,963,0.0321
30000,fixed,0.95,Fixed λ=0.95,335,1169,0.03896666666666666
30000,fixed,0.95,Fixed λ=0.95,336,320,0.010666666666666666
30000,fixed,0.95,Fixed λ=0.95,337,934,0.031133333333333332
30000,fixed,0.95,Fixed λ=0.95,338,743,0.024766666666666666
30000,fixed,0.95,Fixed λ=0.95,339,623,0.020766666666666666
30000,fixed,0.95,Fixed λ=0.95,340,686,0.022866666666666667
30000,fixed,0.95,Fixed λ=0.95,341,464,0.015466666666666667
30000,fixed,0.95,Fixed λ=0.95,342,424,0.014133333333333333
30000,fixed,0.95,Fixed λ=0.95,343,817,0.02723333333333333
30000,fixed,0.95,Fixed λ=0.95,344,104,0.0034666666666666665
30000,fixed,0.95,Fixed λ=0.95,345,722,0.024066666666666667
30000,fixed,0.95,Fixed λ=0.95,346,761,0.025366666666666666
30000,fixed,0.95,Fixed λ=0.95,347,338,0.011266666666666666
30000,fixed,0.95,Fixed λ=0.95,348,625,0.020833333333333332
30000,fixed,0.95,Fixed λ=0.95,349,740,0.024666666666666667
30000,fixed,0.95,Fixed λ=0.95,350,514,0.017133333333333334
30000,fixed,0.95,Fixed λ=0.95,351,352,0.011733333333333333
30000,fixed,0.95,Fixed λ=0.95,352,107,0.0035666666666666668
30000,fixed,0.95,Fixed λ=0.95,353,842,0.028066666666666667
30000,fixed,0.95,Fixed λ=0.95,354,812,0.027066666666666666
30000,fixed,0.95,Fixed λ=0.95,355,354,0.0118
30000,fixed,0.95,Fixed λ=0.95,356,162,0.0054
30000,fixed,0.95,Fixed λ=0.95,357,598,0.019933333333333334
30000,fixed,0.95,Fixed λ=0.95,358,518,0.017266666666666666
30000,fixed,0.95,Fixed λ=0.95,359,917,0.030566666666666666
30000,fixed,0.95,Fixed λ=0.95,360,878,0.029266666666666667
30000,fixed,0.95,Fixed λ=0.95,361,253,0.008433333333333333
30000,fixed,0.95,Fixed λ=0.95,362,1824,0.0608
30000,fixed,0.95,Fixed λ=0.95,363,186,0.0062
30000,fixed,0.95,Fixed λ=0.95,364,414,0.0138
30000,fixed,0.95,Fixed λ=0.95,365,966,0.0322
30000,fixed,0.95,Fixed λ=0.95,366,465,0.0155
30000,fixed,0.95,Fixed λ=0.95,367,771,0.0257
30000,fixed,0.95,Fixed λ=0.95,368,1292,0.04306666666666667
30000,fixed,0.95,Fixed λ=0.95,369,452,0.015066666666666667
30000,fixed,0.95,Fixed λ=0.95,370,641,0.021366666666666666
30000,fixed,0.95,Fixed λ=0.95,371,1043,0.03476666666666667
30000,fixed,0.95,Fixed λ=0.95,372,851,0.028366666666666665
30000,fixed,0.95,Fixed λ=0.95,373,350,0.011666666666666667
30000,fixed,0.95,Fixed λ=0.95,374,774,0.0258
30000,fixed,0.95,Fixed λ=0.95,375,451,0.015033333333333333
30000,fixed,0.95,Fixed λ=0.95,376,930,0.031
30000,fixed,0.95,Fixed λ=0.95,377,963,0.0321
30000,fixed,0.95,Fixed λ=0.95,378,909,0.0303
30000,fixed,0.95,Fixed λ=0.95,379,544,0.018133333333333335
30000,fixed,0.95,Fixed λ=0.95,380,883,0.029433333333333332
30000,fixed,0.95,Fixed λ=0.95,381,958,0.031933333333333334
30000,fixed,0.95,Fixed λ=0.95,382,1516,0.05053333333333333
30000,fixed,0.95,Fixed λ=0.95,383,813,0.0271
30000,fixed,0.95,Fixed λ=0.95,384,121,0.004033333333333333
30000,fixed,0.95,Fixed λ=0.95,385,985,0.03283333333333333
30000,fixed,0.95,Fixed λ=0.95,386,610,0.02033333333333333
30000,fixed,0.95,Fixed λ=0.95,387,693,0.0231
30000,fixed,0.95,Fixed λ=0.95,388,777,0.0259
30000,fixed,0.95,Fixed λ=0.95,389,552,0.0184
30000,fixed,0.95,Fixed λ=0.95,390,801,0.0267
30000,fixed,0.95,Fixed λ=0.95,391,789,0.0263
30000,fixed,0.95,Fixed λ=0.95,392,1107,0.0369
30000,fixed,0.95,Fixed λ=0.95,393,753,0.0251
30000,fixed,0.95,Fixed λ=0.95,394,606,0.0202
30000,fixed,0.95,Fixed λ=0.95,395,308,0.010266666666666667
30000,fixed,0.95,Fixed λ=0.95,396,1457,0.04856666666666667
30000,fixed,0.95,Fixed λ=0.95,397,558,0.0186
30000,fixed,0.95,Fixed λ=0.95,398,624,0.0208
30000,fixed,0.95,Fixed λ=0.95,399,1032,0.0344
30000,fixed,0.95,Fixed λ=0.95,400,241,0.008033333333333333
30000,fixed,0.95,Fixed λ=0.95,401,829,0.027633333333333333
30000,fixed,0.95,Fixed λ=0.95,402,1244,0.041466666666666666
30000,fixed,0.95,Fixed λ=0.95,403,598,0.019933333333333334
30000,fixed,0.95,Fixed λ=0.95,404,906,0.0302
30000,fixed,0.95,Fixed λ=0.95,405,446,0.014866666666666667
30000,fixed,0.95,Fixed λ=0.95,406,592,0.019733333333333332
30000,fixed,0.95,Fixed λ=0.95,407,822,0.0274
30000,fixed,0.95,Fixed λ=0.95,408,821,0.027366666666666668
30000,fixed,0.95,Fixed λ=0.95,409,597,0.0199
30000,fixed,0.95,Fixed λ=0.95,410,613,0.020433333333333335
30000,fixed,0.95,Fixed λ=0.95,411,693,0.0231
30000,fixed,0.95,Fixed λ=0.95,412,842,0.028066666666666667
30000,fixed,0.95,Fixed λ=0.95,413,568,0.018933333333333333
30000,fixed,0.95,Fixed λ=0.95,414,1148,0.038266666666666664
30000,fixed,0.95,Fixed λ=0.95,415,904,0.030133333333333335
30000,fixed,0.95,Fixed λ=0.95,416,599,0.019966666666666667
30000,fixed,0.95,Fixed λ=0.95,417,785,0.026166666666666668
30000,fixed,0.95,Fixed λ=0.95,418,662,0.022066666666666665
30000,fixed,0.95,Fixed λ=0.95,419,400,0.013333333333333334
30000,fixed,0.95,Fixed λ=0.95,420,430,0.014333333333333333
30000,fixed,0.95,Fixed λ=0.95,421,906,0.0302
30000,fixed,0.95,Fixed λ=0.95,422,611,0.02036666666666667
30000,fixed,0.95,Fixed λ=0.95,423,979,0.032633333333333334
30000,fixed,0.95,Fixed λ=0.95,424,0,0.0
30000,fixed,0.95,Fixed λ=0.95,425,1059,0.0353
30000,fixed,0.95,Fixed λ=0.95,426,1160,0.03866666666666667
30000,fixed,0.95,Fixed λ=0.95,427,493,0.016433333333333335
30000,fixed,0.95,Fixed λ=0.95,428,444,0.0148
30000,fixed,0.95,Fixed λ=0.95,429,898,0.029933333333333333
30000,fixed,0.95,Fixed λ=0.95,430,543,0.0181
30000,fixed,0.95,Fixed λ=0.95,431,752,0.025066666666666668
30000,fixed,0.95,Fixed λ=0.95,432,1736,0.057866666666666663
30000,fixed,0.95,Fixed λ=0.95,433,738,0.0246
30000,fixed,0.95,Fixed λ=0.95,434,937,0.03123333333333333
30000,fixed,0.95,Fixed λ=0.95,435,917,0.030566666666666666
30000,fixed,0.95,Fixed λ=0.95,436,428,0.014266666666666667
30000,fixed,0.95,Fixed λ=0.95,437,707,0.023566666666666666
30000,fixed,0.95,Fixed λ=0.95,438,104,0.0034666666666666665
30000,fixed,0.95,Fixed λ=0.95,439,1254,0.0418
30000,fixed,0.95,Fixed λ=0.95,440,779,0.025966666666666666
30000,fixed,0.95,Fixed λ=0.95,441,386,0.012866666666666667
30000,fixed,0.95,Fixed λ=0.95,442,484,0.016133333333333333
30000,fixed,0.95,Fixed λ=0.95,443,539,0.017966666666666666
30000,fixed,0.95,Fixed λ=0.95,444,500,0.016666666666666666
30000,fixed,0.95,Fixed λ=0.95,445,1032,0.0344
30000,fixed,0.95,Fixed λ=0.95,446,992,0.03306666666666667
30000,fixed,0.95,Fixed λ=0.95,447,914,0.030466666666666666
30000,fixed,0.95,Fixed λ=0.95,448,649,0.021633333333333334
30000,fixed,0.95,Fixed λ=0.95,449,305,0.010166666666666666
30000,fixed,0.95,Fixed λ=0.95,450,413,0.013766666666666667
30000,fixed,0.95,Fixed λ=0.95,451,1052,0.03506666666666667
30000,fixed,0.95,Fixed λ=0.95,452,1298,0.04326666666666667
30000,fixed,0.95,Fixed λ=0.95,453,501,0.0167
30000,fixed,0.95,Fixed λ=0.95,454,819,0.0273
30000,fixed,0.95,Fixed λ=0.95,455,908,0.030266666666666667
30000,fixed,0.95,Fixed λ=0.95,456,390,0.013
30000,fixed,0.95,Fixed λ=0.95,457,457,0.015233333333333333
30000,fixed,0.95,Fixed λ=0.95,458,1142,0.038066666666666665
30000,fixed,0.95,Fixed λ=0.95,459,951,0.0317
30000,fixed,0.95,Fixed λ=0.95,460,1264,0.042133333333333335
30000,fixed,0.95,Fixed λ=0.95,461,862,0.028733333333333333
30000,fixed,0.95,Fixed λ=0.95,462,1334,0.04446666666666667
30000,fixed,0.95,Fixed λ=0.95,463,1132,0.037733333333333334
30000,fixed,0.95,Fixed λ=0.95,464,442,0.014733333333333333
30000,fixed,0.95,Fixed λ=0.95,465,1399,0.04663333333333333
30000,fixed,0.95,Fixed λ=0.95,466,1180,0.03933333333333333
30000,fixed,0.95,Fixed λ=0.95,467,615,0.0205
30000,fixed,0.95,Fixed λ=0.95,468,910,0.030333333333333334
30000,fixed,0.95,Fixed λ=0.95,469,479,0.015966666666666667
30000,fixed,0.95,Fixed λ=0.95,470,712,0.023733333333333332
30000,fixed,0.95,Fixed λ=0.95,471,432,0.0144
30000,fixed,0.95,Fixed λ=0.95,472,1089,0.0363
30000,fixed,0.95,Fixed λ=0.95,473,1791,0.0597
30000,fixed,0.95,Fixed λ=0.95,474,436,0.014533333333333334
30000,fixed,0.95,Fixed λ=0.95,475,1021,0.03403333333333333
30000,fixed,0.95,Fixed λ=0.95,476,950,0.03166666666666667
30000,fixed,0.95,Fixed λ=0.95,477,632,0.021066666666666668
30000,fixed,0.95,Fixed λ=0.95,478,1248,0.0416
30000,fixed,0.95,Fixed λ=0.95,479,1102,0.03673333333333333
30000,fixed,0.95,Fixed λ=0.95,480,976,0.03253333333333333
30000,fixed,0.95,Fixed λ=0.95,481,371,0.012366666666666666
30000,fixed,0.95,Fixed λ=0.95,482,746,0.024866666666666665
30000,fixed,0.95,Fixed λ=0.95,483,872,0.029066666666666668
30000,fixed,0.95,Fixed λ=0.95,484,536,0.017866666666666666
30000,fixed,0.95,Fixed λ=0.95,485,233,0.0077666666666666665
30000,fixed,0.95,Fixed λ=0.95,486,1064,0.03546666666666667
30000,fixed,0.95,Fixed λ=0.95,487,266,0.008866666666666667
30000,fixed,0.95,Fixed λ=0.95,488,469,0.015633333333333332
30000,fixed,0.95,Fixed λ=0.95,489,561,0.0187
30000,fixed,0.95,Fixed λ=0.95,490,1176,0.0392
30000,fixed,0.95,Fixed λ=0.95,491,611,0.02036666666666667
30000,fixed,0.95,Fixed λ=0.95,492,971,0.03236666666666667
30000,fixed,0.95,Fixed λ=0.95,493,1316,0.043866666666666665
30000,fixed,0.95,Fixed λ=0.95,494,504,0.0168
30000,fixed,0.95,Fixed λ=0.95,495,541,0.018033333333333332
30000,fixed,0.95,Fixed λ=0.95,496,823,0.027433333333333334
30000,fixed,0.95,Fixed λ=0.95,497,831,0.0277
30000,fixed,0.95,Fixed λ=0.95,498,712,0.023733333333333332
30000,fixed,0.95,Fixed λ=0.95,499,335,0.011166666666666667
30000,fixed,0.95,Fixed λ=0.95,500,428,0.014266666666666667
30000,fixed,0.95,Fixed λ=0.95,501,473,0.015766666666666665
30000,fixed,0.95,Fixed λ=0.95,502,733,0.024433333333333335
30000,fixed,0.95,Fixed λ=0.95,503,705,0.0235
30000,fixed,0.95,Fixed λ=0.95,504,482,0.016066666666666667
30000,fixed,0.95,Fixed λ=0.95,505,665,0.022166666666666668
30000,fixed,0.95,Fixed λ=0.95,506,969,0.0323
30000,fixed,0.95,Fixed λ=0.95,507,853,0.028433333333333335
30000,fixed,0.95,Fixed λ=0.95,508,811,0.027033333333333333
30000,fixed,0.95,Fixed λ=0.95,509,452,0.015066666666666667
30000,fixed,0.95,Fixed λ=0.95,510,467,0.015566666666666666
30000,fixed,0.95,Fixed λ=0.95,511,1378,0.04593333333333333
30000,fixed,0.95,Fixed λ=0.95,512,478,0.015933333333333334
30000,fixed,0.95,Fixed λ=0.95,513,339,0.0113
30000,fixed,0.95,Fixed λ=0.95,514,685,0.022833333333333334
30000,fixed,0.95,Fixed λ=0.95,515,440,0.014666666666666666
30000,fixed,0.95,Fixed λ=0.95,516,759,0.0253
30000,fixed,0.95,Fixed λ=0.95,517,804,0.0268
30000,fixed,0.95,Fixed λ=0.95,518,1190,0.03966666666666667
30000,fixed,0.95,Fixed λ=0.95,519,804,0.0268
30000,fixed,0.95,Fixed λ=0.95,520,802,0.026733333333333335
30000,fixed,0.95,Fixed λ=0.95,521,278,0.009266666666666666
30000,fixed,0.95,Fixed λ=0.95,522,859,0.028633333333333334
30000,fixed,0.95,Fixed λ=0.95,523,365,0.012166666666666666
30000,fixed,0.95,Fixed λ=0.95,524,354,0.0118
30000,fixed,0.95,Fixed λ=0.95,525,994,0.033133333333333334
30000,fixed,0.95,Fixed λ=0.95,526,447,0.0149
30000,fixed,0.95,Fixed λ=0.95,527,688,0.022933333333333333
30000,fixed,0.95,Fixed λ=0.95,528,578,0.019266666666666668
30000,fixed,0.95,Fixed λ=0.95,529,378,0.0126
30000,fixed,0.95,Fixed λ=0.95,530,730,0.024333333333333332
30000,fixed,0.95,Fixed λ=0.95,531,919,0.030633333333333332
30000,fixed,0.95,Fixed λ=0.95,532,790,0.026333333333333334
30000,fixed,0.95,Fixed λ=0.95,533,0,0.0
30000,fixed,0.95,Fixed λ=0.95,534,1189,0.03963333333333333
30000,fixed,0.95,Fixed λ=0.95,535,194,0.006466666666666667
30000,fixed,0.95,Fixed λ=0.95,536,505,0.016833333333333332
30000,fixed,0.95,Fixed λ=0.95,537,1129,0.03763333333333333
30000,fixed,0.95,Fixed λ=0.95,538,1131,0.0377
30000,fixed,0.95,Fixed λ=0.95,539,80,0.0026666666666666666
30000,fixed,0.95,Fixed λ=0.95,540,977,0.03256666666666667
30000,fixed,0.95,Fixed λ=0.95,541,778,0.025933333333333333
30000,fixed,0.95,Fixed λ=0.95,542,1020,0.034
30000,fixed,0.95,Fixed λ=0.95,543,1354,0.04513333333333333
30000,fixed,0.95,Fixed λ=0.95,544,538,0.017933333333333332
30000,fixed,0.95,Fixed λ=0.95,545,1218,0.0406
30000,fixed,0.95,Fixed λ=0.95,546,845,0.028166666666666666
30000,fixed,0.95,Fixed λ=0.95,547,1088,0.03626666666666667
30000,fixed,0.95,Fixed λ=0.95,548,895,0.029833333333333333
30000,fixed,0.95,Fixed λ=0.95,549,727,0.024233333333333332
30000,fixed,0.95,Fixed λ=0.95,550,726,0.0242
30000,fixed,0.95,Fixed λ=0.95,551,529,0.017633333333333334
30000,fixed,0.95,Fixed λ=0.95,552,458,0.015266666666666666
30000,fixed,0.95,Fixed λ=0.95,553,1219,0.040633333333333334
30000,fixed,0.95,Fixed λ=0.95,554,238,0.007933333333333334
30000,fixed,0.95,Fixed λ=0.95,555,508,0.016933333333333335
30000,fixed,0.95,Fixed λ=0.95,556,1688,0.056266666666666666
30000,fixed,0.95,Fixed λ=0.95,557,235,0.007833333333333333
30000,fixed,0.95,Fixed λ=0.95,558,38,0.0012666666666666666
30000,fixed,0.95,Fixed λ=0.95,559,1137,0.0379
30000,fixed,0.95,Fixed λ=0.95,560,608,0.020266666666666665
30000,fixed,0.95,Fixed λ=0.95,561,414,0.0138
30000,fixed,0.95,Fixed λ=0.95,562,998,0.03326666666666667
30000,fixed,0.95,Fixed λ=0.95,563,895,0.029833333333333333
30000,fixed,0.95,Fixed λ=0.95,564,1563,0.0521
30000,fixed,0.95,Fixed λ=0.95,565,721,0.024033333333333334
30000,fixed,0.95,Fixed λ=0.95,566,689,0.022966666666666666
30000,fixed,0.95,Fixed λ=0.95,567,1349,0.04496666666666667
30000,fixed,0.95,Fixed λ=0.95,568,708,0.0236
30000,fixed,0.95,Fixed λ=0.95,569,469,0.015633333333333332
30000,fixed,0.95,Fixed λ=0.95,570,944,0.031466666666666664
30000,fixed,0.95,Fixed λ=0.95,571,656,0.021866666666666666
30000,fixed,0.95,Fixed λ=0.95,572,1267,0.04223333333333333
30000,fixed,0.95,Fixed λ=0.95,573,872,0.029066666666666668
30000,fixed,0.95,Fixed λ=0.95,574,579,0.0193
30000,fixed,0.95,Fixed λ=0.95,575,700,0.023333333333333334
30000,fixed,0.95,Fixed λ=0.95,576,662,0.022066666666666665
30000,fixed,0.95,Fixed λ=0.95,577,918,0.0306
30000,fixed,0.95,Fixed λ=0.95,578,487,0.016233333333333332
30000,fixed,0.95,Fixed λ=0.95,579,795,0.0265
30000,fixed,0.95,Fixed λ=0.95,580,800,0.02666666666666667
30000,fixed,0.95,Fixed λ=0.95,581,1104,0.0368
30000,fixed,0.95,Fixed λ=0.95,582,622,0.020733333333333333
30000,fixed,0.95,Fixed λ=0.95,583,1019,0.033966666666666666
30000,fixed,0.95,Fixed λ=0.95,584,685,0.022833333333333334
30000,fixed,0.95,Fixed λ=0.95,585,1470,0.049
30000,fixed,0.95,Fixed λ=0.95,586,1424,0.047466666666666664
30000,fixed,0.95,Fixed λ=0.95,587,651,0.0217
30000,fixed,0.95,Fixed λ=0.95,588,1137,0.0379
30000,fixed,0.95,Fixed λ=0.95,589,489,0.0163
30000,fixed,0.95,Fixed λ=0.95,590,857,0.028566666666666667
30000,fixed,0.95,Fixed λ=0.95,591,636,0.0212
30000,fixed,0.95,Fixed λ=0.95,592,1466,0.04886666666666667
30000,fixed,0.95,Fixed λ=0.95,593,375,0.0125
30000,fixed,0.95,Fixed λ=0.95,594,682,0.022733333333333335
30000,fixed,0.95,Fixed λ=0.95,595,993,0.0331
30000,fixed,0.95,Fixed λ=0.95,596,1068,0.0356
30000,fixed,0.95,Fixed λ=0.95,597,93,0.0031
30000,fixed,0.95,Fixed λ=0.95,598,588,0.0196
30000,fixed,0.95,Fixed λ=0.95,599,695,0.023166666666666665
30000,fixed,0.95,Fixed λ=0.95,600,1476,0.0492
30000,fixed,0.95,Fixed λ=0.95,601,1591,0.053033333333333335
30000,fixed,0.95,Fixed λ=0.95,602,597,0.0199
30000,fixed,0.95,Fixed λ=0.95,603,1129,0.03763333333333333
30000,fixed,0.95,Fixed λ=0.95,604,987,0.0329
30000,fixed,0.95,Fixed λ=0.95,605,544,0.018133333333333335
30000,fixed,0.95,Fixed λ=0.95,606,520,0.017333333333333333
30000,fixed,0.95,Fixed λ=0.95,607,486,0.0162
30000,fixed,0.95,Fixed λ=0.95,608,701,0.023366666666666668
30000,fixed,0.95,Fixed λ=0.95,609,772,0.025733333333333334
30000,fixed,0.95,Fixed λ=0.95,610,1071,0.0357
30000,fixed,0.95,Fixed λ=0.95,611,975,0.0325
30000,fixed,0.95,Fixed λ=0.95,612,843,0.0281
30000,fixed,0.95,Fixed λ=0.95,613,737,0.024566666666666667
30000,fixed,0.95,Fixed λ=0.95,614,545,0.018166666666666668
30000,fixed,0.95,Fixed λ=0.95,615,106,0.003533333333333333
30000,fixed,0.95,Fixed λ=0.95,616,435,0.0145
30000,fixed,0.95,Fixed λ=0.95,617,833,0.027766666666666665
30000,fixed,0.95,Fixed λ=0.95,618,646,0.021533333333333335
30000,fixed,0.95,Fixed λ=0.95,619,421,0.014033333333333333
30000,fixed,0.95,Fixed λ=0.95,620,1165,0.03883333333333333
30000,fixed,0.95,Fixed λ=0.95,621,441,0.0147
30000,fixed,0.95,Fixed λ=0.95,622,848,0.028266666666666666
30000,fixed,0.95,Fixed λ=0.95,623,549,0.0183
30000,fixed,0.95,Fixed λ=0.95,624,83,0.002766666666666667
30000,fixed,0.95,Fixed λ=0.95,625,999,0.0333
30000,fixed,0.95,Fixed λ=0.95,626,1393,0.04643333333333333
30000,fixed,0.95,Fixed λ=0.95,627,505,0.016833333333333332
30000,fixed,0.95,Fixed λ=0.95,628,903,0.0301
30000,fixed,0.95,Fixed λ=0.95,629,627,0.0209
30000,fixed,0.95,Fixed λ=0.95,630,651,0.0217
30000,fixed,0.95,Fixed λ=0.95,631,580,0.019333333333333334
30000,fixed,0.95,Fixed λ=0.95,632,913,0.030433333333333333
30000,fixed,0.95,Fixed λ=0.95,633,286,0.009533333333333333
30000,fixed,0.95,Fixed λ=0.95,634,1359,0.0453
30000,fixed,0.95,Fixed λ=0.95,635,550,0.018333333333333333
30000,fixed,0.95,Fixed λ=0.95,636,523,0.017433333333333332
30000,fixed,0.95,Fixed λ=0.95,637,952,0.031733333333333336
30000,fixed,0.95,Fixed λ=0.95,638,768,0.0256
30000,fixed,0.95,Fixed λ=0.95,639,1655,0.05516666666666667
30000,fixed,0.95,Fixed λ=0.95,640,273,0.0091
30000,fixed,0.95,Fixed λ=0.95,641,1427,0.04756666666666667
30000,fixed,0.95,Fixed λ=0.95,642,186,0.0062
30000,fixed,0.95,Fixed λ=0.95,643,1294,0.043133333333333336
30000,fixed,0.95,Fixed λ=0.95,644,435,0.0145
30000,fixed,0.95,Fixed λ=0.95,645,889,0.029633333333333334
30000,fixed,0.95,Fixed λ=0.95,646,729,0.0243
30000,fixed,0.95,Fixed λ=0.95,647,914,0.030466666666666666
30000,fixed,0.95,Fixed λ=0.95,648,559,0.01863333333333333
30000,fixed,0.95,Fixed λ=0.95,649,1219,0.040633333333333334
30000,fixed,0.95,Fixed λ=0.95,650,676,0.022533333333333332
30000,fixed,0.95,Fixed λ=0.95,651,1380,0.046
30000,fixed,0.95,Fixed λ=0.95,652,617,0.020566666666666667
30000,fixed,0.95,Fixed λ=0.95,653,178,0.005933333333333333
30000,fixed,0.95,Fixed λ=0.95,654,940,0.03133333333333333
30000,fixed,0.95,Fixed λ=0.95,655,936,0.0312
30000,fixed,0.95,Fixed λ=0.95,656,552,0.0184
30000,fixed,0.95,Fixed λ=0.95,657,799,0.026633333333333332
30000,fixed,0.95,Fixed λ=0.95,658,1199,0.039966666666666664
30000,fixed,0.95,Fixed λ=0.95,659,751,0.025033333333333335
30000,fixed,0.95,Fixed λ=0.95,660,723,0.0241
30000,fixed,0.95,Fixed λ=0.95,661,867,0.0289
30000,fixed,0.95,Fixed λ=0.95,662,1147,0.038233333333333334
30000,fixed,0.95,Fixed λ=0.95,663,262,0.008733333333333333
30000,fixed,0.95,Fixed λ=0.95,664,742,0.024733333333333333
30000,fixed,0.95,Fixed λ=0.95,665,768,0.0256
30000,fixed,0.95,Fixed λ=0.95,666,511,0.017033333333333334
30000,fixed,0.95,Fixed λ=0.95,667,1654,0.05513333333333333
30000,fixed,0.95,Fixed λ=0.95,668,1009,0.033633333333333335
30000,fixed,0.95,Fixed λ=0.95,669,1255,0.041833333333333333
30000,fixed,0.95,Fixed λ=0.95,670,608,0.020266666666666665
30000,fixed,0.95,Fixed λ=0.95,671,1082,0.036066666666666664
30000,fixed,0.95,Fixed λ=0.95,672,740,0.024666666666666667
30000,fixed,0.95,Fixed λ=0.95,673,491,0.016366666666666668
30000,fixed,0.95,Fixed λ=0.95,674,657,0.0219
30000,fixed,0.95,Fixed λ=0.95,675,377,0.012566666666666667
30000,fixed,0.95,Fixed λ=0.95,676,535,0.017833333333333333
30000,fixed,0.95,Fixed λ=0.95,677,1308,0.0436
30000,fixed,0.95,Fixed λ=0.95,678,166,0.005533333333333334
30000,fixed,0.95,Fixed λ=0.95,679,769,0.025633333333333334
30000,fixed,0.95,Fixed λ=0.95,680,1385,0.04616666666666667
30000,fixed,0.95,Fixed λ=0.95,681,605,0.020166666666666666
30000,fixed,0.95,Fixed λ=0.95,682,1011,0.0337
30000,fixed,0.95,Fixed λ=0.95,683,348,0.0116
30000,fixed,0.95,Fixed λ=0.95,684,834,0.0278
30000,fixed,0.95,Fixed λ=0.95,685,1196,0.03986666666666667
30000,fixed,0.95,Fixed λ=0.95,686,1176,0.0392
30000,fixed,0.95,Fixed λ=0.95,687,846,0.0282
30000,fixed,0.95,Fixed λ=0.95,688,775,0.025833333333333333
30000,fixed,0.95,Fixed λ=0.95,689,1169,0.03896666666666666
30000,fixed,0.95,Fixed λ=0.95,690,293,0.009766666666666667
30000,fixed,0.95,Fixed λ=0.95,691,622,0.020733333333333333
30000,fixed,0.95,Fixed λ=0.95,692,639,0.0213
30000,fixed,0.95,Fixed λ=0.95,693,629,0.020966666666666668
30000,fixed,0.95,Fixed λ=0.95,694,450,0.015
30000,fixed,0.95,Fixed λ=0.95,695,436,0.014533333333333334
30000,fixed,0.95,Fixed λ=0.95,696,454,0.015133333333333334
30000,fixed,0.95,Fixed λ=0.95,697,602,0.020066666666666667
30000,fixed,0.95,Fixed λ=0.95,698,647,0.021566666666666668
30000,fixed,0.95,Fixed λ=0.95,699,829,0.027633333333333333
30000,fixed,0.95,Fixed λ=0.95,700,594,0.0198
30000,fixed,0.95,Fixed λ=0.95,701,649,0.021633333333333334
30000,fixed,0.95,Fixed λ=0.95,702,335,0.011166666666666667
30000,fixed,0.95,Fixed λ=0.95,703,1123,0.03743333333333333
30000,fixed,0.95,Fixed λ=0.95,704,647,0.021566666666666668
30000,fixed,0.95,Fixed λ=0.95,705,308,0.010266666666666667
30000,fixed,0.95,Fixed λ=0.95,706,697,0.023233333333333335
30000,fixed,0.95,Fixed λ=0.95,707,1209,0.0403
30000,fixed,0.95,Fixed λ=0.95,708,538,0.017933333333333332
30000,fixed,0.95,Fixed λ=0.95,709,967,0.032233333333333336
30000,fixed,0.95,Fixed λ=0.95,710,427,0.014233333333333334
30000,fixed,0.95,Fixed λ=0.95,711,1550,0.051666666666666666
30000,fixed,0.95,Fixed λ=0.95,712,214,0.0071333333333333335
30000,fixed,0.95,Fixed λ=0.95,713,1119,0.0373
30000,fixed,0.95,Fixed λ=0.95,714,815,0.027166666666666665
30000,fixed,0.95,Fixed λ=0.95,715,793,0.026433333333333333
30000,fixed,0.95,Fixed λ=0.95,716,250,0.008333333333333333
30000,fixed,0.95,Fixed λ=0.95,717,316,0.010533333333333334
30000,fixed,0.95,Fixed λ=0.95,718,619,0.020633333333333333
30000,fixed,0.95,Fixed λ=0.95,719,667,0.022233333333333334
30000,fixed,0.95,Fixed λ=0.95,720,899,0.029966666666666666
30000,fixed,0.95,Fixed λ=0.95,721,820,0.027333333333333334
30000,fixed,0.95,Fixed λ=0.95,722,395,0.013166666666666667
30000,fixed,0.95,Fixed λ=0.95,723,678,0.0226
30000,fixed,0.95,Fixed λ=0.95,724,1104,0.0368
30000,fixed,0.95,Fixed λ=0.95,725,1279,0.042633333333333336
30000,fixed,0.95,Fixed λ=0.95,726,951,0.0317
30000,fixed,0.95,Fixed λ=0.95,727,495,0.0165
30000,fixed,0.95,Fixed λ=0.95,728,696,0.0232
30000,fixed,0.95,Fixed λ=0.95,729,484,0.016133333333333333
30000,fixed,0.95,Fixed λ=0.95,730,536,0.017866666666666666
30000,fixed,0.95,Fixed λ=0.95,731,585,0.0195
30000,fixed,0.95,Fixed λ=0.95,732,700,0.023333333333333334
30000,fixed,0.95,Fixed λ=0.95,733,886,0.029533333333333335
30000,fixed,0.95,Fixed λ=0.95,734,511,0.017033333333333334
30000,fixed,0.95,Fixed λ=0.95,735,756,0.0252
30000,fixed,0.95,Fixed λ=0.95,736,863,0.028766666666666666
30000,fixed,0.95,Fixed λ=0.95,737,453,0.0151
30000,fixed,0.95,Fixed λ=0.95,738,420,0.014
30000,fixed,0.95,Fixed λ=0.95,739,328,0.010933333333333333
30000,fixed,0.95,Fixed λ=0.95,740,1070,0.035666666666666666
30000,fixed,0.95,Fixed λ=0.95,741,120,0.004
30000,fixed,0.95,Fixed λ=0.95,742,1079,0.03596666666666667
30000,fixed,0.95,Fixed λ=0.95,743,855,0.0285
30000,fixed,0.95,Fixed λ=0.95,744,248,0.008266666666666667
30000,fixed,0.95,Fixed λ=0.95,745,678,0.0226
30000,fixed,0.95,Fixed λ=0.95,746,779,0.025966666666666666
30000,fixed,0.95,Fixed λ=0.95,747,246,0.0082
30000,fixed,0.95,Fixed λ=0.95,748,605,0.020166666666666666
30000,fixed,0.95,Fixed λ=0.95,749,561,0.0187
30000,fixed,0.95,Fixed λ=0.95,750,638,0.021266666666666666
30000,fixed,0.95,Fixed λ=0.95,751,394,0.013133333333333334
30000,fixed,0.95,Fixed λ=0.95,752,607,0.020233333333333332
30000,fixed,0.95,Fixed λ=0.95,753,701,0.023366666666666668
30000,fixed,0.95,Fixed λ=0.95,754,1956,0.0652
30000,fixed,0.95,Fixed λ=0.95,755,776,0.025866666666666666
30000,fixed,0.95,Fixed λ=0.95,756,1255,0.041833333333333333
30000,fixed,0.95,Fixed λ=0.95,757,544,0.018133333333333335
30000,fixed,0.95,Fixed λ=0.95,758,246,0.0082
30000,fixed,0.95,Fixed λ=0.95,759,1362,0.0454
30000,fixed,0.95,Fixed λ=0.95,760,1077,0.0359
30000,fixed,0.95,Fixed λ=0.95,761,691,0.023033333333333333
30000,fixed,0.95,Fixed λ=0.95,762,747,0.0249
30000,fixed,0.95,Fixed λ=0.95,763,1278,0.0426
30000,fixed,0.95,Fixed λ=0.95,764,459,0.0153
30000,fixed,0.95,Fixed λ=0.95,765,1738,0.05793333333333334
30000,fixed,0.95,Fixed λ=0.95,766,312,0.0104
30000,fixed,0.95,Fixed λ=0.95,767,1045,0.034833333333333334
30000,fixed,0.95,Fixed λ=0.95,768,222,0.0074
30000,fixed,0.95,Fixed λ=0.95,769,801,0.0267
30000,fixed,0.95,Fixed λ=0.95,770,670,0.022333333333333334
30000,fixed,0.95,Fixed λ=0.95,771,497,0.016566666666666667
30000,fixed,0.95,Fixed λ=0.95,772,600,0.02
30000,fixed,0.95,Fixed λ=0.95,773,1283,0.04276666666666667
30000,fixed,0.95,Fixed λ=0.95,774,512,0.017066666666666667
30000,fixed,0.95,Fixed λ=0.95,775,1009,0.033633333333333335
30000,fixed,0.95,Fixed λ=0.95,776,577,0.019233333333333335
30000,fixed,0.95,Fixed λ=0.95,777,272,0.009066666666666667
30000,fixed,0.95,Fixed λ=0.95,778,1346,0.044866666666666666
30000,fixed,0.95,Fixed λ=0.95,779,1150,0.03833333333333333
30000,fixed,0.95,Fixed λ=0.95,780,399,0.0133
30000,fixed,0.95,Fixed λ=0.95,781,616,0.020533333333333334
30000,fixed,0.95,Fixed λ=0.95,782,251,0.008366666666666666
30000,fixed,0.95,Fixed λ=0.95,783,647,0.021566666666666668
30000,fixed,0.95,Fixed λ=0.95,784,990,0.033
30000,fixed,0.95,Fixed λ=0.95,785,856,0.028533333333333334
30000,fixed,0.95,Fixed λ=0.95,786,892,0.029733333333333334
30000,fixed,0.95,Fixed λ=0.95,787,667,0.022233333333333334
30000,fixed,0.95,Fixed λ=0.95,788,533,0.017766666666666667
30000,fixed,0.95,Fixed λ=0.95,789,657,0.0219
30000,fixed,0.95,Fixed λ=0.95,790,673,0.022433333333333333
30000,fixed,0.95,Fixed λ=0.95,791,519,0.0173
30000,fixed,0.95,Fixed λ=0.95,792,1092,0.0364
30000,fixed,0.95,Fixed λ=0.95,793,274,0.009133333333333334
30000,fixed,0.95,Fixed λ=0.95,794,620,0.020666666666666667
30000,fixed,0.95,Fixed λ=0.95,795,859,0.028633333333333334
30000,fixed,0.95,Fixed λ=0.95,796,924,0.0308
30000,fixed,0.95,Fixed λ=0.95,797,948,0.0316
30000,fixed,0.95,Fixed λ=0.95,798,1006,0.03353333333333333
30000,fixed,0.95,Fixed λ=0.95,799,1173,0.0391
30000,fixed,0.95,Fixed λ=0.95,800,659,0.021966666666666666
30000,fixed,0.95,Fixed λ=0.95,801,1139,0.03796666666666667
30000,fixed,0.95,Fixed λ=0.95,802,871,0.029033333333333335
30000,fixed,0.95,Fixed λ=0.95,803,480,0.016
30000,fixed,0.95,Fixed λ=0.95,804,946,0.03153333333333333
30000,fixed,0.95,Fixed λ=0.95,805,691,0.023033333333333333
30000,fixed,0.95,Fixed λ=0.95,806,989,0.032966666666666665
30000,fixed,0.95,Fixed λ=0.95,807,1167,0.0389
30000,fixed,0.95,Fixed λ=0.95,808,712,0.023733333333333332
30000,fixed,0.95,Fixed λ=0.95,809,801,0.0267
30000,fixed,0.95,Fixed λ=0.95,810,694,0.023133333333333332
30000,fixed,0.95,Fixed λ=0.95,811,1340,0.04466666666666667
30000,fixed,0.95,Fixed λ=0.95,812,970,0.03233333333333333
30000,fixed,0.95,Fixed λ=0.95,813,1365,0.0455
30000,fixed,0.95,Fixed λ=0.95,814,388,0.012933333333333333
30000,fixed,0.95,Fixed λ=0.95,815,1010,0.033666666666666664
30000,fixed,0.95,Fixed λ=0.95,816,434,0.014466666666666666
30000,fixed,0.95,Fixed λ=0.95,817,323,0.010766666666666667
30000,fixed,0.95,Fixed λ=0.95,818,734,0.024466666666666668
30000,fixed,0.95,Fixed λ=0.95,819,689,0.022966666666666666
30000,fixed,0.95,Fixed λ=0.95,820,562,0.018733333333333334
30000,fixed,0.95,Fixed λ=0.95,821,1085,0.036166666666666666
30000,fixed,0.95,Fixed λ=0.95,822,670,0.022333333333333334
30000,fixed,0.95,Fixed λ=0.95,823,636,0.0212
30000,fixed,0.95,Fixed λ=0.95,824,1144,0.03813333333333333
30000,fixed,0.95,Fixed λ=0.95,825,925,0.030833333333333334
30000,fixed,0.95,Fixed λ=0.95,826,875,0.029166666666666667
30000,fixed,0.95,Fixed λ=0.95,827,374,0.012466666666666666
30000,fixed,0.95,Fixed λ=0.95,828,722,0.024066666666666667
30000,fixed,0.95,Fixed λ=0.95,829,367,0.012233333333333334
30000,fixed,0.95,Fixed λ=0.95,830,772,0.025733333333333334
30000,fixed,0.95,Fixed λ=0.95,831,1297,0.04323333333333333
30000,fixed,0.95,Fixed λ=0.95,832,1234,0.041133333333333334
30000,fixed,0.95,Fixed λ=0.95,833,64,0.0021333333333333334
30000,fixed,0.95,Fixed λ=0.95,834,898,0.029933333333333333
30000,fixed,0.95,Fixed λ=0.95,835,763,0.025433333333333332
30000,fixed,0.95,Fixed λ=0.95,836,553,0.018433333333333333
30000,fixed,0.95,Fixed λ=0.95,837,498,0.0166
30000,fixed,0.95,Fixed λ=0.95,838,1302,0.0434
30000,fixed,0.95,Fixed λ=0.95,839,884,0.029466666666666665
30000,fixed,0.95,Fixed λ=0.95,840,1165,0.03883333333333333
30000,fixed,0.95,Fixed λ=0.95,841,676,0.022533333333333332
30000,fixed,0.95,Fixed λ=0.95,842,463,0.015433333333333334
30000,fixed,0.95,Fixed λ=0.95,843,1345,0.044833333333333336
30000,fixed,0.95,Fixed λ=0.95,844,656,0.021866666666666666
30000,fixed,0.95,Fixed λ=0.95,845,906,0.0302
30000,fixed,0.95,Fixed λ=0.95,846,1368,0.0456
30000,fixed,0.95,Fixed λ=0.95,847,1173,0.0391
30000,fixed,0.95,Fixed λ=0.95,848,845,0.028166666666666666
30000,fixed,0.95,Fixed λ=0.95,849,1196,0.03986666666666667
30000,fixed,0.95,Fixed λ=0.95,850,553,0.018433333333333333
30000,fixed,0.95,Fixed λ=0.95,851,422,0.014066666666666667
30000,fixed,0.95,Fixed λ=0.95,852,1326,0.0442
30000,fixed,0.95,Fixed λ=0.95,853,344,0.011466666666666667
30000,fixed,0.95,Fixed λ=0.95,854,926,0.030866666666666667
30000,fixed,0.95,Fixed λ=0.95,855,757,0.025233333333333333
30000,fixed,0.95,Fixed λ=0.95,856,585,0.0195
30000,fixed,0.95,Fixed λ=0.95,857,423,0.0141
30000,fixed,0.95,Fixed λ=0.95,858,492,0.0164
30000,fixed,0.95,Fixed λ=0.95,859,362,0.012066666666666667
30000,fixed,0.95,Fixed λ=0.95,860,1010,0.033666666666666664
30000,fixed,0.95,Fixed λ=0.95,861,633,0.0211
30000,fixed,0.95,Fixed λ=0.95,862,343,0.011433333333333334
30000,fixed,0.95,Fixed λ=0.95,863,891,0.0297
30000,fixed,0.95,Fixed λ=0.95,864,1457,0.04856666666666667
30000,fixed,0.95,Fixed λ=0.95,865,353,0.011766666666666667
30000,fixed,0.95,Fixed λ=0.95,866,441,0.0147
30000,fixed,0.95,Fixed λ=0.95,867,713,0.023766666666666665
30000,fixed,0.95,Fixed λ=0.95,868,1289,0.04296666666666667
30000,fixed,0.95,Fixed λ=0.95,869,841,0.028033333333333334
30000,fixed,0.95,Fixed λ=0.95,870,883,0.029433333333333332
30000,fixed,0.95,Fixed λ=0.95,871,608,0.020266666666666665
30000,fixed,0.95,Fixed λ=0.95,872,866,0.028866666666666665
30000,fixed,0.95,Fixed λ=0.95,873,683,0.022766666666666668
30000,fixed,0.95,Fixed λ=0.95,874,706,0.023533333333333333
30000,fixed,0.95,Fixed λ=0.95,875,242,0.008066666666666666
30000,fixed,0.95,Fixed λ=0.95,876,686,0.022866666666666667
30000,fixed,0.95,Fixed λ=0.95,877,365,0.012166666666666666
30000,fixed,0.95,Fixed λ=0.95,878,433,0.014433333333333333
30000,fixed,0.95,Fixed λ=0.95,879,596,0.019866666666666668
30000,fixed,0.95,Fixed λ=0.95,880,534,0.0178
30000,fixed,0.95,Fixed λ=0.95,881,1079,0.03596666666666667
30000,fixed,0.95,Fixed λ=0.95,882,778,0.025933333333333333
30000,fixed,0.95,Fixed λ=0.95,883,547,0.018233333333333334
30000,fixed,0.95,Fixed λ=0.95,884,1104,0.0368
30000,fixed,0.95,Fixed λ=0.95,885,582,0.0194
30000,fixed,0.95,Fixed λ=0.95,886,190,0.006333333333333333
30000,fixed,0.95,Fixed λ=0.95,887,923,0.030766666666666668
30000,fixed,0.95,Fixed λ=0.95,888,790,0.026333333333333334
30000,fixed,0.95,Fixed λ=0.95,889,1485,0.0495
30000,fixed,0.95,Fixed λ=0.95,890,766,0.025533333333333335
30000,fixed,0.95,Fixed λ=0.95,891,285,0.0095
30000,fixed,0.95,Fixed λ=0.95,892,1018,0.033933333333333336
30000,fixed,0.95,Fixed λ=0.95,893,1006,0.03353333333333333
30000,fixed,0.95,Fixed λ=0.95,894,1387,0.046233333333333335
30000,fixed,0.95,Fixed λ=0.95,895,310,0.010333333333333333
30000,fixed,0.95,Fixed λ=0.95,896,1357,0.045233333333333334
30000,fixed,0.95,Fixed λ=0.95,897,499,0.016633333333333333
30000,fixed,0.95,Fixed λ=0.95,898,1046,0.034866666666666664
30000,fixed,0.95,Fixed λ=0.95,899,785,0.026166666666666668
30000,fixed,0.95,Fixed λ=0.95,900,490,0.01633333333333333
30000,fixed,0.95,Fixed λ=0.95,901,1096,0.036533333333333334
30000,fixed,0.95,Fixed λ=0.95,902,668,0.022266666666666667
30000,fixed,0.95,Fixed λ=0.95,903,1236,0.0412
30000,fixed,0.95,Fixed λ=0.95,904,992,0.03306666666666667
30000,fixed,0.95,Fixed λ=0.95,905,1685,0.05616666666666666
30000,fixed,0.95,Fixed λ=0.95,906,690,0.023
30000,fixed,0.95,Fixed λ=0.95,907,232,0.007733333333333333
30000,fixed,0.95,Fixed λ=0.95,908,363,0.0121
30000,fixed,0.95,Fixed λ=0.95,909,1051,0.03503333333333333
30000,fixed,0.95,Fixed λ=0.95,910,823,0.027433333333333334
30000,fixed,0.95,Fixed λ=0.95,911,597,0.0199
30000,fixed,0.95,Fixed λ=0.95,912,1540,0.051333333333333335
30000,fixed,0.95,Fixed λ=0.95,913,605,0.020166666666666666
30000,fixed,0.95,Fixed λ=0.95,914,615,0.0205
30000,fixed,0.95,Fixed λ=0.95,915,797,0.026566666666666666
30000,fixed,0.95,Fixed λ=0.95,916,688,0.022933333333333333
30000,fixed,0.95,Fixed λ=0.95,917,369,0.0123
30000,fixed,0.95,Fixed λ=0.95,918,504,0.0168
30000,fixed,0.95,Fixed λ=0.95,919,1223,0.040766666666666666
30000,fixed,0.95,Fixed λ=0.95,920,1546,0.051533333333333334
30000,fixed,0.95,Fixed λ=0.95,921,601,0.020033333333333334
30000,fixed,0.95,Fixed λ=0.95,922,474,0.0158
30000,fixed,0.95,Fixed λ=0.95,923,1469,0.048966666666666665
30000,fixed,0.95,Fixed λ=0.95,924,815,0.027166666666666665
30000,fixed,0.95,Fixed λ=0.95,925,1135,0.03783333333333333
30000,fixed,0.95,Fixed λ=0.95,926,215,0.007166666666666667
30000,fixed,0.95,Fixed λ=0.95,927,213,0.0071
30000,fixed,0.95,Fixed λ=0.95,928,746,0.024866666666666665
30000,fixed,0.95,Fixed λ=0.95,929,249,0.0083
30000,fixed,0.95,Fixed λ=0.95,930,312,0.0104
30000,fixed,0.95,Fixed λ=0.95,931,755,0.025166666666666667
30000,fixed,0.95,Fixed λ=0.95,932,503,0.016766666666666666
30000,fixed,0.95,Fixed λ=0.95,933,828,0.0276
30000,fixed,0.95,Fixed λ=0.95,934,559,0.01863333333333333
30000,fixed,0.95,Fixed λ=0.95,935,794,0.026466666666666666
30000,fixed,0.95,Fixed λ=0.95,936,569,0.018966666666666666
30000,fixed,0.95,Fixed λ=0.95,937,1069,0.035633333333333336
30000,fixed,0.95,Fixed λ=0.95,938,993,0.0331
30000,fixed,0.95,Fixed λ=0.95,939,1219,0.040633333333333334
30000,fixed,0.95,Fixed λ=0.95,940,1432,0.047733333333333336
30000,fixed,0.95,Fixed λ=0.95,941,771,0.0257
30000,fixed,0.95,Fixed λ=0.95,942,222,0.0074
30000,fixed,0.95,Fixed λ=0.95,943,903,0.0301
30000,fixed,0.95,Fixed λ=0.95,944,975,0.0325
30000,fixed,0.95,Fixed λ=0.95,945,891,0.0297
30000,fixed,0.95,Fixed λ=0.95,946,1328,0.04426666666666667
30000,fixed,0.95,Fixed λ=0.95,947,607,0.020233333333333332
30000,fixed,0.95,Fixed λ=0.95,948,660,0.022
30000,fixed,0.95,Fixed λ=0.95,949,580,0.019333333333333334
30000,fixed,0.95,Fixed λ=0.95,950,902,0.030066666666666665
30000,fixed,0.95,Fixed λ=0.95,951,302,0.010066666666666666
30000,fixed,0.95,Fixed λ=0.95,952,1520,0.050666666666666665
30000,fixed,0.95,Fixed λ=0.95,953,374,0.012466666666666666
30000,fixed,0.95,Fixed λ=0.95,954,680,0.02266666666666667
30000,fixed,0.95,Fixed λ=0.95,955,1668,0.0556
30000,fixed,0.95,Fixed λ=0.95,956,1286,0.042866666666666664
30000,fixed,0.95,Fixed λ=0.95,957,665,0.022166666666666668
30000,fixed,0.95,Fixed λ=0.95,958,986,0.03286666666666667
30000,fixed,0.95,Fixed λ=0.95,959,662,0.022066666666666665
30000,fixed,0.95,Fixed λ=0.95,960,1494,0.0498
30000,fixed,0.95,Fixed λ=0.95,961,1054,0.035133333333333336
30000,fixed,0.95,Fixed λ=0.95,962,939,0.0313
30000,fixed,0.95,Fixed λ=0.95,963,679,0.02263333333333333
30000,fixed,0.95,Fixed λ=0.95,964,942,0.0314
30000,fixed,0.95,Fixed λ=0.95,965,282,0.0094
30000,fixed,0.95,Fixed λ=0.95,966,640,0.021333333333333333
30000,fixed,0.95,Fixed λ=0.95,967,751,0.025033333333333335
30000,fixed,0.95,Fixed λ=0.95,968,399,0.0133
30000,fixed,0.95,Fixed λ=0.95,969,313,0.010433333333333333
30000,fixed,0.95,Fixed λ=0.95,970,294,0.0098
30000,fixed,0.95,Fixed λ=0.95,971,944,0.031466666666666664
30000,fixed,0.95,Fixed λ=0.95,972,879,0.0293
30000,fixed,0.95,Fixed λ=0.95,973,656,0.021866666666666666
30000,fixed,0.95,Fixed λ=0.95,974,1032,0.0344
30000,fixed,0.95,Fixed λ=0.95,975,243,0.0081
30000,fixed,0.95,Fixed λ=0.95,976,701,0.023366666666666668
30000,fixed,0.95,Fixed λ=0.95,977,1547,0.05156666666666666
30000,fixed,0.95,Fixed λ=0.95,978,524,0.017466666666666665
30000,fixed,0.95,Fixed λ=0.95,979,919,0.030633333333333332
30000,fixed,0.95,Fixed λ=0.95,980,767,0.025566666666666668
30000,fixed,0.95,Fixed λ=0.95,981,1302,0.0434
30000,fixed,0.95,Fixed λ=0.95,982,936,0.0312
30000,fixed,0.95,Fixed λ=0.95,983,1057,0.03523333333333333
30000,fixed,0.95,Fixed λ=0.95,984,881,0.029366666666666666
30000,fixed,0.95,Fixed λ=0.95,985,631,0.021033333333333334
30000,fixed,0.95,Fixed λ=0.95,986,792,0.0264
30000,fixed,0.95,Fixed λ=0.95,987,1201,0.04003333333333333
30000,fixed,0.95,Fixed λ=0.95,988,277,0.009233333333333333
30000,fixed,0.95,Fixed λ=0.95,989,824,0.027466666666666667
30000,fixed,0.95,Fixed λ=0.95,990,573,0.0191
30000,fixed,0.95,Fixed λ=0.95,991,701,0.023366666666666668
30000,fixed,0.95,Fixed λ=0.95,992,1261,0.04203333333333333
30000,fixed,0.95,Fixed λ=0.95,993,530,0.017666666666666667
30000,fixed,0.95,Fixed λ=0.95,994,776,0.025866666666666666
30000,fixed,0.95,Fixed λ=0.95,995,128,0.004266666666666667
30000,fixed,0.95,Fixed λ=0.95,996,1356,0.0452
30000,fixed,0.95,Fixed λ=0.95,997,389,0.012966666666666666
30000,fixed,0.95,Fixed λ=0.95,998,581,0.019366666666666667
30000,fixed,0.95,Fixed λ=0.95,999,981,0.0327
30000,none,1.0,No forgetting,0,926,0.030866666666666667
30000,none,1.0,No forgetting,1,2551,0.08503333333333334
30000,none,1.0,No forgetting,2,1452,0.0484
30000,none,1.0,No forgetting,3,1515,0.0505
30000,none,1.0,No forgetting,4,1887,0.0629
30000,none,1.0,No forgetting,5,1411,0.04703333333333334
30000,none,1.0,No forgetting,6,611,0.02036666666666667
30000,none,1.0,No forgetting,7,1487,0.04956666666666667
30000,none,1.0,No forgetting,8,2777,0.09256666666666667
30000,none,1.0,No forgetting,9,1833,0.0611
30000,none,1.0,No forgetting,10,1679,0.055966666666666665
30000,none,1.0,No forgetting,11,1041,0.0347
30000,none,1.0,No forgetting,12,1600,0.05333333333333334
30000,none,1.0,No forgetting,13,2252,0.07506666666666667
30000,none,1.0,No forgetting,14,399,0.0133
30000,none,1.0,No forgetting,15,3134,0.10446666666666667
30000,none,1.0,No forgetting,16,2339,0.07796666666666667
30000,none,1.0,No forgetting,17,2997,0.0999
30000,none,1.0,No forgetting,18,892,0.029733333333333334
30000,none,1.0,No forgetting,19,1363,0.04543333333333333
30000,none,1.0,No forgetting,20,1448,0.048266666666666666
30000,none,1.0,No forgetting,21,1443,0.0481
30000,none,1.0,No forgetting,22,1769,0.05896666666666667
30000,none,1.0,No forgetting,23,1517,0.05056666666666667
30000,none,1.0,No forgetting,24,1029,0.0343
30000,none,1.0,No forgetting,25,1632,0.0544
30000,none,1.0,No forgetting,26,1186,0.03953333333333333
30000,none,1.0,No forgetting,27,1126,0.037533333333333335
30000,none,1.0,No forgetting,28,2119,0.07063333333333334
30000,none,1.0,No forgetting,29,1134,0.0378
30000,none,1.0,No forgetting,30,1278,0.0426
30000,none,1.0,No forgetting,31,1431,0.0477
30000,none,1.0,No forgetting,32,1198,0.039933333333333335
30000,none,1.0,No forgetting,33,930,0.031
30000,none,1.0,No forgetting,34,1812,0.0604
30000,none,1.0,No forgetting,35,1044,0.0348
30000,none,1.0,No forgetting,36,1655,0.05516666666666667
30000,none,1.0,No forgetting,37,1326,0.0442
30000,none,1.0,No forgetting,38,775,0.025833333333333333
30000,none,1.0,No forgetting,39,885,0.0295
30000,none,1.0,No forgetting,40,1638,0.0546
30000,none,1.0,No forgetting,41,1934,0.06446666666666667
30000,none,1.0,No forgetting,42,1999,0.06663333333333334
30000,none,1.0,No forgetting,43,2335,0.07783333333333334
30000,none,1.0,No forgetting,44,2526,0.0842
30000,none,1.0,No forgetting,45,2590,0.08633333333333333
30000,none,1.0,No forgetting,46,1721,0.05736666666666667
30000,none,1.0,No forgetting,47,1690,0.05633333333333333
30000,none,1.0,No forgetting,48,1884,0.0628
30000,none,1.0,No forgetting,49,2535,0.0845
30000,none,1.0,No forgetting,50,1637,0.054566666666666666
30000,none,1.0,No forgetting,51,2787,0.0929
30000,none,1.0,No forgetting,52,481,0.016033333333333333
30000,none,1.0,No forgetting,53,1403,0.046766666666666665
30000,none,1.0,No forgetting,54,2029,0.06763333333333334
30000,none,1.0,No forgetting,55,2455,0.08183333333333333
30000,none,1.0,No forgetting,56,1529,0.05096666666666667
30000,none,1.0,No forgetting,57,1664,0.055466666666666664
30000,none,1.0,No forgetting,58,1757,0.05856666666666667
30000,none,1.0,No forgetting,59,1151,0.03836666666666667
30000,none,1.0,No forgetting,60,735,0.0245
30000,none,1.0,No forgetting,61,2889,0.0963
30000,none,1.0,No forgetting,62,1100,0.03666666666666667
30000,none,1.0,No forgetting,63,1656,0.0552
30000,none,1.0,No forgetting,64,755,0.025166666666666667
30000,none,1.0,No forgetting,65,488,0.016266666666666665
30000,none,1.0,No forgetting,66,1719,0.0573
30000,none,1.0,No forgetting,67,1699,0.056633333333333334
30000,none,1.0,No forgetting,68,2052,0.0684
30000,none,1.0,No forgetting,69,1970,0.06566666666666666
30000,none,1.0,No forgetting,70,667,0.022233333333333334
30000,none,1.0,No forgetting,71,1225,0.04083333333333333
30000,none,1.0,No forgetting,72,988,0.032933333333333335
30000,none,1.0,No forgetting,73,99,0.0033
30000,none,1.0,No forgetting,74,1589,0.05296666666666667
30000,none,1.0,No forgetting,75,1120,0.037333333333333336
30000,none,1.0,No forgetting,76,2159,0.07196666666666666
30000,none,1.0,No forgetting,77,1650,0.055
30000,none,1.0,No forgetting,78,1583,0.05276666666666667
30000,none,1.0,No forgetting,79,2234,0.07446666666666667
30000,none,1.0,No forgetting,80,1035,0.0345
30000,none,1.0,No forgetting,81,985,0.03283333333333333
30000,none,1.0,No forgetting,82,1699,0.056633333333333334
30000,none,1.0,No forgetting,83,919,0.030633333333333332
30000,none,1.0,No forgetting,84,1771,0.059033333333333333
30000,none,1.0,No forgetting,85,1101,0.0367
30000,none,1.0,No forgetting,86,432,0.0144
30000,none,1.0,No forgetting,87,914,0.030466666666666666
30000,none,1.0,No forgetting,88,1001,0.03336666666666667
30000,none,1.0,No forgetting,89,1323,0.0441
30000,none,1.0,No forgetting,90,529,0.017633333333333334
30000,none,1.0,No forgetting,91,990,0.033
30000,none,1.0,No forgetting,92,681,0.0227
30000,none,1.0,No forgetting,93,1106,0.036866666666666666
30000,none,1.0,No forgetting,94,2476,0.08253333333333333
30000,none,1.0,No forgetting,95,1688,0.056266666666666666
30000,none,1.0,No forgetting,96,1349,0.04496666666666667
30000,none,1.0,No forgetting,97,1512,0.0504
30000,none,1.0,No forgetting,98,1179,0.0393
30000,none,1.0,No forgetting,99,421,0.014033333333333333
30000,none,1.0,No forgetting,100,1108,0.03693333333333333
30000,none,1.0,No forgetting,101,1797,0.0599
30000,none,1.0,No forgetting,102,1127,0.037566666666666665
30000,none,1.0,No forgetting,103,790,0.026333333333333334
30000,none,1.0,No forgetting,104,920,0.030666666666666665
30000,none,1.0,No forgetting,105,1856,0.06186666666666667
30000,none,1.0,No forgetting,106,1295,0.043166666666666666
30000,none,1.0,No forgetting,107,1428,0.0476
30000,none,1.0,No forgetting,108,1633,0.054433333333333334
30000,none,1.0,No forgetting,109,2798,0.09326666666666666
30000,none,1.0,No forgetting,110,1697,0.05656666666666667
30000,none,1.0,No forgetting,111,3408,0.1136
30000,none,1.0,No forgetting,112,2281,0.07603333333333333
30000,none,1.0,No forgetting,113,1172,0.039066666666666666
30000,none,1.0,No forgetting,114,1108,0.03693333333333333
30000,none,1.0,No forgetting,115,2599,0.08663333333333334
30000,none,1.0,No forgetting,116,830,0.027666666666666666
30000,none,1.0,No forgetting,117,1952,0.06506666666666666
30000,none,1.0,No forgetting,118,1110,0.037
30000,none,1.0,No forgetting,119,571,0.019033333333333333
30000,none,1.0,No forgetting,120,497,0.016566666666666667
30000,none,1.0,No forgetting,121,964,0.03213333333333333
30000,none,1.0,No forgetting,122,887,0.029566666666666668
30000,none,1.0,No forgetting,123,941,0.03136666666666667
30000,none,1.0,No forgetting,124,993,0.0331
30000,none,1.0,No forgetting,125,1678,0.055933333333333335
30000,none,1.0,No forgetting,126,1070,0.035666666666666666
30000,none,1.0,No forgetting,127,720,0.024
30000,none,1.0,No forgetting,128,1939,0.06463333333333333
30000,none,1.0,No forgetting,129,674,0.022466666666666666
30000,none,1.0,No forgetting,130,1678,0.055933333333333335
30000,none,1.0,No forgetting,131,2121,0.0707
30000,none,1.0,No forgetting,132,2085,0.0695
30000,none,1.0,No forgetting,133,1688,0.056266666666666666
30000,none,1.0,No forgetting,134,884,0.029466666666666665
30000,none,1.0,No forgetting,135,636,0.0212
30000,none,1.0,No forgetting,136,1879,0.06263333333333333
30000,none,1.0,No forgetting,137,1883,0.06276666666666667
30000,none,1.0,No forgetting,138,33,0.0011
30000,none,1.0,No forgetting,139,1685,0.05616666666666666
30000,none,1.0,No forgetting,140,1104,0.0368
30000,none,1.0,No forgetting,141,1562,0.052066666666666664
30000,none,1.0,No forgetting,142,2299,0.07663333333333333
30000,none,1.0,No forgetting,143,1957,0.06523333333333334
30000,none,1.0,No forgetting,144,2072,0.06906666666666667
30000,none,1.0,No forgetting,145,256,0.008533333333333334
30000,none,1.0,No forgetting,146,897,0.0299
30000,none,1.0,No forgetting,147,1946,0.06486666666666667
30000,none,1.0,No forgetting,148,1234,0.041133333333333334
30000,none,1.0,No forgetting,149,788,0.026266666666666667
30000,none,1.0,No forgetting,150,1513,0.05043333333333333
30000,none,1.0,No forgetting,151,2641,0.08803333333333334
30000,none,1.0,No forgetting,152,800,0.02666666666666667
30000,none,1.0,No forgetting,153,1900,0.06333333333333334
30000,none,1.0,No forgetting,154,2204,0.07346666666666667
30000,none,1.0,No forgetting,155,3018,0.1006
30000,none,1.0,No forgetting,156,1394,0.04646666666666667
30000,none,1.0,No forgetting,157,1423,0.047433333333333334
30000,none,1.0,No forgetting,158,1123,0.03743333333333333
30000,none,1.0,No forgetting,159,515,0.017166666666666667
30000,none,1.0,No forgetting,160,0,0.0
30000,none,1.0,No forgetting,161,1976,0.06586666666666667
30000,none,1.0,No forgetting,162,1448,0.048266666666666666
30000,none,1.0,No forgetting,163,1600,0.05333333333333334
30000,none,1.0,No forgetting,164,1042,0.03473333333333333
30000,none,1.0,No forgetting,165,1324,0.04413333333333333
30000,none,1.0,No forgetting,166,696,0.0232
30000,none,1.0,No forgetting,167,2225,0.07416666666666667
30000,none,1.0,No forgetting,168,1881,0.0627
30000,none,1.0,No forgetting,169,1816,0.060533333333333335
30000,none,1.0,No forgetting,170,1106,0.036866666666666666
30000,none,1.0,No forgetting,171,1033,0.03443333333333334
30000,none,1.0,No forgetting,172,1138,0.03793333333333333
30000,none,1.0,No forgetting,173,1117,0.037233333333333334
30000,none,1.0,No forgetting,174,1789,0.05963333333333334
30000,none,1.0,No forgetting,175,1998,0.0666
30000,none,1.0,No forgetting,176,1395,0.0465
30000,none,1.0,No forgetting,177,1528,0.05093333333333333
30000,none,1.0,No forgetting,178,801,0.0267
30000,none,1.0,No forgetting,179,1159,0.03863333333333333
30000,none,1.0,No forgetting,180,1369,0.04563333333333333
30000,none,1.0,No forgetting,181,2646,0.0882
30000,none,1.0,No forgetting,182,1173,0.0391
30000,none,1.0,No forgetting,183,665,0.022166666666666668
30000,none,1.0,No forgetting,184,1113,0.0371
30000,none,1.0,No forgetting,185,1425,0.0475
30000,none,1.0,No forgetting,186,1276,0.04253333333333333
30000,none,1.0,No forgetting,187,924,0.0308
30000,none,1.0,No forgetting,188,830,0.027666666666666666
30000,none,1.0,No forgetting,189,2338,0.07793333333333333
30000,none,1.0,No forgetting,190,751,0.025033333333333335
30000,none,1.0,No forgetting,191,1294,0.043133333333333336
30000,none,1.0,No forgetting,192,1626,0.0542
30000,none,1.0,No forgetting,193,1567,0.05223333333333333
30000,none,1.0,No forgetting,194,188,0.006266666666666667
30000,none,1.0,No forgetting,195,2239,0.07463333333333333
30000,none,1.0,No forgetting,196,700,0.023333333333333334
30000,none,1.0,No forgetting,197,844,0.028133333333333333
30000,none,1.0,No forgetting,198,1105,0.036833333333333336
30000,none,1.0,No forgetting,199,1571,0.052366666666666666
30000,none,1.0,No forgetting,200,1190,0.03966666666666667
30000,none,1.0,No forgetting,201,1817,0.060566666666666664
30000,none,1.0,No forgetting,202,1470,0.049
30000,none,1.0,No forgetting,203,1767,0.0589
30000,none,1.0,No forgetting,204,1376,0.04586666666666667
30000,none,1.0,No forgetting,205,1211,0.04036666666666667
30000,none,1.0,No forgetting,206,1295,0.043166666666666666
30000,none,1.0,No forgetting,207,1697,0.05656666666666667
30000,none,1.0,No forgetting,208,1464,0.0488
30000,none,1.0,No forgetting,209,2091,0.0697
30000,none,1.0,No forgetting,210,1403,0.046766666666666665
30000,none,1.0,No forgetting,211,2408,0.08026666666666667
30000,none,1.0,No forgetting,212,1024,0.034133333333333335
30000,none,1.0,No forgetting,213,1239,0.0413
30000,none,1.0,No forgetting,214,1220,0.04066666666666666
30000,none,1.0,No forgetting,215,1736,0.057866666666666663
30000,none,1.0,No forgetting,216,1188,0.0396
30000,none,1.0,No forgetting,217,1749,0.0583
30000,none,1.0,No forgetting,218,968,0.032266666666666666
30000,none,1.0,No forgetting,219,423,0.0141
30000,none,1.0,No forgetting,220,1048,0.03493333333333333
30000,none,1.0,No forgetting,221,1661,0.05536666666666667
30000,none,1.0,No forgetting,222,1541,0.051366666666666665
30000,none,1.0,No forgetting,223,1354,0.04513333333333333
30000,none,1.0,No forgetting,224,1452,0.0484
30000,none,1.0,No forgetting,225,1451,0.04836666666666667
30000,none,1.0,No forgetting,226,687,0.0229
30000,none,1.0,No forgetting,227,1340,0.04466666666666667
30000,none,1.0,No forgetting,228,621,0.0207
30000,none,1.0,No forgetting,229,477,0.0159
30000,none,1.0,No forgetting,230,1557,0.0519
30000,none,1.0,No forgetting,231,768,0.0256
30000,none,1.0,No forgetting,232,1465,0.04883333333333333
30000,none,1.0,No forgetting,233,1167,0.0389
30000,none,1.0,No forgetting,234,1100,0.03666666666666667
30000,none,1.0,No forgetting,235,1209,0.0403
30000,none,1.0,No forgetting,236,837,0.0279
30000,none,1.0,No forgetting,237,2049,0.0683
30000,none,1.0,No forgetting,238,2136,0.0712
30000,none,1.0,No forgetting,239,942,0.0314
30000,none,1.0,No forgetting,240,989,0.032966666666666665
30000,none,1.0,No forgetting,241,1684,0.056133333333333334
30000,none,1.0,No forgetting,242,2242,0.07473333333333333
30000,none,1.0,No forgetting,243,1191,0.0397
30000,none,1.0,No forgetting,244,966,0.0322
30000,none,1.0,No forgetting,245,571,0.019033333333333333
30000,none,1.0,No forgetting,246,1486,0.04953333333333333
30000,none,1.0,No forgetting,247,805,0.026833333333333334
30000,none,1.0,No forgetting,248,2397,0.0799
30000,none,1.0,No forgetting,249,1011,0.0337
30000,none,1.0,No forgetting,250,1055,0.035166666666666666
30000,none,1.0,No forgetting,251,1603,0.05343333333333333
30000,none,1.0,No forgetting,252,674,0.022466666666666666
30000,none,1.0,No forgetting,253,1256,0.04186666666666667
30000,none,1.0,No forgetting,254,1030,0.034333333333333334
30000,none,1.0,No forgetting,255,1998,0.0666
30000,none,1.0,No forgetting,256,1259,0.041966666666666666
30000,none,1.0,No forgetting,257,1781,0.059366666666666665
30000,none,1.0,No forgetting,258,1397,0.046566666666666666
30000,none,1.0,No forgetting,259,725,0.024166666666666666
30000,none,1.0,No forgetting,260,2610,0.087
30000,none,1.0,No forgetting,261,1724,0.057466666666666666
30000,none,1.0,No forgetting,262,517,0.017233333333333333
30000,none,1.0,No forgetting,263,1316,0.043866666666666665
30000,none,1.0,No forgetting,264,1173,0.0391
30000,none,1.0,No forgetting,265,2534,0.08446666666666666
30000,none,1.0,No forgetting,266,779,0.025966666666666666
30000,none,1.0,No forgetting,267,993,0.0331
30000,none,1.0,No forgetting,268,459,0.0153
30000,none,1.0,No forgetting,269,1158,0.0386
30000,none,1.0,No forgetting,270,1126,0.037533333333333335
30000,none,1.0,No forgetting,271,1404,0.0468
30000,none,1.0,No forgetting,272,1752,0.0584
30000,none,1.0,No forgetting,273,311,0.010366666666666666
30000,none,1.0,No forgetting,274,1112,0.037066666666666664
30000,none,1.0,No forgetting,275,874,0.029133333333333334
30000,none,1.0,No forgetting,276,1726,0.05753333333333333
30000,none,1.0,No forgetting,277,1676,0.05586666666666667
30000,none,1.0,No forgetting,278,711,0.0237
30000,none,1.0,No forgetting,279,508,0.016933333333333335
30000,none,1.0,No forgetting,280,1062,0.0354
30000,none,1.0,No forgetting,281,1944,0.0648
30000,none,1.0,No forgetting,282,361,0.012033333333333333
30000,none,1.0,No forgetting,283,1534,0.051133333333333336
30000,none,1.0,No forgetting,284,2748,0.0916
30000,none,1.0,No forgetting,285,1660,0.05533333333333333
30000,none,1.0,No forgetting,286,1982,0.06606666666666666
30000,none,1.0,No forgetting,287,1323,0.0441
30000,none,1.0,No forgetting,288,1285,0.042833333333333334
30000,none,1.0,No forgetting,289,2091,0.0697
30000,none,1.0,No forgetting,290,2428,0.08093333333333333
30000,none,1.0,No forgetting,291,2043,0.0681
30000,none,1.0,No forgetting,292,1416,0.0472
30000,none,1.0,No forgetting,293,1453,0.048433333333333335
30000,none,1.0,No forgetting,294,2435,0.08116666666666666
30000,none,1.0,No forgetting,295,1040,0.034666666666666665
30000,none,1.0,No forgetting,296,626,0.020866666666666665
30000,none,1.0,No forgetting,297,642,0.0214
30000,none,1.0,No forgetting,298,411,0.0137
30000,none,1.0,No forgetting,299,1205,0.04016666666666667
30000,none,1.0,No forgetting,300,1857,0.0619
30000,none,1.0,No forgetting,301,1122,0.0374
30000,none,1.0,No forgetting,302,912,0.0304
30000,none,1.0,No forgetting,303,1568,0.05226666666666667
30000,none,1.0,No forgetting,304,2060,0.06866666666666667
30000,none,1.0,No forgetting,305,1749,0.0583
30000,none,1.0,No forgetting,306,1529,0.05096666666666667
30000,none,1.0,No forgetting,307,1134,0.0378
30000,none,1.0,No forgetting,308,716,0.023866666666666668
30000,none,1.0,No forgetting,309,1560,0.052
30000,none,1.0,No forgetting,310,1733,0.05776666666666667
30000,none,1.0,No forgetting,311,767,0.025566666666666668
30000,none,1.0,No forgetting,312,1326,0.0442
30000,none,1.0,No forgetting,313,993,0.0331
30000,none,1.0,No forgetting,314,1387,0.046233333333333335
30000,none,1.0,No forgetting,315,565,0.018833333333333334
30000,none,1.0,No forgetting,316,1352,0.045066666666666665
30000,none,1.0,No forgetting,317,2213,0.07376666666666666
30000,none,1.0,No forgetting,318,1371,0.0457
30000,none,1.0,No forgetting,319,566,0.018866666666666667
30000,none,1.0,No forgetting,320,1004,0.033466666666666665
30000,none,1.0,No forgetting,321,1063,0.03543333333333333
30000,none,1.0,No forgetting,322,541,0.018033333333333332
30000,none,1.0,No forgetting,323,1205,0.04016666666666667
30000,none,1.0,No forgetting,324,1411,0.04703333333333334
30000,none,1.0,No forgetting,325,837,0.0279
30000,none,1.0,No forgetting,326,1466,0.04886666666666667
30000,none,1.0,No forgetting,327,1020,0.034
30000,none,1.0,No forgetting,328,2409,0.0803
30000,none,1.0,No forgetting,329,1532,0.05106666666666667
30000,none,1.0,No forgetting,330,1262,0.04206666666666667
30000,none,1.0,No forgetting,331,1256,0.04186666666666667
30000,none,1.0,No forgetting,332,558,0.0186
30000,none,1.0,No forgetting,333,132,0.0044
30000,none,1.0,No forgetting,334,1952,0.06506666666666666
30000,none,1.0,No forgetting,335,1622,0.054066666666666666
30000,none,1.0,No forgetting,336,1413,0.0471
30000,none,1.0,No forgetting,337,2165,0.07216666666666667
30000,none,1.0,No forgetting,338,1927,0.06423333333333334
30000,none,1.0,No forgetting,339,2127,0.0709
30000,none,1.0,No forgetting,340,1407,0.0469
30000,none,1.0,No forgetting,341,1380,0.046
30000,none,1.0,No forgetting,342,1072,0.03573333333333333
30000,none,1.0,No forgetting,343,742,0.024733333333333333
30000,none,1.0,No forgetting,344,1576,0.052533333333333335
30000,none,1.0,No forgetting,345,1391,0.04636666666666667
30000,none,1.0,No forgetting,346,1408,0.046933333333333334
30000,none,1.0,No forgetting,347,1855,0.06183333333333333
30000,none,1.0,No forgetting,348,1945,0.06483333333333334
30000,none,1.0,No forgetting,349,676,0.022533333333333332
30000,none,1.0,No forgetting,350,1662,0.0554
30000,none,1.0,No forgetting,351,1473,0.0491
30000,none,1.0,No forgetting,352,587,0.019566666666666666
30000,none,1.0,No forgetting,353,1028,0.03426666666666667
30000,none,1.0,No forgetting,354,1835,0.06116666666666667
30000,none,1.0,No forgetting,355,1994,0.06646666666666666
30000,none,1.0,No forgetting,356,1944,0.0648
30000,none,1.0,No forgetting,357,1605,0.0535
30000,none,1.0,No forgetting,358,1857,0.0619
30000,none,1.0,No forgetting,359,1387,0.046233333333333335
30000,none,1.0,No forgetting,360,2019,0.0673
30000,none,1.0,No forgetting,361,1397,0.046566666666666666
30000,none,1.0,No forgetting,362,617,0.020566666666666667
30000,none,1.0,No forgetting,363,2372,0.07906666666666666
30000,none,1.0,No forgetting,364,729,0.0243
30000,none,1.0,No forgetting,365,1792,0.05973333333333333
30000,none,1.0,No forgetting,366,2021,0.06736666666666667
30000,none,1.0,No forgetting,367,1144,0.03813333333333333
30000,none,1.0,No forgetting,368,1507,0.05023333333333333
30000,none,1.0,No forgetting,369,1094,0.03646666666666667
30000,none,1.0,No forgetting,370,1099,0.03663333333333333
30000,none,1.0,No forgetting,371,559,0.01863333333333333
30000,none,1.0,No forgetting,372,724,0.024133333333333333
30000,none,1.0,No forgetting,373,85,0.0028333333333333335
30000,none,1.0,No forgetting,374,874,0.029133333333333334
30000,none,1.0,No forgetting,375,1310,0.043666666666666666
30000,none,1.0,No forgetting,376,1568,0.05226666666666667
30000,none,1.0,No forgetting,377,984,0.0328
30000,none,1.0,No forgetting,378,951,0.0317
30000,none,1.0,No forgetting,379,990,0.033
30000,none,1.0,No forgetting,380,2845,0.09483333333333334
30000,none,1.0,No forgetting,381,1989,0.0663
30000,none,1.0,No forgetting,382,2194,0.07313333333333333
30000,none,1.0,No forgetting,383,1363,0.04543333333333333
30000,none,1.0,No forgetting,384,1573,0.05243333333333333
30000,none,1.0,No forgetting,385,2152,0.07173333333333333
30000,none,1.0,No forgetting,386,1820,0.06066666666666667
30000,none,1.0,No forgetting,387,206,0.006866666666666667
30000,none,1.0,No forgetting,388,1912,0.06373333333333334
30000,none,1.0,No forgetting,389,1632,0.0544
30000,none,1.0,No forgetting,390,2409,0.0803
30000,none,1.0,No forgetting,391,854,0.028466666666666668
30000,none,1.0,No forgetting,392,1728,0.0576
30000,none,1.0,No forgetting,393,1185,0.0395
30000,none,1.0,No forgetting,394,1509,0.0503
30000,none,1.0,No forgetting,395,826,0.027533333333333333
30000,none,1.0,No forgetting,396,1642,0.054733333333333335
30000,none,1.0,No forgetting,397,1128,0.0376
30000,none,1.0,No forgetting,398,1441,0.04803333333333333
30000,none,1.0,No forgetting,399,1222,0.04073333333333334
30000,none,1.0,No forgetting,400,1935,0.0645
30000,none,1.0,No forgetting,401,474,0.0158
30000,none,1.0,No forgetting,402,1940,0.06466666666666666
30000,none,1.0,No forgetting,403,1459,0.048633333333333334
30000,none,1.0,No forgetting,404,637,0.021233333333333333
30000,none,1.0,No forgetting,405,1882,0.06273333333333334
30000,none,1.0,No forgetting,406,1212,0.0404
30000,none,1.0,No forgetting,407,1283,0.04276666666666667
30000,none,1.0,No forgetting,408,971,0.03236666666666667
30000,none,1.0,No forgetting,409,1791,0.0597
30000,none,1.0,No forgetting,410,1514,0.05046666666666667
30000,none,1.0,No forgetting,411,1295,0.043166666666666666
30000,none,1.0,No forgetting,412,1138,0.03793333333333333
30000,none,1.0,No forgetting,413,1450,0.04833333333333333
30000,none,1.0,No forgetting,414,1573,0.05243333333333333
30000,none,1.0,No forgetting,415,1436,0.04786666666666667
30000,none,1.0,No forgetting,416,1693,0.056433333333333335
30000,none,1.0,No forgetting,417,951,0.0317
30000,none,1.0,No forgetting,418,1813,0.06043333333333333
30000,none,1.0,No forgetting,419,1435,0.04783333333333333
30000,none,1.0,No forgetting,420,1605,0.0535
30000,none,1.0,No forgetting,421,2582,0.08606666666666667
30000,none,1.0,No forgetting,422,549,0.0183
30000,none,1.0,No forgetting,423,1896,0.0632
30000,none,1.0,No forgetting,424,785,0.026166666666666668
30000,none,1.0,No forgetting,425,1053,0.0351
30000,none,1.0,No forgetting,426,2136,0.0712
30000,none,1.0,No forgetting,427,1807,0.06023333333333333
30000,none,1.0,No forgetting,428,943,0.031433333333333334
30000,none,1.0,No forgetting,429,650,0.021666666666666667
30000,none,1.0,No forgetting,430,1466,0.04886666666666667
30000,none,1.0,No forgetting,431,1224,0.0408
30000,none,1.0,No forgetting,432,2056,0.06853333333333333
30000,none,1.0,No forgetting,433,238,0.007933333333333334
30000,none,1.0,No forgetting,434,2099,0.06996666666666666
30000,none,1.0,No forgetting,435,1100,0.03666666666666667
30000,none,1.0,No forgetting,436,1006,0.03353333333333333
30000,none,1.0,No forgetting,437,1920,0.064
30000,none,1.0,No forgetting,438,1517,0.05056666666666667
30000,none,1.0,No forgetting,439,2396,0.07986666666666667
30000,none,1.0,No forgetting,440,1676,0.05586666666666667
30000,none,1.0,No forgetting,441,1886,0.06286666666666667
30000,none,1.0,No forgetting,442,900,0.03
30000,none,1.0,No forgetting,443,1638,0.0546
30000,none,1.0,No forgetting,444,1457,0.04856666666666667
30000,none,1.0,No forgetting,445,1147,0.038233333333333334
30000,none,1.0,No forgetting,446,1856,0.06186666666666667
30000,none,1.0,No forgetting,447,1349,0.04496666666666667
30000,none,1.0,No forgetting,448,2494,0.08313333333333334
30000,none,1.0,No forgetting,449,3347,0.11156666666666666
30000,none,1.0,No forgetting,450,1135,0.03783333333333333
30000,none,1.0,No forgetting,451,818,0.027266666666666668
30000,none,1.0,No forgetting,452,709,0.023633333333333333
30000,none,1.0,No forgetting,453,768,0.0256
30000,none,1.0,No forgetting,454,1605,0.0535
30000,none,1.0,No forgetting,455,1325,0.04416666666666667
30000,none,1.0,No forgetting,456,719,0.023966666666666667
30000,none,1.0,No forgetting,457,1395,0.0465
30000,none,1.0,No forgetting,458,1240,0.04133333333333333
30000,none,1.0,No forgetting,459,1658,0.055266666666666665
30000,none,1.0,No forgetting,460,2110,0.07033333333333333
30000,none,1.0,No forgetting,461,1346,0.044866666666666666
30000,none,1.0,No forgetting,462,1563,0.0521
30000,none,1.0,No forgetting,463,641,0.021366666666666666
30000,none,1.0,No forgetting,464,1041,0.0347
30000,none,1.0,No forgetting,465,1848,0.0616
30000,none,1.0,No forgetting,466,2082,0.0694
30000,none,1.0,No forgetting,467,719,0.023966666666666667
30000,none,1.0,No forgetting,468,1568,0.05226666666666667
30000,none,1.0,No forgetting,469,839,0.027966666666666667
30000,none,1.0,No forgetting,470,865,0.028833333333333332
30000,none,1.0,No forgetting,471,2062,0.06873333333333333
30000,none,1.0,No forgetting,472,1366,0.045533333333333335
30000,none,1.0,No forgetting,473,923,0.030766666666666668
30000,none,1.0,No forgetting,474,2444,0.08146666666666667
30000,none,1.0,No forgetting,475,0,0.0
30000,none,1.0,No forgetting,476,1135,0.03783333333333333
30000,none,1.0,No forgetting,477,990,0.033
30000,none,1.0,No forgetting,478,1356,0.0452
30000,none,1.0,No forgetting,479,1401,0.0467
30000,none,1.0,No forgetting,480,1062,0.0354
30000,none,1.0,No forgetting,481,1330,0.044333333333333336
30000,none,1.0,No forgetting,482,1024,0.034133333333333335
30000,none,1.0,No forgetting,483,1634,0.05446666666666666
30000,none,1.0,No forgetting,484,562,0.018733333333333334
30000,none,1.0,No forgetting,485,1126,0.037533333333333335
30000,none,1.0,No forgetting,486,1320,0.044
30000,none,1.0,No forgetting,487,2623,0.08743333333333334
30000,none,1.0,No forgetting,488,1980,0.066
30000,none,1.0,No forgetting,489,345,0.0115
30000,none,1.0,No forgetting,490,1315,0.043833333333333335
30000,none,1.0,No forgetting,491,1844,0.06146666666666667
30000,none,1.0,No forgetting,492,1767,0.0589
30000,none,1.0,No forgetting,493,531,0.0177
30000,none,1.0,No forgetting,494,1266,0.0422
30000,none,1.0,No forgetting,495,2025,0.0675
30000,none,1.0,No forgetting,496,1275,0.0425
30000,none,1.0,No forgetting,497,2572,0.08573333333333333
30000,none,1.0,No forgetting,498,825,0.0275
30000,none,1.0,No forgetting,499,663,0.0221
30000,none,1.0,No forgetting,500,1309,0.043633333333333336
30000,none,1.0,No forgetting,501,1060,0.035333333333333335
30000,none,1.0,No forgetting,502,708,0.0236
30000,none,1.0,No forgetting,503,1785,0.0595
30000,none,1.0,No forgetting,504,902,0.030066666666666665
30000,none,1.0,No forgetting,505,1388,0.046266666666666664
30000,none,1.0,No forgetting,506,2490,0.083
30000,none,1.0,No forgetting,507,2089,0.06963333333333334
30000,none,1.0,No forgetting,508,536,0.017866666666666666
30000,none,1.0,No forgetting,509,1551,0.0517
30000,none,1.0,No forgetting,510,2171,0.07236666666666666
30000,none,1.0,No forgetting,511,1451,0.04836666666666667
30000,none,1.0,No forgetting,512,1159,0.03863333333333333
30000,none,1.0,No forgetting,513,2012,0.06706666666666666
30000,none,1.0,No forgetting,514,699,0.0233
30000,none,1.0,No forgetting,515,1005,0.0335
30000,none,1.0,No forgetting,516,648,0.0216
30000,none,1.0,No forgetting,517,1062,0.0354
30000,none,1.0,No forgetting,518,2962,0.09873333333333334
30000,none,1.0,No forgetting,519,175,0.005833333333333334
30000,none,1.0,No forgetting,520,793,0.026433333333333333
30000,none,1.0,No forgetting,521,2064,0.0688
30000,none,1.0,No forgetting,522,1543,0.05143333333333333
30000,none,1.0,No forgetting,523,57,0.0019
30000,none,1.0,No forgetting,524,1161,0.0387
30000,none,1.0,No forgetting,525,814,0.027133333333333332
30000,none,1.0,No forgetting,526,2143,0.07143333333333333
30000,none,1.0,No forgetting,527,1709,0.056966666666666665
30000,none,1.0,No forgetting,528,2128,0.07093333333333333
30000,none,1.0,No forgetting,529,1795,0.059833333333333336
30000,none,1.0,No forgetting,530,794,0.026466666666666666
30000,none,1.0,No forgetting,531,2593,0.08643333333333333
30000,none,1.0,No forgetting,532,1296,0.0432
30000,none,1.0,No forgetting,533,1894,0.06313333333333333
30000,none,1.0,No forgetting,534,1053,0.0351
30000,none,1.0,No forgetting,535,1127,0.037566666666666665
30000,none,1.0,No forgetting,536,723,0.0241
30000,none,1.0,No forgetting,537,373,0.012433333333333333
30000,none,1.0,No forgetting,538,2145,0.0715
30000,none,1.0,No forgetting,539,1514,0.05046666666666667
30000,none,1.0,No forgetting,540,898,0.029933333333333333
30000,none,1.0,No forgetting,541,1058,0.03526666666666667
30000,none,1.0,No forgetting,542,2251,0.07503333333333333
30000,none,1.0,No forgetting,543,708,0.0236
30000,none,1.0,No forgetting,544,1793,0.05976666666666667
30000,none,1.0,No forgetting,545,2471,0.08236666666666667
30000,none,1.0,No forgetting,546,203,0.0067666666666666665
30000,none,1.0,No forgetting,547,988,0.032933333333333335
30000,none,1.0,No forgetting,548,1055,0.035166666666666666
30000,none,1.0,No forgetting,549,1720,0.05733333333333333
30000,none,1.0,No forgetting,550,1502,0.05006666666666667
30000,none,1.0,No forgetting,551,2051,0.06836666666666667
30000,none,1.0,No forgetting,552,952,0.031733333333333336
30000,none,1.0,No forgetting,553,1415,0.04716666666666667
30000,none,1.0,No forgetting,554,2565,0.0855
30000,none,1.0,No forgetting,555,593,0.019766666666666665
30000,none,1.0,No forgetting,556,1832,0.061066666666666665
30000,none,1.0,No forgetting,557,1061,0.035366666666666664
30000,none,1.0,No forgetting,558,992,0.03306666666666667
30000,none,1.0,No forgetting,559,749,0.024966666666666668
30000,none,1.0,No forgetting,560,1117,0.037233333333333334
30000,none,1.0,No forgetting,561,1286,0.042866666666666664
30000,none,1.0,No forgetting,562,1095,0.0365
30000,none,1.0,No forgetting,563,658,0.021933333333333332
30000,none,1.0,No forgetting,564,1455,0.0485
30000,none,1.0,No forgetting,565,562,0.018733333333333334
30000,none,1.0,No forgetting,566,2229,0.0743
30000,none,1.0,No forgetting,567,947,0.031566666666666666
30000,none,1.0,No forgetting,568,998,0.03326666666666667
30000,none,1.0,No forgetting,569,1398,0.0466
30000,none,1.0,No forgetting,570,100,0.0033333333333333335
30000,none,1.0,No forgetting,571,1193,0.039766666666666665
30000,none,1.0,No forgetting,572,643,0.021433333333333332
30000,none,1.0,No forgetting,573,930,0.031
30000,none,1.0,No forgetting,574,2110,0.07033333333333333
30000,none,1.0,No forgetting,575,1172,0.039066666666666666
30000,none,1.0,No forgetting,576,2667,0.0889
30000,none,1.0,No forgetting,577,606,0.0202
30000,none,1.0,No forgetting,578,533,0.017766666666666667
30000,none,1.0,No forgetting,579,1275,0.0425
30000,none,1.0,No forgetting,580,752,0.025066666666666668
30000,none,1.0,No forgetting,581,1388,0.046266666666666664
30000,none,1.0,No forgetting,582,843,0.0281
30000,none,1.0,No forgetting,583,2642,0.08806666666666667
30000,none,1.0,No forgetting,584,703,0.023433333333333334
30000,none,1.0,No forgetting,585,1598,0.053266666666666664
30000,none,1.0,No forgetting,586,765,0.0255
30000,none,1.0,No forgetting,587,1689,0.0563
30000,none,1.0,No forgetting,588,1147,0.038233333333333334
30000,none,1.0,No forgetting,589,1732,0.05773333333333333
30000,none,1.0,No forgetting,590,1471,0.04903333333333333
30000,none,1.0,No forgetting,591,2376,0.0792
30000,none,1.0,No forgetting,592,1302,0.0434
30000,none,1.0,No forgetting,593,2134,0.07113333333333334
30000,none,1.0,No forgetting,594,1362,0.0454
30000,none,1.0,No forgetting,595,1100,0.03666666666666667
30000,none,1.0,No forgetting,596,1556,0.051866666666666665
30000,none,1.0,No forgetting,597,489,0.0163
30000,none,1.0,No forgetting,598,801,0.0267
30000,none,1.0,No forgetting,599,844,0.028133333333333333
30000,none,1.0,No forgetting,600,704,0.023466666666666667
30000,none,1.0,No forgetting,601,1551,0.0517
30000,none,1.0,No forgetting,602,1517,0.05056666666666667
30000,none,1.0,No forgetting,603,1255,0.041833333333333333
30000,none,1.0,No forgetting,604,989,0.032966666666666665
30000,none,1.0,No forgetting,605,2410,0.08033333333333334
30000,none,1.0,No forgetting,606,1346,0.044866666666666666
30000,none,1.0,No forgetting,607,1425,0.0475
30000,none,1.0,No forgetting,608,656,0.021866666666666666
30000,none,1.0,No forgetting,609,1721,0.05736666666666667
30000,none,1.0,No forgetting,610,2813,0.09376666666666666
30000,none,1.0,No forgetting,611,1525,0.050833333333333335
30000,none,1.0,No forgetting,612,864,0.0288
30000,none,1.0,No forgetting,613,1125,0.0375
30000,none,1.0,No forgetting,614,2491,0.08303333333333333
30000,none,1.0,No forgetting,615,1304,0.04346666666666667
30000,none,1.0,No forgetting,616,943,0.031433333333333334
30000,none,1.0,No forgetting,617,2245,0.07483333333333334
30000,none,1.0,No forgetting,618,1844,0.06146666666666667
30000,none,1.0,No forgetting,619,1418,0.047266666666666665
30000,none,1.0,No forgetting,620,1478,0.04926666666666667
30000,none,1.0,No forgetting,621,1019,0.033966666666666666
30000,none,1.0,No forgetting,622,2975,0.09916666666666667
30000,none,1.0,No forgetting,623,1647,0.0549
30000,none,1.0,No forgetting,624,2181,0.0727
30000,none,1.0,No forgetting,625,1917,0.0639
30000,none,1.0,No forgetting,626,1138,0.03793333333333333
30000,none,1.0,No forgetting,627,1981,0.06603333333333333
30000,none,1.0,No forgetting,628,1319,0.04396666666666667
30000,none,1.0,No forgetting,629,1014,0.0338
30000,none,1.0,No forgetting,630,1752,0.0584
30000,none,1.0,No forgetting,631,1147,0.038233333333333334
30000,none,1.0,No forgetting,632,730,0.024333333333333332
30000,none,1.0,No forgetting,633,1794,0.0598
30000,none,1.0,No forgetting,634,1195,0.03983333333333333
30000,none,1.0,No forgetting,635,960,0.032
30000,none,1.0,No forgetting,636,1298,0.04326666666666667
30000,none,1.0,No forgetting,637,1677,0.0559
30000,none,1.0,No forgetting,638,1782,0.0594
30000,none,1.0,No forgetting,639,1979,0.06596666666666667
30000,none,1.0,No forgetting,640,1255,0.041833333333333333
30000,none,1.0,No forgetting,641,1690,0.05633333333333333
30000,none,1.0,No forgetting,642,915,0.0305
30000,none,1.0,No forgetting,643,1212,0.0404
30000,none,1.0,No forgetting,644,963,0.0321
30000,none,1.0,No forgetting,645,2063,0.06876666666666667
30000,none,1.0,No forgetting,646,671,0.022366666666666667
30000,none,1.0,No forgetting,647,2027,0.06756666666666666
30000,none,1.0,No forgetting,648,1263,0.0421
30000,none,1.0,No forgetting,649,1822,0.060733333333333334
30000,none,1.0,No forgetting,650,1874,0.06246666666666666
30000,none,1.0,No forgetting,651,1511,0.050366666666666664
30000,none,1.0,No forgetting,652,826,0.027533333333333333
30000,none,1.0,No forgetting,653,1892,0.06306666666666666
30000,none,1.0,No forgetting,654,2044,0.06813333333333334
30000,none,1.0,No forgetting,655,513,0.0171
30000,none,1.0,No forgetting,656,855,0.0285
30000,none,1.0,No forgetting,657,775,0.025833333333333333
30000,none,1.0,No forgetting,658,718,0.023933333333333334
30000,none,1.0,No forgetting,659,1174,0.03913333333333333
30000,none,1.0,No forgetting,660,1286,0.042866666666666664
30000,none,1.0,No forgetting,661,1718,0.05726666666666667
30000,none,1.0,No forgetting,662,2208,0.0736
30000,none,1.0,No forgetting,663,156,0.0052
30000,none,1.0,No forgetting,664,1458,0.0486
30000,none,1.0,No forgetting,665,977,0.03256666666666667
30000,none,1.0,No forgetting,666,2366,0.07886666666666667
30000,none,1.0,No forgetting,667,2628,0.0876
30000,none,1.0,No forgetting,668,260,0.008666666666666666
30000,none,1.0,No forgetting,669,1938,0.0646
30000,none,1.0,No forgetting,670,1148,0.038266666666666664
30000,none,1.0,No forgetting,671,493,0.016433333333333335
30000,none,1.0,No forgetting,672,1609,0.05363333333333333
30000,none,1.0,No forgetting,673,2026,0.06753333333333333
30000,none,1.0,No forgetting,674,786,0.0262
30000,none,1.0,No forgetting,675,2034,0.0678
30000,none,1.0,No forgetting,676,216,0.0072
30000,none,1.0,No forgetting,677,1587,0.0529
30000,none,1.0,No forgetting,678,913,0.030433333333333333
30000,none,1.0,No forgetting,679,261,0.0087
30000,none,1.0,No forgetting,680,1812,0.0604
30000,none,1.0,No forgetting,681,581,0.019366666666666667
30000,none,1.0,No forgetting,682,1639,0.05463333333333333
30000,none,1.0,No forgetting,683,1111,0.037033333333333335
30000,none,1.0,No forgetting,684,803,0.026766666666666668
30000,none,1.0,No forgetting,685,1896,0.0632
30000,none,1.0,No forgetting,686,1462,0.04873333333333333
30000,none,1.0,No forgetting,687,2241,0.0747
30000,none,1.0,No forgetting,688,1014,0.0338
30000,none,1.0,No forgetting,689,1160,0.03866666666666667
30000,none,1.0,No forgetting,690,812,0.027066666666666666
30000,none,1.0,No forgetting,691,1293,0.0431
30000,none,1.0,No forgetting,692,1810,0.060333333333333336
30000,none,1.0,No forgetting,693,578,0.019266666666666668
30000,none,1.0,No forgetting,694,1022,0.03406666666666667
30000,none,1.0,No forgetting,695,1054,0.035133333333333336
30000,none,1.0,No forgetting,696,2893,0.09643333333333333
30000,none,1.0,No forgetting,697,965,0.03216666666666667
30000,none,1.0,No forgetting,698,415,0.013833333333333333
30000,none,1.0,No forgetting,699,1611,0.0537
30000,none,1.0,No forgetting,700,880,0.029333333333333333
30000,none,1.0,No forgetting,701,2162,0.07206666666666667
30000,none,1.0,No forgetting,702,1277,0.04256666666666667
30000,none,1.0,No forgetting,703,1300,0.043333333333333335
30000,none,1.0,No forgetting,704,1401,0.0467
30000,none,1.0,No forgetting,705,1124,0.03746666666666667
30000,none,1.0,No forgetting,706,278,0.009266666666666666
30000,none,1.0,No forgetting,707,847,0.028233333333333333
30000,none,1.0,No forgetting,708,1038,0.0346
30000,none,1.0,No forgetting,709,848,0.028266666666666666
30000,none,1.0,No forgetting,710,966,0.0322
30000,none,1.0,No forgetting,711,1246,0.04153333333333333
30000,none,1.0,No forgetting,712,625,0.020833333333333332
30000,none,1.0,No forgetting,713,1713,0.0571
30000,none,1.0,No forgetting,714,924,0.0308
30000,none,1.0,No forgetting,715,999,0.0333
30000,none,1.0,No forgetting,716,1617,0.0539
30000,none,1.0,No forgetting,717,1496,0.04986666666666666
30000,none,1.0,No forgetting,718,501,0.0167
30000,none,1.0,No forgetting,719,602,0.020066666666666667
30000,none,1.0,No forgetting,720,2011,0.06703333333333333
30000,none,1.0,No forgetting,721,667,0.022233333333333334
30000,none,1.0,No forgetting,722,1411,0.04703333333333334
30000,none,1.0,No forgetting,723,1686,0.0562
30000,none,1.0,No forgetting,724,598,0.019933333333333334
30000,none,1.0,No forgetting,725,1385,0.04616666666666667
30000,none,1.0,No forgetting,726,1573,0.05243333333333333
30000,none,1.0,No forgetting,727,3117,0.1039
30000,none,1.0,No forgetting,728,1842,0.0614
30000,none,1.0,No forgetting,729,1697,0.05656666666666667
30000,none,1.0,No forgetting,730,1416,0.0472
30000,none,1.0,No forgetting,731,264,0.0088
30000,none,1.0,No forgetting,732,1182,0.0394
30000,none,1.0,No forgetting,733,2300,0.07666666666666666
30000,none,1.0,No forgetting,734,275,0.009166666666666667
30000,none,1.0,No forgetting,735,1005,0.0335
30000,none,1.0,No forgetting,736,672,0.0224
30000,none,1.0,No forgetting,737,650,0.021666666666666667
30000,none,1.0,No forgetting,738,1962,0.0654
30000,none,1.0,No forgetting,739,2192,0.07306666666666667
30000,none,1.0,No forgetting,740,709,0.023633333333333333
30000,none,1.0,No forgetting,741,1414,0.04713333333333333
30000,none,1.0,No forgetting,742,1834,0.06113333333333333
30000,none,1.0,No forgetting,743,1223,0.040766666666666666
30000,none,1.0,No forgetting,744,1009,0.033633333333333335
30000,none,1.0,No forgetting,745,1209,0.0403
30000,none,1.0,No forgetting,746,1387,0.046233333333333335
30000,none,1.0,No forgetting,747,483,0.0161
30000,none,1.0,No forgetting,748,1569,0.0523
30000,none,1.0,No forgetting,749,1220,0.04066666666666666
30000,none,1.0,No forgetting,750,1300,0.043333333333333335
30000,none,1.0,No forgetting,751,514,0.017133333333333334
30000,none,1.0,No forgetting,752,719,0.023966666666666667
30000,none,1.0,No forgetting,753,1651,0.05503333333333333
30000,none,1.0,No forgetting,754,2281,0.07603333333333333
30000,none,1.0,No forgetting,755,1245,0.0415
30000,none,1.0,No forgetting,756,1392,0.0464
30000,none,1.0,No forgetting,757,821,0.027366666666666668
30000,none,1.0,No forgetting,758,1244,0.041466666666666666
30000,none,1.0,No forgetting,759,900,0.03
30000,none,1.0,No forgetting,760,1988,0.06626666666666667
30000,none,1.0,No forgetting,761,1263,0.0421
30000,none,1.0,No forgetting,762,886,0.029533333333333335
30000,none,1.0,No forgetting,763,1676,0.05586666666666667
30000,none,1.0,No forgetting,764,1412,0.047066666666666666
30000,none,1.0,No forgetting,765,2050,0.06833333333333333
30000,none,1.0,No forgetting,766,638,0.021266666666666666
30000,none,1.0,No forgetting,767,1451,0.04836666666666667
30000,none,1.0,No forgetting,768,1552,0.05173333333333333
30000,none,1.0,No forgetting,769,744,0.0248
30000,none,1.0,No forgetting,770,1761,0.0587
30000,none,1.0,No forgetting,771,1743,0.0581
30000,none,1.0,No forgetting,772,797,0.026566666666666666
30000,none,1.0,No forgetting,773,1128,0.0376
30000,none,1.0,No forgetting,774,613,0.020433333333333335
30000,none,1.0,No forgetting,775,1597,0.053233333333333334
30000,none,1.0,No forgetting,776,1273,0.04243333333333334
30000,none,1.0,No forgetting,777,634,0.021133333333333334
30000,none,1.0,No forgetting,778,902,0.030066666666666665
30000,none,1.0,No forgetting,779,958,0.031933333333333334
30000,none,1.0,No forgetting,780,2269,0.07563333333333333
30000,none,1.0,No forgetting,781,1618,0.05393333333333333
30000,none,1.0,No forgetting,782,180,0.006
30000,none,1.0,No forgetting,783,802,0.026733333333333335
30000,none,1.0,No forgetting,784,1105,0.036833333333333336
30000,none,1.0,No forgetting,785,2534,0.08446666666666666
30000,none,1.0,No forgetting,786,1047,0.0349
30000,none,1.0,No forgetting,787,1163,0.038766666666666665
30000,none,1.0,No forgetting,788,1704,0.0568
30000,none,1.0,No forgetting,789,1024,0.034133333333333335
30000,none,1.0,No forgetting,790,1311,0.0437
30000,none,1.0,No forgetting,791,937,0.03123333333333333
30000,none,1.0,No forgetting,792,1472,0.04906666666666667
30000,none,1.0,No forgetting,793,697,0.023233333333333335
30000,none,1.0,No forgetting,794,2264,0.07546666666666667
30000,none,1.0,No forgetting,795,2492,0.08306666666666666
30000,none,1.0,No forgetting,796,1002,0.0334
30000,none,1.0,No forgetting,797,1409,0.046966666666666664
30000,none,1.0,No forgetting,798,1329,0.0443
30000,none,1.0,No forgetting,799,1665,0.0555
30000,none,1.0,No forgetting,800,893,0.029766666666666667
30000,none,1.0,No forgetting,801,3072,0.1024
30000,none,1.0,No forgetting,802,1618,0.05393333333333333
30000,none,1.0,No forgetting,803,748,0.02493333333333333
30000,none,1.0,No forgetting,804,1219,0.040633333333333334
30000,none,1.0,No forgetting,805,433,0.014433333333333333
30000,none,1.0,No forgetting,806,596,0.019866666666666668
30000,none,1.0,No forgetting,807,3318,0.1106
30000,none,1.0,No forgetting,808,374,0.012466666666666666
30000,none,1.0,No forgetting,809,1930,0.06433333333333334
30000,none,1.0,No forgetting,810,1964,0.06546666666666667
30000,none,1.0,No forgetting,811,1191,0.0397
30000,none,1.0,No forgetting,812,1759,0.058633333333333336
30000,none,1.0,No forgetting,813,1106,0.036866666666666666
30000,none,1.0,No forgetting,814,903,0.0301
30000,none,1.0,No forgetting,815,784,0.026133333333333335
30000,none,1.0,No forgetting,816,1347,0.0449
30000,none,1.0,No forgetting,817,2499,0.0833
30000,none,1.0,No forgetting,818,2998,0.09993333333333333
30000,none,1.0,No forgetting,819,1765,0.058833333333333335
30000,none,1.0,No forgetting,820,2124,0.0708
30000,none,1.0,No forgetting,821,2071,0.06903333333333334
30000,none,1.0,No forgetting,822,716,0.023866666666666668
30000,none,1.0,No forgetting,823,669,0.0223
30000,none,1.0,No forgetting,824,1737,0.0579
30000,none,1.0,No forgetting,825,833,0.027766666666666665
30000,none,1.0,No forgetting,826,1569,0.0523
30000,none,1.0,No forgetting,827,2066,0.06886666666666667
30000,none,1.0,No forgetting,828,722,0.024066666666666667
30000,none,1.0,No forgetting,829,1281,0.0427
30000,none,1.0,No forgetting,830,1529,0.05096666666666667
30000,none,1.0,No forgetting,831,1636,0.054533333333333336
30000,none,1.0,No forgetting,832,710,0.023666666666666666
30000,none,1.0,No forgetting,833,754,0.025133333333333334
30000,none,1.0,No forgetting,834,1122,0.0374
30000,none,1.0,No forgetting,835,1663,0.055433333333333334
30000,none,1.0,No forgetting,836,1701,0.0567
30000,none,1.0,No forgetting,837,2482,0.08273333333333334
30000,none,1.0,No forgetting,838,1840,0.06133333333333333
30000,none,1.0,No forgetting,839,1045,0.034833333333333334
30000,none,1.0,No forgetting,840,2359,0.07863333333333333
30000,none,1.0,No forgetting,841,2141,0.07136666666666666
30000,none,1.0,No forgetting,842,243,0.0081
30000,none,1.0,No forgetting,843,1984,0.06613333333333334
30000,none,1.0,No forgetting,844,2003,0.06676666666666667
30000,none,1.0,No forgetting,845,1361,0.045366666666666666
30000,none,1.0,No forgetting,846,2333,0.07776666666666666
30000,none,1.0,No forgetting,847,1115,0.03716666666666667
30000,none,1.0,No forgetting,848,813,0.0271
30000,none,1.0,No forgetting,849,492,0.0164
30000,none,1.0,No forgetting,850,1519,0.050633333333333336
30000,none,1.0,No forgetting,851,1938,0.0646
30000,none,1.0,No forgetting,852,1604,0.05346666666666667
30000,none,1.0,No forgetting,853,1070,0.035666666666666666
30000,none,1.0,No forgetting,854,1802,0.060066666666666664
30000,none,1.0,No forgetting,855,1299,0.0433
30000,none,1.0,No forgetting,856,953,0.031766666666666665
30000,none,1.0,No forgetting,857,1819,0.06063333333333333
30000,none,1.0,No forgetting,858,849,0.0283
30000,none,1.0,No forgetting,859,781,0.026033333333333332
30000,none,1.0,No forgetting,860,1017,0.0339
30000,none,1.0,No forgetting,861,2125,0.07083333333333333
30000,none,1.0,No forgetting,862,2330,0.07766666666666666
30000,none,1.0,No forgetting,863,1860,0.062
30000,none,1.0,No forgetting,864,2110,0.07033333333333333
30000,none,1.0,No forgetting,865,949,0.03163333333333333
30000,none,1.0,No forgetting,866,963,0.0321
30000,none,1.0,No forgetting,867,1028,0.03426666666666667
30000,none,1.0,No forgetting,868,818,0.027266666666666668
30000,none,1.0,No forgetting,869,1975,0.06583333333333333
30000,none,1.0,No forgetting,870,1885,0.06283333333333334
30000,none,1.0,No forgetting,871,1415,0.04716666666666667
30000,none,1.0,No forgetting,872,1452,0.0484
30000,none,1.0,No forgetting,873,2354,0.07846666666666667
30000,none,1.0,No forgetting,874,948,0.0316
30000,none,1.0,No forgetting,875,986,0.03286666666666667
30000,none,1.0,No forgetting,876,714,0.0238
30000,none,1.0,No forgetting,877,861,0.0287
30000,none,1.0,No forgetting,878,905,0.030166666666666668
30000,none,1.0,No forgetting,879,1796,0.059866666666666665
30000,none,1.0,No forgetting,880,1804,0.06013333333333333
30000,none,1.0,No forgetting,881,993,0.0331
30000,none,1.0,No forgetting,882,1533,0.0511
30000,none,1.0,No forgetting,883,898,0.029933333333333333
30000,none,1.0,No forgetting,884,2011,0.06703333333333333
30000,none,1.0,No forgetting,885,979,0.032633333333333334
30000,none,1.0,No forgetting,886,729,0.0243
30000,none,1.0,No forgetting,887,1704,0.0568
30000,none,1.0,No forgetting,888,515,0.017166666666666667
30000,none,1.0,No forgetting,889,501,0.0167
30000,none,1.0,No forgetting,890,2299,0.07663333333333333
30000,none,1.0,No forgetting,891,431,0.014366666666666666
30000,none,1.0,No forgetting,892,913,0.030433333333333333
30000,none,1.0,No forgetting,893,971,0.03236666666666667
30000,none,1.0,No forgetting,894,1200,0.04
30000,none,1.0,No forgetting,895,1759,0.058633333333333336
30000,none,1.0,No forgetting,896,487,0.016233333333333332
30000,none,1.0,No forgetting,897,2061,0.0687
30000,none,1.0,No forgetting,898,1550,0.051666666666666666
30000,none,1.0,No forgetting,899,1096,0.036533333333333334
30000,none,1.0,No forgetting,900,918,0.0306
30000,none,1.0,No forgetting,901,2977,0.09923333333333334
30000,none,1.0,No forgetting,902,1266,0.0422
30000,none,1.0,No forgetting,903,666,0.0222
30000,none,1.0,No forgetting,904,1182,0.0394
30000,none,1.0,No forgetting,905,883,0.029433333333333332
30000,none,1.0,No forgetting,906,838,0.027933333333333334
30000,none,1.0,No forgetting,907,1845,0.0615
30000,none,1.0,No forgetting,908,741,0.0247
30000,none,1.0,No forgetting,909,497,0.016566666666666667
30000,none,1.0,No forgetting,910,753,0.0251
30000,none,1.0,No forgetting,911,1624,0.05413333333333333
30000,none,1.0,No forgetting,912,1954,0.06513333333333333
30000,none,1.0,No forgetting,913,1638,0.0546
30000,none,1.0,No forgetting,914,1049,0.03496666666666667
30000,none,1.0,No forgetting,915,1321,0.044033333333333334
30000,none,1.0,No forgetting,916,589,0.019633333333333332
30000,none,1.0,No forgetting,917,2271,0.0757
30000,none,1.0,No forgetting,918,428,0.014266666666666667
30000,none,1.0,No forgetting,919,1753,0.05843333333333333
30000,none,1.0,No forgetting,920,1643,0.054766666666666665
30000,none,1.0,No forgetting,921,3456,0.1152
30000,none,1.0,No forgetting,922,1573,0.05243333333333333
30000,none,1.0,No forgetting,923,1357,0.045233333333333334
30000,none,1.0,No forgetting,924,1736,0.057866666666666663
30000,none,1.0,No forgetting,925,537,0.0179
30000,none,1.0,No forgetting,926,431,0.014366666666666666
30000,none,1.0,No forgetting,927,1659,0.0553
30000,none,1.0,No forgetting,928,1354,0.04513333333333333
30000,none,1.0,No forgetting,929,1555,0.051833333333333335
30000,none,1.0,No forgetting,930,859,0.028633333333333334
30000,none,1.0,No forgetting,931,1806,0.0602
30000,none,1.0,No forgetting,932,678,0.0226
30000,none,1.0,No forgetting,933,1639,0.05463333333333333
30000,none,1.0,No forgetting,934,529,0.017633333333333334
30000,none,1.0,No forgetting,935,1757,0.05856666666666667
30000,none,1.0,No forgetting,936,1129,0.03763333333333333
30000,none,1.0,No forgetting,937,1536,0.0512
30000,none,1.0,No forgetting,938,937,0.03123333333333333
30000,none,1.0,No forgetting,939,1466,0.04886666666666667
30000,none,1.0,No forgetting,940,1462,0.04873333333333333
30000,none,1.0,No forgetting,941,1072,0.03573333333333333
30000,none,1.0,No forgetting,942,828,0.0276
30000,none,1.0,No forgetting,943,1317,0.0439
30000,none,1.0,No forgetting,944,992,0.03306666666666667
30000,none,1.0,No forgetting,945,1407,0.0469
30000,none,1.0,No forgetting,946,2443,0.08143333333333333
30000,none,1.0,No forgetting,947,1678,0.055933333333333335
30000,none,1.0,No forgetting,948,1528,0.05093333333333333
30000,none,1.0,No forgetting,949,1753,0.05843333333333333
30000,none,1.0,No forgetting,950,1224,0.0408
30000,none,1.0,No forgetting,951,2176,0.07253333333333334
30000,none,1.0,No forgetting,952,1186,0.03953333333333333
30000,none,1.0,No forgetting,953,1437,0.0479
30000,none,1.0,No forgetting,954,467,0.015566666666666666
30000,none,1.0,No forgetting,955,794,0.026466666666666666
30000,none,1.0,No forgetting,956,1429,0.04763333333333333
30000,none,1.0,No forgetting,957,1450,0.04833333333333333
30000,none,1.0,No forgetting,958,1959,0.0653
30000,none,1.0,No forgetting,959,1764,0.0588
30000,none,1.0,No forgetting,960,1176,0.0392
30000,none,1.0,No forgetting,961,2626,0.08753333333333334
30000,none,1.0,No forgetting,962,2240,0.07466666666666667
30000,none,1.0,No forgetting,963,754,0.025133333333333334
30000,none,1.0,No forgetting,964,2042,0.06806666666666666
30000,none,1.0,No forgetting,965,1157,0.038566666666666666
30000,none,1.0,No forgetting,966,1164,0.0388
30000,none,1.0,No forgetting,967,1243,0.041433333333333336
30000,none,1.0,No forgetting,968,1414,0.04713333333333333
30000,none,1.0,No forgetting,969,1413,0.0471
30000,none,1.0,No forgetting,970,597,0.0199
30000,none,1.0,No forgetting,971,1795,0.059833333333333336
30000,none,1.0,No forgetting,972,497,0.016566666666666667
30000,none,1.0,No forgetting,973,319,0.010633333333333333
30000,none,1.0,No forgetting,974,2001,0.0667
30000,none,1.0,No forgetting,975,1509,0.0503
30000,none,1.0,No forgetting,976,1477,0.04923333333333333
30000,none,1.0,No forgetting,977,1152,0.0384
30000,none,1.0,No forgetting,978,1457,0.04856666666666667
30000,none,1.0,No forgetting,979,2382,0.0794
30000,none,1.0,No forgetting,980,2709,0.0903
30000,none,1.0,No forgetting,981,1323,0.0441
30000,none,1.0,No forgetting,982,1277,0.04256666666666667
30000,none,1.0,No forgetting,983,490,0.01633333333333333
30000,none,1.0,No forgetting,984,1357,0.045233333333333334
30000,none,1.0,No forgetting,985,1534,0.051133333333333336
30000,none,1.0,No forgetting,986,1727,0.05756666666666667
30000,none,1.0,No forgetting,987,2004,0.0668
30000,none,1.0,No forgetting,988,1339,0.04463333333333333
30000,none,1.0,No forgetting,989,1029,0.0343
30000,none,1.0,No forgetting,990,1569,0.0523
30000,none,1.0,No forgetting,991,1004,0.033466666666666665
30000,none,1.0,No forgetting,992,1482,0.0494
30000,none,1.0,No forgetting,993,1072,0.03573333333333333
30000,none,1.0,No forgetting,994,970,0.03233333333333333
30000,none,1.0,No forgetting,995,1548,0.0516
30000,none,1.0,No forgetting,996,1515,0.0505
30000,none,1.0,No forgetting,997,1041,0.0347
30000,none,1.0,No forgetting,998,1412,0.047066666666666666
30000,none,1.0,No forgetting,999,2410,0.08033333333333334
100000,adaptive,,Adaptive,0,241,0.00241
100000,adaptive,,Adaptive,1,207,0.00207
100000,adaptive,,Adaptive,2,0,0.0
100000,adaptive,,Adaptive,3,201,0.00201
100000,adaptive,,Adaptive,4,116,0.00116
100000,adaptive,,Adaptive,5,284,0.00284
100000,adaptive,,Adaptive,6,393,0.00393
100000,adaptive,,Adaptive,7,183,0.00183
100000,adaptive,,Adaptive,8,134,0.00134
100000,adaptive,,Adaptive,9,207,0.00207
100000,adaptive,,Adaptive,10,253,0.00253
100000,adaptive,,Adaptive,11,179,0.00179
100000,adaptive,,Adaptive,12,137,0.00137
100000,adaptive,,Adaptive,13,254,0.00254
100000,adaptive,,Adaptive,14,163,0.00163
100000,adaptive,,Adaptive,15,274,0.00274
100000,adaptive,,Adaptive,16,229,0.00229
100000,adaptive,,Adaptive,17,273,0.00273
100000,adaptive,,Adaptive,18,181,0.00181
100000,adaptive,,Adaptive,19,223,0.00223
100000,adaptive,,Adaptive,20,205,0.00205
100000,adaptive,,Adaptive,21,251,0.00251
100000,adaptive,,Adaptive,22,136,0.00136
100000,adaptive,,Adaptive,23,366,0.00366
100000,adaptive,,Adaptive,24,97,0.00097
100000,adaptive,,Adaptive,25,230,0.0023
100000,adaptive,,Adaptive,26,124,0.00124
100000,adaptive,,Adaptive,27,208,0.00208
100000,adaptive,,Adaptive,28,179,0.00179
100000,adaptive,,Adaptive,29,131,0.00131
100000,adaptive,,Adaptive,30,165,0.00165
100000,adaptive,,Adaptive,31,382,0.00382
100000,adaptive,,Adaptive,32,238,0.00238
100000,adaptive,,Adaptive,33,270,0.0027
100000,adaptive,,Adaptive,34,243,0.00243
100000,adaptive,,Adaptive,35,193,0.00193
100000,adaptive,,Adaptive,36,203,0.00203
100000,adaptive,,Adaptive,37,108,0.00108
100000,adaptive,,Adaptive,38,85,0.00085
100000,adaptive,,Adaptive,39,226,0.00226
100000,adaptive,,Adaptive,40,271,0.00271
100000,adaptive,,Adaptive,41,250,0.0025
100000,adaptive,,Adaptive,42,185,0.00185
100000,adaptive,,Adaptive,43,272,0.00272
100000,adaptive,,Adaptive,44,320,0.0032
100000,adaptive,,Adaptive,45,343,0.00343
100000,adaptive,,Adaptive,46,298,0.00298
100000,adaptive,,Adaptive,47,73,0.00073
100000,adaptive,,Adaptive,48,147,0.00147
100000,adaptive,,Adaptive,49,287,0.00287
100000,adaptive,,Adaptive,50,177,0.00177
100000,adaptive,,Adaptive,51,283,0.00283
100000,adaptive,,Adaptive,52,38,0.00038
100000,adaptive,,Adaptive,53,379,0.00379
100000,adaptive,,Adaptive,54,142,0.00142
100000,adaptive,,Adaptive,55,287,0.00287
100000,adaptive,,Adaptive,56,83,0.00083
100000,adaptive,,Adaptive,57,145,0.00145
100000,adaptive,,Adaptive,58,221,0.00221
100000,adaptive,,Adaptive,59,204,0.00204
100000,adaptive,,Adaptive,60,128,0.00128
100000,adaptive,,Adaptive,61,275,0.00275
100000,adaptive,,Adaptive,62,319,0.00319
100000,adaptive,,Adaptive,63,218,0.00218
100000,adaptive,,Adaptive,64,71,0.00071
100000,adaptive,,Adaptive,65,129,0.00129
100000,adaptive,,Adaptive,66,257,0.00257
100000,adaptive,,Adaptive,67,220,0.0022
100000,adaptive,,Adaptive,68,158,0.00158
100000,adaptive,,Adaptive,69,292,0.00292
100000,adaptive,,Adaptive,70,165,0.00165
100000,adaptive,,Adaptive,71,259,0.00259
100000,adaptive,,Adaptive,72,145,0.00145
100000,adaptive,,Adaptive,73,159,0.00159
100000,adaptive,,Adaptive,74,288,0.00288
100000,adaptive,,Adaptive,75,77,0.00077
100000,adaptive,,Adaptive,76,280,0.0028
100000,adaptive,,Adaptive,77,130,0.0013
100000,adaptive,,Adaptive,78,264,0.00264
100000,adaptive,,Adaptive,79,81,0.00081
100000,adaptive,,Adaptive,80,211,0.00211
100000,adaptive,,Adaptive,81,206,0.00206
100000,adaptive,,Adaptive,82,148,0.00148
100000,adaptive,,Adaptive,83,112,0.00112
100000,adaptive,,Adaptive,84,212,0.00212
100000,adaptive,,Adaptive,85,168,0.00168
100000,adaptive,,Adaptive,86,331,0.00331
100000,adaptive,,Adaptive,87,301,0.00301
100000,adaptive,,Adaptive,88,135,0.00135
100000,adaptive,,Adaptive,89,246,0.00246
100000,adaptive,,Adaptive,90,63,0.00063
100000,adaptive,,Adaptive,91,169,0.00169
100000,adaptive,,Adaptive,92,182,0.00182
100000,adaptive,,Adaptive,93,288,0.00288
100000,adaptive,,Adaptive,94,91,0.00091
100000,adaptive,,Adaptive,95,177,0.00177
100000,adaptive,,Adaptive,96,348,0.00348
100000,adaptive,,Adaptive,97,129,0.00129
100000,adaptive,,Adaptive,98,104,0.00104
100000,adaptive,,Adaptive,99,37,0.00037
100000,adaptive,,Adaptive,100,185,0.00185
100000,adaptive,,Adaptive,101,300,0.003
100000,adaptive,,Adaptive,102,174,0.00174
100000,adaptive,,Adaptive,103,86,0.00086
100000,adaptive,,Adaptive,104,158,0.00158
100000,adaptive,,Adaptive,105,146,0.00146
100000,adaptive,,Adaptive,106,375,0.00375
100000,adaptive,,Adaptive,107,161,0.00161
100000,adaptive,,Adaptive,108,256,0.00256
100000,adaptive,,Adaptive,109,62,0.00062
100000,adaptive,,Adaptive,110,225,0.00225
100000,adaptive,,Adaptive,111,178,0.00178
100000,adaptive,,Adaptive,112,191,0.00191
100000,adaptive,,Adaptive,113,237,0.00237
100000,adaptive,,Adaptive,114,144,0.00144
100000,adaptive,,Adaptive,115,279,0.00279
100000,adaptive,,Adaptive,116,163,0.00163
100000,adaptive,,Adaptive,117,157,0.00157
100000,adaptive,,Adaptive,118,236,0.00236
100000,adaptive,,Adaptive,119,138,0.00138
100000,adaptive,,Adaptive,120,147,0.00147
100000,adaptive,,Adaptive,121,201,0.00201
100000,adaptive,,Adaptive,122,160,0.0016
100000,adaptive,,Adaptive,123,137,0.00137
100000,adaptive,,Adaptive,124,208,0.00208
100000,adaptive,,Adaptive,125,215,0.00215
100000,adaptive,,Adaptive,126,196,0.00196
100000,adaptive,,Adaptive,127,277,0.00277
100000,adaptive,,Adaptive,128,200,0.002
100000,adaptive,,Adaptive,129,163,0.00163
100000,adaptive,,Adaptive,130,200,0.002
100000,adaptive,,Adaptive,131,406,0.00406
100000,adaptive,,Adaptive,132,217,0.00217
100000,adaptive,,Adaptive,133,153,0.00153
100000,adaptive,,Adaptive,134,55,0.00055
100000,adaptive,,Adaptive,135,427,0.00427
100000,adaptive,,Adaptive,136,382,0.00382
100000,adaptive,,Adaptive,137,248,0.00248
100000,adaptive,,Adaptive,138,133,0.00133
100000,adaptive,,Adaptive,139,202,0.00202
100000,adaptive,,Adaptive,140,151,0.00151
100000,adaptive,,Adaptive,141,132,0.00132
100000,adaptive,,Adaptive,142,133,0.00133
100000,adaptive,,Adaptive,143,237,0.00237
100000,adaptive,,Adaptive,144,184,0.00184
100000,adaptive,,Adaptive,145,119,0.00119
100000,adaptive,,Adaptive,146,217,0.00217
100000,adaptive,,Adaptive,147,370,0.0037
100000,adaptive,,Adaptive,148,164,0.00164
100000,adaptive,,Adaptive,149,140,0.0014
100000,adaptive,,Adaptive,150,104,0.00104
100000,adaptive,,Adaptive,151,208,0.00208
100000,adaptive,,Adaptive,152,89,0.00089
100000,adaptive,,Adaptive,153,335,0.00335
100000,adaptive,,Adaptive,154,231,0.00231
100000,adaptive,,Adaptive,155,47,0.00047
100000,adaptive,,Adaptive,156,259,0.00259
100000,adaptive,,Adaptive,157,255,0.00255
100000,adaptive,,Adaptive,158,272,0.00272
100000,adaptive,,Adaptive,159,263,0.00263
100000,adaptive,,Adaptive,160,185,0.00185
100000,adaptive,,Adaptive,161,242,0.00242
100000,adaptive,,Adaptive,162,323,0.00323
100000,adaptive,,Adaptive,163,358,0.00358
100000,adaptive,,Adaptive,164,89,0.00089
100000,adaptive,,Adaptive,165,156,0.00156
100000,adaptive,,Adaptive,166,151,0.00151
100000,adaptive,,Adaptive,167,183,0.00183
100000,adaptive,,Adaptive,168,205,0.00205
100000,adaptive,,Adaptive,169,341,0.00341
100000,adaptive,,Adaptive,170,108,0.00108
100000,adaptive,,Adaptive,171,205,0.00205
100000,adaptive,,Adaptive,172,123,0.00123
100000,adaptive,,Adaptive,173,241,0.00241
100000,adaptive,,Adaptive,174,11,0.00011
100000,adaptive,,Adaptive,175,69,0.00069
100000,adaptive,,Adaptive,176,233,0.00233
100000,adaptive,,Adaptive,177,278,0.00278
100000,adaptive,,Adaptive,178,122,0.00122
100000,adaptive,,Adaptive,179,243,0.00243
100000,adaptive,,Adaptive,180,86,0.00086
100000,adaptive,,Adaptive,181,229,0.00229
100000,adaptive,,Adaptive,182,324,0.00324
100000,adaptive,,Adaptive,183,184,0.00184
100000,adaptive,,Adaptive,184,151,0.00151
100000,adaptive,,Adaptive,185,269,0.00269
100000,adaptive,,Adaptive,186,326,0.00326
100000,adaptive,,Adaptive,187,270,0.0027
100000,adaptive,,Adaptive,188,117,0.00117
100000,adaptive,,Adaptive,189,143,0.00143
100000,adaptive,,Adaptive,190,349,0.00349
100000,adaptive,,Adaptive,191,150,0.0015
100000,adaptive,,Adaptive,192,283,0.00283
100000,adaptive,,Adaptive,193,188,0.00188
100000,adaptive,,Adaptive,194,101,0.00101
100000,adaptive,,Adaptive,195,170,0.0017
100000,adaptive,,Adaptive,196,154,0.00154
100000,adaptive,,Adaptive,197,269,0.00269
100000,adaptive,,Adaptive,198,80,0.0008
100000,adaptive,,Adaptive,199,246,0.00246
100000,adaptive,,Adaptive,200,280,0.0028
100000,adaptive,,Adaptive,201,155,0.00155
100000,adaptive,,Adaptive,202,230,0.0023
100000,adaptive,,Adaptive,203,328,0.00328
100000,adaptive,,Adaptive,204,226,0.00226
100000,adaptive,,Adaptive,205,196,0.00196
100000,adaptive,,Adaptive,206,195,0.00195
100000,adaptive,,Adaptive,207,101,0.00101
100000,adaptive,,Adaptive,208,190,0.0019
100000,adaptive,,Adaptive,209,224,0.00224
100000,adaptive,,Adaptive,210,394,0.00394
100000,adaptive,,Adaptive,211,95,0.00095
100000,adaptive,,Adaptive,212,320,0.0032
100000,adaptive,,Adaptive,213,163,0.00163
100000,adaptive,,Adaptive,214,206,0.00206
100000,adaptive,,Adaptive,215,266,0.00266
100000,adaptive,,Adaptive,216,198,0.00198
100000,adaptive,,Adaptive,217,222,0.00222
100000,adaptive,,Adaptive,218,154,0.00154
100000,adaptive,,Adaptive,219,218,0.00218
100000,adaptive,,Adaptive,220,67,0.00067
100000,adaptive,,Adaptive,221,195,0.00195
100000,adaptive,,Adaptive,222,226,0.00226
100000,adaptive,,Adaptive,223,280,0.0028
100000,adaptive,,Adaptive,224,129,0.00129
100000,adaptive,,Adaptive,225,203,0.00203
100000,adaptive,,Adaptive,226,254,0.00254
100000,adaptive,,Adaptive,227,307,0.00307
100000,adaptive,,Adaptive,228,214,0.00214
100000,adaptive,,Adaptive,229,140,0.0014
100000,adaptive,,Adaptive,230,231,0.00231
100000,adaptive,,Adaptive,231,175,0.00175
100000,adaptive,,Adaptive,232,145,0.00145
100000,adaptive,,Adaptive,233,250,0.0025
100000,adaptive,,Adaptive,234,272,0.00272
100000,adaptive,,Adaptive,235,242,0.00242
100000,adaptive,,Adaptive,236,102,0.00102
100000,adaptive,,Adaptive,237,134,0.00134
100000,adaptive,,Adaptive,238,87,0.00087
100000,adaptive,,Adaptive,239,289,0.00289
100000,adaptive,,Adaptive,240,298,0.00298
100000,adaptive,,Adaptive,241,87,0.00087
100000,adaptive,,Adaptive,242,174,0.00174
100000,adaptive,,Adaptive,243,118,0.00118
100000,adaptive,,Adaptive,244,231,0.00231
100000,adaptive,,Adaptive,245,220,0.0022
100000,adaptive,,Adaptive,246,213,0.00213
100000,adaptive,,Adaptive,247,231,0.00231
100000,adaptive,,Adaptive,248,355,0.00355
100000,adaptive,,Adaptive,249,196,0.00196
100000,adaptive,,Adaptive,250,208,0.00208
100000,adaptive,,Adaptive,251,393,0.00393
100000,adaptive,,Adaptive,252,45,0.00045
100000,adaptive,,Adaptive,253,116,0.00116
100000,adaptive,,Adaptive,254,194,0.00194
100000,adaptive,,Adaptive,255,204,0.00204
100000,adaptive,,Adaptive,256,229,0.00229
100000,adaptive,,Adaptive,257,134,0.00134
100000,adaptive,,Adaptive,258,318,0.00318
100000,adaptive,,Adaptive,259,245,0.00245
100000,adaptive,,Adaptive,260,214,0.00214
100000,adaptive,,Adaptive,261,112,0.00112
100000,adaptive,,Adaptive,262,218,0.00218
100000,adaptive,,Adaptive,263,337,0.00337
100000,adaptive,,Adaptive,264,116,0.00116
100000,adaptive,,Adaptive,265,282,0.00282
100000,adaptive,,Adaptive,266,319,0.00319
100000,adaptive,,Adaptive,267,89,0.00089
100000,adaptive,,Adaptive,268,172,0.00172
100000,adaptive,,Adaptive,269,265,0.00265
100000,adaptive,,Adaptive,270,155,0.00155
100000,adaptive,,Adaptive,271,295,0.00295
100000,adaptive,,Adaptive,272,194,0.00194
100000,adaptive,,Adaptive,273,268,0.00268
100000,adaptive,,Adaptive,274,357,0.00357
100000,adaptive,,Adaptive,275,259,0.00259
100000,adaptive,,Adaptive,276,186,0.00186
100000,adaptive,,Adaptive,277,230,0.0023
100000,adaptive,,Adaptive,278,328,0.00328
100000,adaptive,,Adaptive,279,222,0.00222
100000,adaptive,,Adaptive,280,138,0.00138
100000,adaptive,,Adaptive,281,95,0.00095
100000,adaptive,,Adaptive,282,320,0.0032
100000,adaptive,,Adaptive,283,315,0.00315
100000,adaptive,,Adaptive,284,182,0.00182
100000,adaptive,,Adaptive,285,137,0.00137
100000,adaptive,,Adaptive,286,84,0.00084
100000,adaptive,,Adaptive,287,193,0.00193
100000,adaptive,,Adaptive,288,262,0.00262
100000,adaptive,,Adaptive,289,175,0.00175
100000,adaptive,,Adaptive,290,114,0.00114
100000,adaptive,,Adaptive,291,338,0.00338
100000,adaptive,,Adaptive,292,216,0.00216
100000,adaptive,,Adaptive,293,198,0.00198
100000,adaptive,,Adaptive,294,388,0.00388
100000,adaptive,,Adaptive,295,155,0.00155
100000,adaptive,,Adaptive,296,359,0.00359
100000,adaptive,,Adaptive,297,230,0.0023
100000,adaptive,,Adaptive,298,43,0.00043
100000,adaptive,,Adaptive,299,197,0.00197
100000,adaptive,,Adaptive,300,159,0.00159
100000,adaptive,,Adaptive,301,244,0.00244
100000,adaptive,,Adaptive,302,225,0.00225
100000,adaptive,,Adaptive,303,168,0.00168
100000,adaptive,,Adaptive,304,146,0.00146
100000,adaptive,,Adaptive,305,432,0.00432
100000,adaptive,,Adaptive,306,173,0.00173
100000,adaptive,,Adaptive,307,308,0.00308
100000,adaptive,,Adaptive,308,303,0.00303
100000,adaptive,,Adaptive,309,238,0.00238
100000,adaptive,,Adaptive,310,178,0.00178
100000,adaptive,,Adaptive,311,341,0.00341
100000,adaptive,,Adaptive,312,298,0.00298
100000,adaptive,,Adaptive,313,230,0.0023
100000,adaptive,,Adaptive,314,247,0.00247
100000,adaptive,,Adaptive,315,198,0.00198
100000,adaptive,,Adaptive,316,269,0.00269
100000,adaptive,,Adaptive,317,70,0.0007
100000,adaptive,,Adaptive,318,36,0.00036
100000,adaptive,,Adaptive,319,229,0.00229
100000,adaptive,,Adaptive,320,397,0.00397
100000,adaptive,,Adaptive,321,296,0.00296
100000,adaptive,,Adaptive,322,188,0.00188
100000,adaptive,,Adaptive,323,216,0.00216
100000,adaptive,,Adaptive,324,178,0.00178
100000,adaptive,,Adaptive,325,187,0.00187
100000,adaptive,,Adaptive,326,61,0.00061
100000,adaptive,,Adaptive,327,200,0.002
100000,adaptive,,Adaptive,328,274,0.00274
100000,adaptive,,Adaptive,329,130,0.0013
100000,adaptive,,Adaptive,330,93,0.00093
100000,adaptive,,Adaptive,331,232,0.00232
100000,adaptive,,Adaptive,332,165,0.00165
100000,adaptive,,Adaptive,333,241,0.00241
100000,adaptive,,Adaptive,334,178,0.00178
100000,adaptive,,Adaptive,335,283,0.00283
100000,adaptive,,Adaptive,336,243,0.00243
100000,adaptive,,Adaptive,337,172,0.00172
100000,adaptive,,Adaptive,338,222,0.00222
100000,adaptive,,Adaptive,339,234,0.00234
100000,adaptive,,Adaptive,340,223,0.00223
100000,adaptive,,Adaptive,341,284,0.00284
100000,adaptive,,Adaptive,342,233,0.00233
100000,adaptive,,Adaptive,343,235,0.00235
100000,adaptive,,Adaptive,344,170,0.0017
100000,adaptive,,Adaptive,345,290,0.0029
100000,adaptive,,Adaptive,346,409,0.00409
100000,adaptive,,Adaptive,347,237,0.00237
100000,adaptive,,Adaptive,348,318,0.00318
100000,adaptive,,Adaptive,349,102,0.00102
100000,adaptive,,Adaptive,350,171,0.00171
100000,adaptive,,Adaptive,351,211,0.00211
100000,adaptive,,Adaptive,352,222,0.00222
100000,adaptive,,Adaptive,353,236,0.00236
100000,adaptive,,Adaptive,354,162,0.00162
100000,adaptive,,Adaptive,355,355,0.00355
100000,adaptive,,Adaptive,356,178,0.00178
100000,adaptive,,Adaptive,357,136,0.00136
100000,adaptive,,Adaptive,358,154,0.00154
100000,adaptive,,Adaptive,359,189,0.00189
100000,adaptive,,Adaptive,360,73,0.00073
100000,adaptive,,Adaptive,361,239,0.00239
100000,adaptive,,Adaptive,362,187,0.00187
100000,adaptive,,Adaptive,363,164,0.00164
100000,adaptive,,Adaptive,364,251,0.00251
100000,adaptive,,Adaptive,365,217,0.00217
100000,adaptive,,Adaptive,366,92,0.00092
100000,adaptive,,Adaptive,367,233,0.00233
100000,adaptive,,Adaptive,368,155,0.00155
100000,adaptive,,Adaptive,369,128,0.00128
100000,adaptive,,Adaptive,370,286,0.00286
100000,adaptive,,Adaptive,371,280,0.0028
100000,adaptive,,Adaptive,372,117,0.00117
100000,adaptive,,Adaptive,373,333,0.00333
100000,adaptive,,Adaptive,374,243,0.00243
100000,adaptive,,Adaptive,375,274,0.00274
100000,adaptive,,Adaptive,376,204,0.00204
100000,adaptive,,Adaptive,377,235,0.00235
100000,adaptive,,Adaptive,378,122,0.00122
100000,adaptive,,Adaptive,379,149,0.00149
100000,adaptive,,Adaptive,380,162,0.00162
100000,adaptive,,Adaptive,381,342,0.00342
100000,adaptive,,Adaptive,382,167,0.00167
100000,adaptive,,Adaptive,383,233,0.00233
100000,adaptive,,Adaptive,384,193,0.00193
100000,adaptive,,Adaptive,385,118,0.00118
100000,adaptive,,Adaptive,386,165,0.00165
100000,adaptive,,Adaptive,387,140,0.0014
100000,adaptive,,Adaptive,388,224,0.00224
100000,adaptive,,Adaptive,389,189,0.00189
100000,adaptive,,Adaptive,390,218,0.00218
100000,adaptive,,Adaptive,391,138,0.00138
100000,adaptive,,Adaptive,392,236,0.00236
100000,adaptive,,Adaptive,393,415,0.00415
100000,adaptive,,Adaptive,394,186,0.00186
100000,adaptive,,Adaptive,395,296,0.00296
100000,adaptive,,Adaptive,396,323,0.00323
100000,adaptive,,Adaptive,397,269,0.00269
100000,adaptive,,Adaptive,398,220,0.0022
100000,adaptive,,Adaptive,399,92,0.00092
100000,adaptive,,Adaptive,400,232,0.00232
100000,adaptive,,Adaptive,401,219,0.00219
100000,adaptive,,Adaptive,402,209,0.00209
100000,adaptive,,Adaptive,403,153,0.00153
100000,adaptive,,Adaptive,404,165,0.00165
100000,adaptive,,Adaptive,405,248,0.00248
100000,adaptive,,Adaptive,406,137,0.00137
100000,adaptive,,Adaptive,407,61,0.00061
100000,adaptive,,Adaptive,408,96,0.00096
100000,adaptive,,Adaptive,409,255,0.00255
100000,adaptive,,Adaptive,410,164,0.00164
100000,adaptive,,Adaptive,411,35,0.00035
100000,adaptive,,Adaptive,412,265,0.00265
100000,adaptive,,Adaptive,413,255,0.00255
100000,adaptive,,Adaptive,414,70,0.0007
100000,adaptive,,Adaptive,415,222,0.00222
100000,adaptive,,Adaptive,416,241,0.00241
100000,adaptive,,Adaptive,417,234,0.00234
100000,adaptive,,Adaptive,418,346,0.00346
100000,adaptive,,Adaptive,419,116,0.00116
100000,adaptive,,Adaptive,420,328,0.00328
100000,adaptive,,Adaptive,421,185,0.00185
100000,adaptive,,Adaptive,422,223,0.00223
100000,adaptive,,Adaptive,423,99,0.00099
100000,adaptive,,Adaptive,424,173,0.00173
100000,adaptive,,Adaptive,425,181,0.00181
100000,adaptive,,Adaptive,426,149,0.00149
100000,adaptive,,Adaptive,427,92,0.00092
100000,adaptive,,Adaptive,428,133,0.00133
100000,adaptive,,Adaptive,429,168,0.00168
100000,adaptive,,Adaptive,430,337,0.00337
100000,adaptive,,Adaptive,431,250,0.0025
100000,adaptive,,Adaptive,432,238,0.00238
100000,adaptive,,Adaptive,433,205,0.00205
100000,adaptive,,Adaptive,434,145,0.00145
100000,adaptive,,Adaptive,435,200,0.002
100000,adaptive,,Adaptive,436,282,0.00282
100000,adaptive,,Adaptive,437,246,0.00246
100000,adaptive,,Adaptive,438,106,0.00106
100000,adaptive,,Adaptive,439,273,0.00273
100000,adaptive,,Adaptive,440,43,0.00043
100000,adaptive,,Adaptive,441,171,0.00171
100000,adaptive,,Adaptive,442,249,0.00249
100000,adaptive,,Adaptive,443,227,0.00227
100000,adaptive,,Adaptive,444,228,0.00228
100000,adaptive,,Adaptive,445,206,0.00206
100000,adaptive,,Adaptive,446,296,0.00296
100000,adaptive,,Adaptive,447,11,0.00011
100000,adaptive,,Adaptive,448,206,0.00206
100000,adaptive,,Adaptive,449,79,0.00079
100000,adaptive,,Adaptive,450,239,0.00239
100000,adaptive,,Adaptive,451,134,0.00134
100000,adaptive,,Adaptive,452,151,0.00151
100000,adaptive,,Adaptive,453,98,0.00098
100000,adaptive,,Adaptive,454,222,0.00222
100000,adaptive,,Adaptive,455,133,0.00133
100000,adaptive,,Adaptive,456,286,0.00286
100000,adaptive,,Adaptive,457,139,0.00139
100000,adaptive,,Adaptive,458,221,0.00221
100000,adaptive,,Adaptive,459,180,0.0018
100000,adaptive,,Adaptive,460,208,0.00208
100000,adaptive,,Adaptive,461,279,0.00279
100000,adaptive,,Adaptive,462,257,0.00257
100000,adaptive,,Adaptive,463,179,0.00179
100000,adaptive,,Adaptive,464,149,0.00149
100000,adaptive,,Adaptive,465,187,0.00187
100000,adaptive,,Adaptive,466,268,0.00268
100000,adaptive,,Adaptive,467,341,0.00341
100000,adaptive,,Adaptive,468,150,0.0015
100000,adaptive,,Adaptive,469,210,0.0021
100000,adaptive,,Adaptive,470,341,0.00341
100000,adaptive,,Adaptive,471,148,0.00148
100000,adaptive,,Adaptive,472,80,0.0008
100000,adaptive,,Adaptive,473,113,0.00113
100000,adaptive,,Adaptive,474,148,0.00148
100000,adaptive,,Adaptive,475,339,0.00339
100000,adaptive,,Adaptive,476,275,0.00275
100000,adaptive,,Adaptive,477,193,0.00193
100000,adaptive,,Adaptive,478,173,0.00173
100000,adaptive,,Adaptive,479,295,0.00295
100000,adaptive,,Adaptive,480,206,0.00206
100000,adaptive,,Adaptive,481,315,0.00315
100000,adaptive,,Adaptive,482,283,0.00283
100000,adaptive,,Adaptive,483,179,0.00179
100000,adaptive,,Adaptive,484,99,0.00099
100000,adaptive,,Adaptive,485,247,0.00247
100000,adaptive,,Adaptive,486,242,0.00242
100000,adaptive,,Adaptive,487,214,0.00214
100000,adaptive,,Adaptive,488,254,0.00254
100000,adaptive,,Adaptive,489,240,0.0024
100000,adaptive,,Adaptive,490,269,0.00269
100000,adaptive,,Adaptive,491,322,0.00322
100000,adaptive,,Adaptive,492,135,0.00135
100000,adaptive,,Adaptive,493,156,0.00156
100000,adaptive,,Adaptive,494,140,0.0014
100000,adaptive,,Adaptive,495,69,0.00069
100000,adaptive,,Adaptive,496,94,0.00094
100000,adaptive,,Adaptive,497,193,0.00193
100000,adaptive,,Adaptive,498,160,0.0016
100000,adaptive,,Adaptive,499,189,0.00189
100000,adaptive,,Adaptive,500,286,0.00286
100000,adaptive,,Adaptive,501,347,0.00347
100000,adaptive,,Adaptive,502,167,0.00167
100000,adaptive,,Adaptive,503,54,0.00054
100000,adaptive,,Adaptive,504,233,0.00233
100000,adaptive,,Adaptive,505,272,0.00272
100000,adaptive,,Adaptive,506,253,0.00253
100000,adaptive,,Adaptive,507,150,0.0015
100000,adaptive,,Adaptive,508,167,0.00167
100000,adaptive,,Adaptive,509,252,0.00252
100000,adaptive,,Adaptive,510,290,0.0029
100000,adaptive,,Adaptive,511,175,0.00175
100000,adaptive,,Adaptive,512,260,0.0026
100000,adaptive,,Adaptive,513,156,0.00156
100000,adaptive,,Adaptive,514,213,0.00213
100000,adaptive,,Adaptive,515,213,0.00213
100000,adaptive,,Adaptive,516,74,0.00074
100000,adaptive,,Adaptive,517,178,0.00178
100000,adaptive,,Adaptive,518,206,0.00206
100000,adaptive,,Adaptive,519,169,0.00169
100000,adaptive,,Adaptive,520,220,0.0022
100000,adaptive,,Adaptive,521,153,0.00153
100000,adaptive,,Adaptive,522,364,0.00364
100000,adaptive,,Adaptive,523,150,0.0015
100000,adaptive,,Adaptive,524,222,0.00222
100000,adaptive,,Adaptive,525,189,0.00189
100000,adaptive,,Adaptive,526,241,0.00241
100000,adaptive,,Adaptive,527,118,0.00118
100000,adaptive,,Adaptive,528,128,0.00128
100000,adaptive,,Adaptive,529,72,0.00072
100000,adaptive,,Adaptive,530,251,0.00251
100000,adaptive,,Adaptive,531,250,0.0025
100000,adaptive,,Adaptive,532,148,0.00148
100000,adaptive,,Adaptive,533,119,0.00119
100000,adaptive,,Adaptive,534,206,0.00206
100000,adaptive,,Adaptive,535,141,0.00141
100000,adaptive,,Adaptive,536,184,0.00184
100000,adaptive,,Adaptive,537,135,0.00135
100000,adaptive,,Adaptive,538,171,0.00171
100000,adaptive,,Adaptive,539,269,0.00269
100000,adaptive,,Adaptive,540,267,0.00267
100000,adaptive,,Adaptive,541,293,0.00293
100000,adaptive,,Adaptive,542,145,0.00145
100000,adaptive,,Adaptive,543,136,0.00136
100000,adaptive,,Adaptive,544,176,0.00176
100000,adaptive,,Adaptive,545,140,0.0014
100000,adaptive,,Adaptive,546,166,0.00166
100000,adaptive,,Adaptive,547,212,0.00212
100000,adaptive,,Adaptive,548,243,0.00243
100000,adaptive,,Adaptive,549,262,0.00262
100000,adaptive,,Adaptive,550,240,0.0024
100000,adaptive,,Adaptive,551,325,0.00325
100000,adaptive,,Adaptive,552,120,0.0012
100000,adaptive,,Adaptive,553,128,0.00128
100000,adaptive,,Adaptive,554,136,0.00136
100000,adaptive,,Adaptive,555,139,0.00139
100000,adaptive,,Adaptive,556,110,0.0011
100000,adaptive,,Adaptive,557,66,0.00066
100000,adaptive,,Adaptive,558,115,0.00115
100000,adaptive,,Adaptive,559,231,0.00231
100000,adaptive,,Adaptive,560,291,0.00291
100000,adaptive,,Adaptive,561,169,0.00169
100000,adaptive,,Adaptive,562,265,0.00265
100000,adaptive,,Adaptive,563,161,0.00161
100000,adaptive,,Adaptive,564,197,0.00197
100000,adaptive,,Adaptive,565,85,0.00085
100000,adaptive,,Adaptive,566,98,0.00098
100000,adaptive,,Adaptive,567,113,0.00113
100000,adaptive,,Adaptive,568,240,0.0024
100000,adaptive,,Adaptive,569,206,0.00206
100000,adaptive,,Adaptive,570,229,0.00229
100000,adaptive,,Adaptive,571,188,0.00188
100000,adaptive,,Adaptive,572,97,0.00097
100000,adaptive,,Adaptive,573,280,0.0028
100000,adaptive,,Adaptive,574,247,0.00247
100000,adaptive,,Adaptive,575,213,0.00213
100000,adaptive,,Adaptive,576,197,0.00197
100000,adaptive,,Adaptive,577,158,0.00158
100000,adaptive,,Adaptive,578,182,0.00182
100000,adaptive,,Adaptive,579,111,0.00111
100000,adaptive,,Adaptive,580,277,0.00277
100000,adaptive,,Adaptive,581,259,0.00259
100000,adaptive,,Adaptive,582,231,0.00231
100000,adaptive,,Adaptive,583,148,0.00148
100000,adaptive,,Adaptive,584,334,0.00334
100000,adaptive,,Adaptive,585,344,0.00344
100000,adaptive,,Adaptive,586,116,0.00116
100000,adaptive,,Adaptive,587,236,0.00236
100000,adaptive,,Adaptive,588,192,0.00192
100000,adaptive,,Adaptive,589,287,0.00287
100000,adaptive,,Adaptive,590,188,0.00188
100000,adaptive,,Adaptive,591,273,0.00273
100000,adaptive,,Adaptive,592,193,0.00193
100000,adaptive,,Adaptive,593,316,0.00316
100000,adaptive,,Adaptive,594,231,0.00231
100000,adaptive,,Adaptive,595,198,0.00198
100000,adaptive,,Adaptive,596,195,0.00195
100000,adaptive,,Adaptive,597,64,0.00064
100000,adaptive,,Adaptive,598,224,0.00224
100000,adaptive,,Adaptive,599,235,0.00235
100000,adaptive,,Adaptive,600,236,0.00236
100000,adaptive,,Adaptive,601,218,0.00218
100000,adaptive,,Adaptive,602,192,0.00192
100000,adaptive,,Adaptive,603,192,0.00192
100000,adaptive,,Adaptive,604,282,0.00282
100000,adaptive,,Adaptive,605,231,0.00231
100000,adaptive,,Adaptive,606,307,0.00307
100000,adaptive,,Adaptive,607,250,0.0025
100000,adaptive,,Adaptive,608,57,0.00057
100000,adaptive,,Adaptive,609,175,0.00175
100000,adaptive,,Adaptive,610,136,0.00136
100000,adaptive,,Adaptive,611,39,0.00039
100000,adaptive,,Adaptive,612,195,0.00195
100000,adaptive,,Adaptive,613,186,0.00186
100000,adaptive,,Adaptive,614,246,0.00246
100000,adaptive,,Adaptive,615,196,0.00196
100000,adaptive,,Adaptive,616,206,0.00206
100000,adaptive,,Adaptive,617,324,0.00324
100000,adaptive,,Adaptive,618,162,0.00162
100000,adaptive,,Adaptive,619,200,0.002
100000,adaptive,,Adaptive,620,241,0.00241
100000,adaptive,,Adaptive,621,120,0.0012
100000,adaptive,,Adaptive,622,254,0.00254
100000,adaptive,,Adaptive,623,105,0.00105
100000,adaptive,,Adaptive,624,105,0.00105
100000,adaptive,,Adaptive,625,258,0.00258
100000,adaptive,,Adaptive,626,157,0.00157
100000,adaptive,,Adaptive,627,242,0.00242
100000,adaptive,,Adaptive,628,120,0.0012
100000,adaptive,,Adaptive,629,220,0.0022
100000,adaptive,,Adaptive,630,206,0.00206
100000,adaptive,,Adaptive,631,259,0.00259
100000,adaptive,,Adaptive,632,316,0.00316
100000,adaptive,,Adaptive,633,71,0.00071
100000,adaptive,,Adaptive,634,262,0.00262
100000,adaptive,,Adaptive,635,124,0.00124
100000,adaptive,,Adaptive,636,276,0.00276
100000,adaptive,,Adaptive,637,254,0.00254
100000,adaptive,,Adaptive,638,169,0.00169
100000,adaptive,,Adaptive,639,239,0.00239
100000,adaptive,,Adaptive,640,140,0.0014
100000,adaptive,,Adaptive,641,133,0.00133
100000,adaptive,,Adaptive,642,220,0.0022
100000,adaptive,,Adaptive,643,193,0.00193
100000,adaptive,,Adaptive,644,102,0.00102
100000,adaptive,,Adaptive,645,328,0.00328
100000,adaptive,,Adaptive,646,268,0.00268
100000,adaptive,,Adaptive,647,313,0.00313
100000,adaptive,,Adaptive,648,160,0.0016
100000,adaptive,,Adaptive,649,218,0.00218
100000,adaptive,,Adaptive,650,228,0.00228
100000,adaptive,,Adaptive,651,224,0.00224
100000,adaptive,,Adaptive,652,205,0.00205
100000,adaptive,,Adaptive,653,241,0.00241
100000,adaptive,,Adaptive,654,193,0.00193
100000,adaptive,,Adaptive,655,244,0.00244
100000,adaptive,,Adaptive,656,80,0.0008
100000,adaptive,,Adaptive,657,229,0.00229
100000,adaptive,,Adaptive,658,183,0.00183
100000,adaptive,,Adaptive,659,105,0.00105
100000,adaptive,,Adaptive,660,344,0.00344
100000,adaptive,,Adaptive,661,231,0.00231
100000,adaptive,,Adaptive,662,158,0.00158
100000,adaptive,,Adaptive,663,183,0.00183
100000,adaptive,,Adaptive,664,134,0.00134
100000,adaptive,,Adaptive,665,172,0.00172
100000,adaptive,,Adaptive,666,200,0.002
100000,adaptive,,Adaptive,667,212,0.00212
100000,adaptive,,Adaptive,668,338,0.00338
100000,adaptive,,Adaptive,669,165,0.00165
100000,adaptive,,Adaptive,670,204,0.00204
100000,adaptive,,Adaptive,671,164,0.00164
100000,adaptive,,Adaptive,672,167,0.00167
100000,adaptive,,Adaptive,673,286,0.00286
100000,adaptive,,Adaptive,674,183,0.00183
100000,adaptive,,Adaptive,675,91,0.00091
100000,adaptive,,Adaptive,676,192,0.00192
100000,adaptive,,Adaptive,677,305,0.00305
100000,adaptive,,Adaptive,678,272,0.00272
100000,adaptive,,Adaptive,679,90,0.0009
100000,adaptive,,Adaptive,680,191,0.00191
100000,adaptive,,Adaptive,681,275,0.00275
100000,adaptive,,Adaptive,682,166,0.00166
100000,adaptive,,Adaptive,683,199,0.00199
100000,adaptive,,Adaptive,684,66,0.00066
100000,adaptive,,Adaptive,685,105,0.00105
100000,adaptive,,Adaptive,686,213,0.00213
100000,adaptive,,Adaptive,687,288,0.00288
100000,adaptive,,Adaptive,688,168,0.00168
100000,adaptive,,Adaptive,689,175,0.00175
100000,adaptive,,Adaptive,690,155,0.00155
100000,adaptive,,Adaptive,691,222,0.00222
100000,adaptive,,Adaptive,692,161,0.00161
100000,adaptive,,Adaptive,693,291,0.00291
100000,adaptive,,Adaptive,694,166,0.00166
100000,adaptive,,Adaptive,695,275,0.00275
100000,adaptive,,Adaptive,696,188,0.00188
100000,adaptive,,Adaptive,697,268,0.00268
100000,adaptive,,Adaptive,698,196,0.00196
100000,adaptive,,Adaptive,699,310,0.0031
100000,adaptive,,Adaptive,700,49,0.00049
100000,adaptive,,Adaptive,701,118,0.00118
100000,adaptive,,Adaptive,702,250,0.0025
100000,adaptive,,Adaptive,703,255,0.00255
100000,adaptive,,Adaptive,704,220,0.0022
100000,adaptive,,Adaptive,705,320,0.0032
100000,adaptive,,Adaptive,706,172,0.00172
100000,adaptive,,Adaptive,707,158,0.00158
100000,adaptive,,Adaptive,708,410,0.0041
100000,adaptive,,Adaptive,709,87,0.00087
100000,adaptive,,Adaptive,710,305,0.00305
100000,adaptive,,Adaptive,711,230,0.0023
100000,adaptive,,Adaptive,712,149,0.00149
100000,adaptive,,Adaptive,713,208,0.00208
100000,adaptive,,Adaptive,714,153,0.00153
100000,adaptive,,Adaptive,715,199,0.00199
100000,adaptive,,Adaptive,716,247,0.00247
100000,adaptive,,Adaptive,717,332,0.00332
100000,adaptive,,Adaptive,718,380,0.0038
100000,adaptive,,Adaptive,719,242,0.00242
100000,adaptive,,Adaptive,720,191,0.00191
100000,adaptive,,Adaptive,721,252,0.00252
100000,adaptive,,Adaptive,722,298,0.00298
100000,adaptive,,Adaptive,723,34,0.00034
100000,adaptive,,Adaptive,724,336,0.00336
100000,adaptive,,Adaptive,725,248,0.00248
100000,adaptive,,Adaptive,726,103,0.00103
100000,adaptive,,Adaptive,727,115,0.00115
100000,adaptive,,Adaptive,728,117,0.00117
100000,adaptive,,Adaptive,729,315,0.00315
100000,adaptive,,Adaptive,730,359,0.00359
100000,adaptive,,Adaptive,731,348,0.00348
100000,adaptive,,Adaptive,732,151,0.00151
100000,adaptive,,Adaptive,733,121,0.00121
100000,adaptive,,Adaptive,734,150,0.0015
100000,adaptive,,Adaptive,735,149,0.00149
100000,adaptive,,Adaptive,736,247,0.00247
100000,adaptive,,Adaptive,737,144,0.00144
100000,adaptive,,Adaptive,738,166,0.00166
100000,adaptive,,Adaptive,739,206,0.00206
100000,adaptive,,Adaptive,740,155,0.00155
100000,adaptive,,Adaptive,741,225,0.00225
100000,adaptive,,Adaptive,742,171,0.00171
100000,adaptive,,Adaptive,743,142,0.00142
100000,adaptive,,Adaptive,744,264,0.00264
100000,adaptive,,Adaptive,745,351,0.00351
100000,adaptive,,Adaptive,746,178,0.00178
100000,adaptive,,Adaptive,747,221,0.00221
100000,adaptive,,Adaptive,748,263,0.00263
100000,adaptive,,Adaptive,749,166,0.00166
100000,adaptive,,Adaptive,750,170,0.0017
100000,adaptive,,Adaptive,751,375,0.00375
100000,adaptive,,Adaptive,752,275,0.00275
100000,adaptive,,Adaptive,753,293,0.00293
100000,adaptive,,Adaptive,754,301,0.00301
100000,adaptive,,Adaptive,755,123,0.00123
100000,adaptive,,Adaptive,756,177,0.00177
100000,adaptive,,Adaptive,757,85,0.00085
100000,adaptive,,Adaptive,758,189,0.00189
100000,adaptive,,Adaptive,759,298,0.00298
100000,adaptive,,Adaptive,760,260,0.0026
100000,adaptive,,Adaptive,761,426,0.00426
100000,adaptive,,Adaptive,762,251,0.00251
100000,adaptive,,Adaptive,763,186,0.00186
100000,adaptive,,Adaptive,764,208,0.00208
100000,adaptive,,Adaptive,765,140,0.0014
100000,adaptive,,Adaptive,766,226,0.00226
100000,adaptive,,Adaptive,767,120,0.0012
100000,adaptive,,Adaptive,768,354,0.00354
100000,adaptive,,Adaptive,769,274,0.00274
100000,adaptive,,Adaptive,770,198,0.00198
100000,adaptive,,Adaptive,771,303,0.00303
100000,adaptive,,Adaptive,772,341,0.00341
100000,adaptive,,Adaptive,773,160,0.0016
100000,adaptive,,Adaptive,774,237,0.00237
100000,adaptive,,Adaptive,775,298,0.00298
100000,adaptive,,Adaptive,776,252,0.00252
100000,adaptive,,Adaptive,777,170,0.0017
100000,adaptive,,Adaptive,778,135,0.00135
100000,adaptive,,Adaptive,779,241,0.00241
100000,adaptive,,Adaptive,780,160,0.0016
100000,adaptive,,Adaptive,781,0,0.0
100000,adaptive,,Adaptive,782,282,0.00282
100000,adaptive,,Adaptive,783,76,0.00076
100000,adaptive,,Adaptive,784,299,0.00299
100000,adaptive,,Adaptive,785,231,0.00231
100000,adaptive,,Adaptive,786,293,0.00293
100000,adaptive,,Adaptive,787,211,0.00211
100000,adaptive,,Adaptive,788,199,0.00199
100000,adaptive,,Adaptive,789,239,0.00239
100000,adaptive,,Adaptive,790,83,0.00083
100000,adaptive,,Adaptive,791,57,0.00057
100000,adaptive,,Adaptive,792,180,0.0018
100000,adaptive,,Adaptive,793,336,0.00336
100000,adaptive,,Adaptive,794,329,0.00329
100000,adaptive,,Adaptive,795,71,0.00071
100000,adaptive,,Adaptive,796,156,0.00156
100000,adaptive,,Adaptive,797,128,0.00128
100000,adaptive,,Adaptive,798,143,0.00143
100000,adaptive,,Adaptive,799,219,0.00219
100000,adaptive,,Adaptive,800,248,0.00248
100000,adaptive,,Adaptive,801,313,0.00313
100000,adaptive,,Adaptive,802,349,0.00349
100000,adaptive,,Adaptive,803,220,0.0022
100000,adaptive,,Adaptive,804,126,0.00126
100000,adaptive,,Adaptive,805,220,0.0022
100000,adaptive,,Adaptive,806,111,0.00111
100000,adaptive,,Adaptive,807,172,0.00172
100000,adaptive,,Adaptive,808,323,0.00323
100000,adaptive,,Adaptive,809,320,0.0032
100000,adaptive,,Adaptive,810,195,0.00195
100000,adaptive,,Adaptive,811,201,0.00201
100000,adaptive,,Adaptive,812,345,0.00345
100000,adaptive,,Adaptive,813,389,0.00389
100000,adaptive,,Adaptive,814,195,0.00195
100000,adaptive,,Adaptive,815,331,0.00331
100000,adaptive,,Adaptive,816,244,0.00244
100000,adaptive,,Adaptive,817,239,0.00239
100000,adaptive,,Adaptive,818,156,0.00156
100000,adaptive,,Adaptive,819,324,0.00324
100000,adaptive,,Adaptive,820,213,0.00213
100000,adaptive,,Adaptive,821,176,0.00176
100000,adaptive,,Adaptive,822,252,0.00252
100000,adaptive,,Adaptive,823,155,0.00155
100000,adaptive,,Adaptive,824,128,0.00128
100000,adaptive,,Adaptive,825,113,0.00113
100000,adaptive,,Adaptive,826,138,0.00138
100000,adaptive,,Adaptive,827,159,0.00159
100000,adaptive,,Adaptive,828,124,0.00124
100000,adaptive,,Adaptive,829,258,0.00258
100000,adaptive,,Adaptive,830,180,0.0018
100000,adaptive,,Adaptive,831,267,0.00267
100000,adaptive,,Adaptive,832,176,0.00176
100000,adaptive,,Adaptive,833,32,0.00032
100000,adaptive,,Adaptive,834,321,0.00321
100000,adaptive,,Adaptive,835,121,0.00121
100000,adaptive,,Adaptive,836,332,0.00332
100000,adaptive,,Adaptive,837,169,0.00169
100000,adaptive,,Adaptive,838,73,0.00073
100000,adaptive,,Adaptive,839,133,0.00133
100000,adaptive,,Adaptive,840,278,0.00278
100000,adaptive,,Adaptive,841,309,0.00309
100000,adaptive,,Adaptive,842,282,0.00282
100000,adaptive,,Adaptive,843,221,0.00221
100000,adaptive,,Adaptive,844,76,0.00076
100000,adaptive,,Adaptive,845,120,0.0012
100000,adaptive,,Adaptive,846,74,0.00074
100000,adaptive,,Adaptive,847,182,0.00182
100000,adaptive,,Adaptive,848,105,0.00105
100000,adaptive,,Adaptive,849,214,0.00214
100000,adaptive,,Adaptive,850,243,0.00243
100000,adaptive,,Adaptive,851,321,0.00321
100000,adaptive,,Adaptive,852,97,0.00097
100000,adaptive,,Adaptive,853,209,0.00209
100000,adaptive,,Adaptive,854,93,0.00093
100000,adaptive,,Adaptive,855,275,0.00275
100000,adaptive,,Adaptive,856,250,0.0025
100000,adaptive,,Adaptive,857,240,0.0024
100000,adaptive,,Adaptive,858,240,0.0024
100000,adaptive,,Adaptive,859,255,0.00255
100000,adaptive,,Adaptive,860,106,0.00106
100000,adaptive,,Adaptive,861,195,0.00195
100000,adaptive,,Adaptive,862,232,0.00232
100000,adaptive,,Adaptive,863,276,0.00276
100000,adaptive,,Adaptive,864,147,0.00147
100000,adaptive,,Adaptive,865,167,0.00167
100000,adaptive,,Adaptive,866,177,0.00177
100000,adaptive,,Adaptive,867,150,0.0015
100000,adaptive,,Adaptive,868,349,0.00349
100000,adaptive,,Adaptive,869,228,0.00228
100000,adaptive,,Adaptive,870,329,0.00329
100000,adaptive,,Adaptive,871,278,0.00278
100000,adaptive,,Adaptive,872,215,0.00215
100000,adaptive,,Adaptive,873,278,0.00278
100000,adaptive,,Adaptive,874,303,0.00303
100000,adaptive,,Adaptive,875,115,0.00115
100000,adaptive,,Adaptive,876,213,0.00213
100000,adaptive,,Adaptive,877,87,0.00087
100000,adaptive,,Adaptive,878,178,0.00178
100000,adaptive,,Adaptive,879,316,0.00316
100000,adaptive,,Adaptive,880,167,0.00167
100000,adaptive,,Adaptive,881,294,0.00294
100000,adaptive,,Adaptive,882,6,6e-05
100000,adaptive,,Adaptive,883,226,0.00226
100000,adaptive,,Adaptive,884,144,0.00144
100000,adaptive,,Adaptive,885,258,0.00258
100000,adaptive,,Adaptive,886,304,0.00304
100000,adaptive,,Adaptive,887,169,0.00169
100000,adaptive,,Adaptive,888,161,0.00161
100000,adaptive,,Adaptive,889,293,0.00293
100000,adaptive,,Adaptive,890,138,0.00138
100000,adaptive,,Adaptive,891,223,0.00223
100000,adaptive,,Adaptive,892,301,0.00301
100000,adaptive,,Adaptive,893,236,0.00236
100000,adaptive,,Adaptive,894,344,0.00344
100000,adaptive,,Adaptive,895,161,0.00161
100000,adaptive,,Adaptive,896,263,0.00263
100000,adaptive,,Adaptive,897,137,0.00137
100000,adaptive,,Adaptive,898,150,0.0015
100000,adaptive,,Adaptive,899,153,0.00153
100000,adaptive,,Adaptive,900,177,0.00177
100000,adaptive,,Adaptive,901,155,0.00155
100000,adaptive,,Adaptive,902,97,0.00097
100000,adaptive,,Adaptive,903,126,0.00126
100000,adaptive,,Adaptive,904,295,0.00295
100000,adaptive,,Adaptive,905,161,0.00161
100000,adaptive,,Adaptive,906,232,0.00232
100000,adaptive,,Adaptive,907,174,0.00174
100000,adaptive,,Adaptive,908,335,0.00335
100000,adaptive,,Adaptive,909,147,0.00147
100000,adaptive,,Adaptive,910,175,0.00175
100000,adaptive,,Adaptive,911,228,0.00228
100000,adaptive,,Adaptive,912,202,0.00202
100000,adaptive,,Adaptive,913,169,0.00169
100000,adaptive,,Adaptive,914,80,0.0008
100000,adaptive,,Adaptive,915,94,0.00094
100000,adaptive,,Adaptive,916,318,0.00318
100000,adaptive,,Adaptive,917,301,0.00301
100000,adaptive,,Adaptive,918,205,0.00205
100000,adaptive,,Adaptive,919,165,0.00165
100000,adaptive,,Adaptive,920,68,0.00068
100000,adaptive,,Adaptive,921,331,0.00331
100000,adaptive,,Adaptive,922,240,0.0024
100000,adaptive,,Adaptive,923,153,0.00153
100000,adaptive,,Adaptive,924,239,0.00239
100000,adaptive,,Adaptive,925,247,0.00247
100000,adaptive,,Adaptive,926,268,0.00268
100000,adaptive,,Adaptive,927,105,0.00105
100000,adaptive,,Adaptive,928,198,0.00198
100000,adaptive,,Adaptive,929,183,0.00183
100000,adaptive,,Adaptive,930,160,0.0016
100000,adaptive,,Adaptive,931,257,0.00257
100000,adaptive,,Adaptive,932,242,0.00242
100000,adaptive,,Adaptive,933,173,0.00173
100000,adaptive,,Adaptive,934,158,0.00158
100000,adaptive,,Adaptive,935,310,0.0031
100000,adaptive,,Adaptive,936,148,0.00148
100000,adaptive,,Adaptive,937,163,0.00163
100000,adaptive,,Adaptive,938,174,0.00174
100000,adaptive,,Adaptive,939,256,0.00256
100000,adaptive,,Adaptive,940,227,0.00227
100000,adaptive,,Adaptive,941,367,0.00367
100000,adaptive,,Adaptive,942,93,0.00093
100000,adaptive,,Adaptive,943,272,0.00272
100000,adaptive,,Adaptive,944,103,0.00103
100000,adaptive,,Adaptive,945,244,0.00244
100000,adaptive,,Adaptive,946,296,0.00296
100000,adaptive,,Adaptive,947,228,0.00228
100000,adaptive,,Adaptive,948,0,0.0
100000,adaptive,,Adaptive,949,88,0.00088
100000,adaptive,,Adaptive,950,300,0.003
100000,adaptive,,Adaptive,951,113,0.00113
100000,adaptive,,Adaptive,952,214,0.00214
100000,adaptive,,Adaptive,953,207,0.00207
100000,adaptive,,Adaptive,954,30,0.0003
100000,adaptive,,Adaptive,955,275,0.00275
100000,adaptive,,Adaptive,956,119,0.00119
100000,adaptive,,Adaptive,957,215,0.00215
100000,adaptive,,Adaptive,958,209,0.00209
100000,adaptive,,Adaptive,959,183,0.00183
100000,adaptive,,Adaptive,960,191,0.00191
100000,adaptive,,Adaptive,961,122,0.00122
100000,adaptive,,Adaptive,962,141,0.00141
100000,adaptive,,Adaptive,963,178,0.00178
100000,adaptive,,Adaptive,964,256,0.00256
100000,adaptive,,Adaptive,965,254,0.00254
100000,adaptive,,Adaptive,966,145,0.00145
100000,adaptive,,Adaptive,967,155,0.00155
100000,adaptive,,Adaptive,968,186,0.00186
100000,adaptive,,Adaptive,969,385,0.00385
100000,adaptive,,Adaptive,970,159,0.00159
100000,adaptive,,Adaptive,971,261,0.00261
100000,adaptive,,Adaptive,972,258,0.00258
100000,adaptive,,Adaptive,973,342,0.00342
100000,adaptive,,Adaptive,974,198,0.00198
100000,adaptive,,Adaptive,975,276,0.00276
100000,adaptive,,Adaptive,976,271,0.00271
100000,adaptive,,Adaptive,977,231,0.00231
100000,adaptive,,Adaptive,978,73,0.00073
100000,adaptive,,Adaptive,979,159,0.00159
100000,adaptive,,Adaptive,980,335,0.00335
100000,adaptive,,Adaptive,981,177,0.00177
100000,adaptive,,Adaptive,982,324,0.00324
100000,adaptive,,Adaptive,983,243,0.00243
100000,adaptive,,Adaptive,984,2,2e-05
100000,adaptive,,Adaptive,985,260,0.0026
100000,adaptive,,Adaptive,986,101,0.00101
100000,adaptive,,Adaptive,987,251,0.00251
100000,adaptive,,Adaptive,988,113,0.00113
100000,adaptive,,Adaptive,989,290,0.0029
100000,adaptive,,Adaptive,990,250,0.0025
100000,adaptive,,Adaptive,991,99,0.00099
100000,adaptive,,Adaptive,992,93,0.00093
100000,adaptive,,Adaptive,993,213,0.00213
100000,adaptive,,Adaptive,994,153,0.00153
100000,adaptive,,Adaptive,995,173,0.00173
100000,adaptive,,Adaptive,996,239,0.00239
100000,adaptive,,Adaptive,997,253,0.00253
100000,adaptive,,Adaptive,998,175,0.00175
100000,adaptive,,Adaptive,999,184,0.00184
100000,fixed,0.95,Fixed λ=0.95,0,618,0.00618
100000,fixed,0.95,Fixed λ=0.95,1,743,0.00743
100000,fixed,0.95,Fixed λ=0.95,2,762,0.00762
100000,fixed,0.95,Fixed λ=0.95,3,804,0.00804
100000,fixed,0.95,Fixed λ=0.95,4,952,0.00952
100000,fixed,0.95,Fixed λ=0.95,5,783,0.00783
100000,fixed,0.95,Fixed λ=0.95,6,335,0.00335
100000,fixed,0.95,Fixed λ=0.95,7,552,0.00552
100000,fixed,0.95,Fixed λ=0.95,8,794,0.00794
100000,fixed,0.95,Fixed λ=0.95,9,1983,0.01983
100000,fixed,0.95,Fixed λ=0.95,10,1386,0.01386
100000,fixed,0.95,Fixed λ=0.95,11,779,0.00779
100000,fixed,0.95,Fixed λ=0.95,12,479,0.00479
100000,fixed,0.95,Fixed λ=0.95,13,1072,0.01072
100000,fixed,0.95,Fixed λ=0.95,14,425,0.00425
100000,fixed,0.95,Fixed λ=0.95,15,840,0.0084
100000,fixed,0.95,Fixed λ=0.95,16,423,0.00423
100000,fixed,0.95,Fixed λ=0.95,17,506,0.00506
100000,fixed,0.95,Fixed λ=0.95,18,1486,0.01486
100000,fixed,0.95,Fixed λ=0.95,19,881,0.00881
100000,fixed,0.95,Fixed λ=0.95,20,964,0.00964
100000,fixed,0.95,Fixed λ=0.95,21,602,0.00602
100000,fixed,0.95,Fixed λ=0.95,22,875,0.00875
100000,fixed,0.95,Fixed λ=0.95,23,1086,0.01086
100000,fixed,0.95,Fixed λ=0.95,24,294,0.00294
100000,fixed,0.95,Fixed λ=0.95,25,706,0.00706
100000,fixed,0.95,Fixed λ=0.95,26,642,0.00642
100000,fixed,0.95,Fixed λ=0.95,27,598,0.00598
100000,fixed,0.95,Fixed λ=0.95,28,459,0.00459
100000,fixed,0.95,Fixed λ=0.95,29,665,0.00665
100000,fixed,0.95,Fixed λ=0.95,30,429,0.00429
100000,fixed,0.95,Fixed λ=0.95,31,466,0.00466
100000,fixed,0.95,Fixed λ=0.95,32,1105,0.01105
100000,fixed,0.95,Fixed λ=0.95,33,928,0.00928
100000,fixed,0.95,Fixed λ=0.95,34,928,0.00928
100000,fixed,0.95,Fixed λ=0.95,35,1396,0.01396
100000,fixed,0.95,Fixed λ=0.95,36,822,0.00822
100000,fixed,0.95,Fixed λ=0.95,37,1018,0.01018
100000,fixed,0.95,Fixed λ=0.95,38,1348,0.01348
100000,fixed,0.95,Fixed λ=0.95,39,1243,0.01243
100000,fixed,0.95,Fixed λ=0.95,40,450,0.0045
100000,fixed,0.95,Fixed λ=0.95,41,1462,0.01462
100000,fixed,0.95,Fixed λ=0.95,42,845,0.00845
100000,fixed,0.95,Fixed λ=0.95,43,940,0.0094
100000,fixed,0.95,Fixed λ=0.95,44,628,0.00628
100000,fixed,0.95,Fixed λ=0.95,45,389,0.00389
100000,fixed,0.95,Fixed λ=0.95,46,269,0.00269
100000,fixed,0.95,Fixed λ=0.95,47,1234,0.01234
100000,fixed,0.95,Fixed λ=0.95,48,580,0.0058
100000,fixed,0.95,Fixed λ=0.95,49,843,0.00843
100000,fixed,0.95,Fixed λ=0.95,50,898,0.00898
100000,fixed,0.95,Fixed λ=0.95,51,644,0.00644
100000,fixed,0.95,Fixed λ=0.95,52,957,0.00957
100000,fixed,0.95,Fixed λ=0.95,53,500,0.005
100000,fixed,0.95,Fixed λ=0.95,54,339,0.00339
100000,fixed,0.95,Fixed λ=0.95,55,239,0.00239
100000,fixed,0.95,Fixed λ=0.95,56,983,0.00983
100000,fixed,0.95,Fixed λ=0.95,57,1257,0.01257
100000,fixed,0.95,Fixed λ=0.95,58,1107,0.01107
100000,fixed,0.95,Fixed λ=0.95,59,238,0.00238
100000,fixed,0.95,Fixed λ=0.95,60,1057,0.01057
100000,fixed,0.95,Fixed λ=0.95,61,267,0.00267
100000,fixed,0.95,Fixed λ=0.95,62,993,0.00993
100000,fixed,0.95,Fixed λ=0.95,63,544,0.00544
100000,fixed,0.95,Fixed λ=0.95,64,213,0.00213
100000,fixed,0.95,Fixed λ=0.95,65,470,0.0047
100000,fixed,0.95,Fixed λ=0.95,66,1341,0.01341
100000,fixed,0.95,Fixed λ=0.95,67,979,0.00979
100000,fixed,0.95,Fixed λ=0.95,68,780,0.0078
100000,fixed,0.95,Fixed λ=0.95,69,817,0.00817
100000,fixed,0.95,Fixed λ=0.95,70,1109,0.01109
100000,fixed,0.95,Fixed λ=0.95,71,341,0.00341
100000,fixed,0.95,Fixed λ=0.95,72,513,0.00513
100000,fixed,0.95,Fixed λ=0.95,73,148,0.00148
100000,fixed,0.95,Fixed λ=0.95,74,496,0.00496
100000,fixed,0.95,Fixed λ=0.95,75,401,0.00401
100000,fixed,0.95,Fixed λ=0.95,76,535,0.00535
100000,fixed,0.95,Fixed λ=0.95,77,665,0.00665
100000,fixed,0.95,Fixed λ=0.95,78,281,0.00281
100000,fixed,0.95,Fixed λ=0.95,79,932,0.00932
100000,fixed,0.95,Fixed λ=0.95,80,441,0.00441
100000,fixed,0.95,Fixed λ=0.95,81,698,0.00698
100000,fixed,0.95,Fixed λ=0.95,82,1191,0.01191
100000,fixed,0.95,Fixed λ=0.95,83,691,0.00691
100000,fixed,0.95,Fixed λ=0.95,84,310,0.0031
100000,fixed,0.95,Fixed λ=0.95,85,1550,0.0155
100000,fixed,0.95,Fixed λ=0.95,86,1058,0.01058
100000,fixed,0.95,Fixed λ=0.95,87,345,0.00345
100000,fixed,0.95,Fixed λ=0.95,88,835,0.00835
100000,fixed,0.95,Fixed λ=0.95,89,527,0.00527
100000,fixed,0.95,Fixed λ=0.95,90,772,0.00772
100000,fixed,0.95,Fixed λ=0.95,91,1198,0.01198
100000,fixed,0.95,Fixed λ=0.95,92,120,0.0012
100000,fixed,0.95,Fixed λ=0.95,93,918,0.00918
100000,fixed,0.95,Fixed λ=0.95,94,613,0.00613
100000,fixed,0.95,Fixed λ=0.95,95,1744,0.01744
100000,fixed,0.95,Fixed λ=0.95,96,836,0.00836
100000,fixed,0.95,Fixed λ=0.95,97,400,0.004
100000,fixed,0.95,Fixed λ=0.95,98,957,0.00957
100000,fixed,0.95,Fixed λ=0.95,99,1372,0.01372
100000,fixed,0.95,Fixed λ=0.95,100,510,0.0051
100000,fixed,0.95,Fixed λ=0.95,101,1036,0.01036
100000,fixed,0.95,Fixed λ=0.95,102,676,0.00676
100000,fixed,0.95,Fixed λ=0.95,103,878,0.00878
100000,fixed,0.95,Fixed λ=0.95,104,401,0.00401
100000,fixed,0.95,Fixed λ=0.95,105,652,0.00652
100000,fixed,0.95,Fixed λ=0.95,106,1076,0.01076
100000,fixed,0.95,Fixed λ=0.95,107,719,0.00719
100000,fixed,0.95,Fixed λ=0.95,108,941,0.00941
100000,fixed,0.95,Fixed λ=0.95,109,359,0.00359
100000,fixed,0.95,Fixed λ=0.95,110,640,0.0064
100000,fixed,0.95,Fixed λ=0.95,111,328,0.00328
100000,fixed,0.95,Fixed λ=0.95,112,124,0.00124
100000,fixed,0.95,Fixed λ=0.95,113,1290,0.0129
100000,fixed,0.95,Fixed λ=0.95,114,979,0.00979
100000,fixed,0.95,Fixed λ=0.95,115,454,0.00454
100000,fixed,0.95,Fixed λ=0.95,116,862,0.00862
100000,fixed,0.95,Fixed λ=0.95,117,1466,0.01466
100000,fixed,0.95,Fixed λ=0.95,118,609,0.00609
100000,fixed,0.95,Fixed λ=0.95,119,1223,0.01223
100000,fixed,0.95,Fixed λ=0.95,120,834,0.00834
100000,fixed,0.95,Fixed λ=0.95,121,788,0.00788
100000,fixed,0.95,Fixed λ=0.95,122,1005,0.01005
100000,fixed,0.95,Fixed λ=0.95,123,533,0.00533
100000,fixed,0.95,Fixed λ=0.95,124,656,0.00656
100000,fixed,0.95,Fixed λ=0.95,125,446,0.00446
100000,fixed,0.95,Fixed λ=0.95,126,574,0.00574
100000,fixed,0.95,Fixed λ=0.95,127,912,0.00912
100000,fixed,0.95,Fixed λ=0.95,128,710,0.0071
100000,fixed,0.95,Fixed λ=0.95,129,933,0.00933
100000,fixed,0.95,Fixed λ=0.95,130,841,0.00841
100000,fixed,0.95,Fixed λ=0.95,131,478,0.00478
100000,fixed,0.95,Fixed λ=0.95,132,197,0.00197
100000,fixed,0.95,Fixed λ=0.95,133,56,0.00056
100000,fixed,0.95,Fixed λ=0.95,134,919,0.00919
100000,fixed,0.95,Fixed λ=0.95,135,666,0.00666
100000,fixed,0.95,Fixed λ=0.95,136,744,0.00744
100000,fixed,0.95,Fixed λ=0.95,137,259,0.00259
100000,fixed,0.95,Fixed λ=0.95,138,918,0.00918
100000,fixed,0.95,Fixed λ=0.95,139,803,0.00803
100000,fixed,0.95,Fixed λ=0.95,140,309,0.00309
100000,fixed,0.95,Fixed λ=0.95,141,1489,0.01489
100000,fixed,0.95,Fixed λ=0.95,142,671,0.00671
100000,fixed,0.95,Fixed λ=0.95,143,916,0.00916
100000,fixed,0.95,Fixed λ=0.95,144,1067,0.01067
100000,fixed,0.95,Fixed λ=0.95,145,753,0.00753
100000,fixed,0.95,Fixed λ=0.95,146,434,0.00434
100000,fixed,0.95,Fixed λ=0.95,147,1046,0.01046
100000,fixed,0.95,Fixed λ=0.95,148,807,0.00807
100000,fixed,0.95,Fixed λ=0.95,149,826,0.00826
100000,fixed,0.95,Fixed λ=0.95,150,1047,0.01047
100000,fixed,0.95,Fixed λ=0.95,151,241,0.00241
100000,fixed,0.95,Fixed λ=0.95,152,478,0.00478
100000,fixed,0.95,Fixed λ=0.95,153,782,0.00782
100000,fixed,0.95,Fixed λ=0.95,154,1482,0.01482
100000,fixed,0.95,Fixed λ=0.95,155,1487,0.01487
100000,fixed,0.95,Fixed λ=0.95,156,740,0.0074
100000,fixed,0.95,Fixed λ=0.95,157,332,0.00332
100000,fixed,0.95,Fixed λ=0.95,158,184,0.00184
100000,fixed,0.95,Fixed λ=0.95,159,1034,0.01034
100000,fixed,0.95,Fixed λ=0.95,160,1135,0.01135
100000,fixed,0.95,Fixed λ=0.95,161,969,0.00969
100000,fixed,0.95,Fixed λ=0.95,162,439,0.00439
100000,fixed,0.95,Fixed λ=0.95,163,466,0.00466
100000,fixed,0.95,Fixed λ=0.95,164,745,0.00745
100000,fixed,0.95,Fixed λ=0.95,165,335,0.00335
100000,fixed,0.95,Fixed λ=0.95,166,1027,0.01027
100000,fixed,0.95,Fixed λ=0.95,167,698,0.00698
100000,fixed,0.95,Fixed λ=0.95,168,1445,0.01445
100000,fixed,0.95,Fixed λ=0.95,169,740,0.0074
100000,fixed,0.95,Fixed λ=0.95,170,1088,0.01088
100000,fixed,0.95,Fixed λ=0.95,171,936,0.00936
100000,fixed,0.95,Fixed λ=0.95,172,808,0.00808
100000,fixed,0.95,Fixed λ=0.95,173,846,0.00846
100000,fixed,0.95,Fixed λ=0.95,174,859,0.00859
100000,fixed,0.95,Fixed λ=0.95,175,163,0.00163
100000,fixed,0.95,Fixed λ=0.95,176,475,0.00475
100000,fixed,0.95,Fixed λ=0.95,177,398,0.00398
100000,fixed,0.95,Fixed λ=0.95,178,1497,0.01497
100000,fixed,0.95,Fixed λ=0.95,179,601,0.00601
100000,fixed,0.95,Fixed λ=0.95,180,472,0.00472
100000,fixed,0.95,Fixed λ=0.95,181,915,0.00915
100000,fixed,0.95,Fixed λ=0.95,182,1266,0.01266
100000,fixed,0.95,Fixed λ=0.95,183,671,0.00671
100000,fixed,0.95,Fixed λ=0.95,184,572,0.00572
100000,fixed,0.95,Fixed λ=0.95,185,1504,0.01504
100000,fixed,0.95,Fixed λ=0.95,186,1032,0.01032
100000,fixed,0.95,Fixed λ=0.95,187,1266,0.01266
100000,fixed,0.95,Fixed λ=0.95,188,630,0.0063
100000,fixed,0.95,Fixed λ=0.95,189,1511,0.01511
100000,fixed,0.95,Fixed λ=0.95,190,967,0.00967
100000,fixed,0.95,Fixed λ=0.95,191,647,0.00647
100000,fixed,0.95,Fixed λ=0.95,192,673,0.00673
100000,fixed,0.95,Fixed λ=0.95,193,882,0.00882
100000,fixed,0.95,Fixed λ=0.95,194,931,0.00931
100000,fixed,0.95,Fixed λ=0.95,195,452,0.00452
100000,fixed,0.95,Fixed λ=0.95,196,405,0.00405
100000,fixed,0.95,Fixed λ=0.95,197,633,0.00633
100000,fixed,0.95,Fixed λ=0.95,198,449,0.00449
100000,fixed,0.95,Fixed λ=0.95,199,1327,0.01327
100000,fixed,0.95,Fixed λ=0.95,200,681,0.00681
100000,fixed,0.95,Fixed λ=0.95,201,1104,0.01104
100000,fixed,0.95,Fixed λ=0.95,202,591,0.00591
100000,fixed,0.95,Fixed λ=0.95,203,554,0.00554
100000,fixed,0.95,Fixed λ=0.95,204,480,0.0048
100000,fixed,0.95,Fixed λ=0.95,205,640,0.0064
100000,fixed,0.95,Fixed λ=0.95,206,593,0.00593
100000,fixed,0.95,Fixed λ=0.95,207,204,0.00204
100000,fixed,0.95,Fixed λ=0.95,208,892,0.00892
100000,fixed,0.95,Fixed λ=0.95,209,1391,0.01391
100000,fixed,0.95,Fixed λ=0.95,210,930,0.0093
100000,fixed,0.95,Fixed λ=0.95,211,838,0.00838
100000,fixed,0.95,Fixed λ=0.95,212,1754,0.01754
100000,fixed,0.95,Fixed λ=0.95,213,622,0.00622
100000,fixed,0.95,Fixed λ=0.95,214,221,0.00221
100000,fixed,0.95,Fixed λ=0.95,215,815,0.00815
100000,fixed,0.95,Fixed λ=0.95,216,580,0.0058
100000,fixed,0.95,Fixed λ=0.95,217,1378,0.01378
100000,fixed,0.95,Fixed λ=0.95,218,718,0.00718
100000,fixed,0.95,Fixed λ=0.95,219,926,0.00926
100000,fixed,0.95,Fixed λ=0.95,220,623,0.00623
100000,fixed,0.95,Fixed λ=0.95,221,580,0.0058
100000,fixed,0.95,Fixed λ=0.95,222,922,0.00922
100000,fixed,0.95,Fixed λ=0.95,223,751,0.00751
100000,fixed,0.95,Fixed λ=0.95,224,845,0.00845
100000,fixed,0.95,Fixed λ=0.95,225,805,0.00805
100000,fixed,0.95,Fixed λ=0.95,226,1566,0.01566
100000,fixed,0.95,Fixed λ=0.95,227,945,0.00945
100000,fixed,0.95,Fixed λ=0.95,228,681,0.00681
100000,fixed,0.95,Fixed λ=0.95,229,748,0.00748
100000,fixed,0.95,Fixed λ=0.95,230,967,0.00967
100000,fixed,0.95,Fixed λ=0.95,231,1008,0.01008
100000,fixed,0.95,Fixed λ=0.95,232,1777,0.01777
100000,fixed,0.95,Fixed λ=0.95,233,1399,0.01399
100000,fixed,0.95,Fixed λ=0.95,234,416,0.00416
100000,fixed,0.95,Fixed λ=0.95,235,787,0.00787
100000,fixed,0.95,Fixed λ=0.95,236,345,0.00345
100000,fixed,0.95,Fixed λ=0.95,237,643,0.00643
100000,fixed,0.95,Fixed λ=0.95,238,1055,0.01055
100000,fixed,0.95,Fixed λ=0.95,239,699,0.00699
100000,fixed,0.95,Fixed λ=0.95,240,653,0.00653
100000,fixed,0.95,Fixed λ=0.95,241,1039,0.01039
100000,fixed,0.95,Fixed λ=0.95,242,1516,0.01516
100000,fixed,0.95,Fixed λ=0.95,243,511,0.00511
100000,fixed,0.95,Fixed λ=0.95,244,1493,0.01493
100000,fixed,0.95,Fixed λ=0.95,245,1492,0.01492
100000,fixed,0.95,Fixed λ=0.95,246,1374,0.01374
100000,fixed,0.95,Fixed λ=0.95,247,1232,0.01232
100000,fixed,0.95,Fixed λ=0.95,248,467,0.00467
100000,fixed,0.95,Fixed λ=0.95,249,798,0.00798
100000,fixed,0.95,Fixed λ=0.95,250,601,0.00601
100000,fixed,0.95,Fixed λ=0.95,251,902,0.00902
100000,fixed,0.95,Fixed λ=0.95,252,234,0.00234
100000,fixed,0.95,Fixed λ=0.95,253,795,0.00795
100000,fixed,0.95,Fixed λ=0.95,254,637,0.00637
100000,fixed,0.95,Fixed λ=0.95,255,681,0.00681
100000,fixed,0.95,Fixed λ=0.95,256,1227,0.01227
100000,fixed,0.95,Fixed λ=0.95,257,808,0.00808
100000,fixed,0.95,Fixed λ=0.95,258,1043,0.01043
100000,fixed,0.95,Fixed λ=0.95,259,754,0.00754
100000,fixed,0.95,Fixed λ=0.95,260,916,0.00916
100000,fixed,0.95,Fixed λ=0.95,261,900,0.009
100000,fixed,0.95,Fixed λ=0.95,262,893,0.00893
100000,fixed,0.95,Fixed λ=0.95,263,508,0.00508
100000,fixed,0.95,Fixed λ=0.95,264,771,0.00771
100000,fixed,0.95,Fixed λ=0.95,265,959,0.00959
100000,fixed,0.95,Fixed λ=0.95,266,878,0.00878
100000,fixed,0.95,Fixed λ=0.95,267,542,0.00542
100000,fixed,0.95,Fixed λ=0.95,268,609,0.00609
100000,fixed,0.95,Fixed λ=0.95,269,794,0.00794
100000,fixed,0.95,Fixed λ=0.95,270,1205,0.01205
100000,fixed,0.95,Fixed λ=0.95,271,1793,0.01793
100000,fixed,0.95,Fixed λ=0.95,272,1081,0.01081
100000,fixed,0.95,Fixed λ=0.95,273,634,0.00634
100000,fixed,0.95,Fixed λ=0.95,274,655,0.00655
100000,fixed,0.95,Fixed λ=0.95,275,942,0.00942
100000,fixed,0.95,Fixed λ=0.95,276,746,0.00746
100000,fixed,0.95,Fixed λ=0.95,277,827,0.00827
100000,fixed,0.95,Fixed λ=0.95,278,190,0.0019
100000,fixed,0.95,Fixed λ=0.95,279,419,0.00419
100000,fixed,0.95,Fixed λ=0.95,280,995,0.00995
100000,fixed,0.95,Fixed λ=0.95,281,681,0.00681
100000,fixed,0.95,Fixed λ=0.95,282,916,0.00916
100000,fixed,0.95,Fixed λ=0.95,283,1299,0.01299
100000,fixed,0.95,Fixed λ=0.95,284,766,0.00766
100000,fixed,0.95,Fixed λ=0.95,285,1138,0.01138
100000,fixed,0.95,Fixed λ=0.95,286,639,0.00639
100000,fixed,0.95,Fixed λ=0.95,287,773,0.00773
100000,fixed,0.95,Fixed λ=0.95,288,739,0.00739
100000,fixed,0.95,Fixed λ=0.95,289,599,0.00599
100000,fixed,0.95,Fixed λ=0.95,290,840,0.0084
100000,fixed,0.95,Fixed λ=0.95,291,649,0.00649
100000,fixed,0.95,Fixed λ=0.95,292,1049,0.01049
100000,fixed,0.95,Fixed λ=0.95,293,662,0.00662
100000,fixed,0.95,Fixed λ=0.95,294,884,0.00884
100000,fixed,0.95,Fixed λ=0.95,295,625,0.00625
100000,fixed,0.95,Fixed λ=0.95,296,406,0.00406
100000,fixed,0.95,Fixed λ=0.95,297,1137,0.01137
100000,fixed,0.95,Fixed λ=0.95,298,285,0.00285
100000,fixed,0.95,Fixed λ=0.95,299,842,0.00842
100000,fixed,0.95,Fixed λ=0.95,300,622,0.00622
100000,fixed,0.95,Fixed λ=0.95,301,504,0.00504
100000,fixed,0.95,Fixed λ=0.95,302,842,0.00842
100000,fixed,0.95,Fixed λ=0.95,303,623,0.00623
100000,fixed,0.95,Fixed λ=0.95,304,539,0.00539
100000,fixed,0.95,Fixed λ=0.95,305,1059,0.01059
100000,fixed,0.95,Fixed λ=0.95,306,818,0.00818
100000,fixed,0.95,Fixed λ=0.95,307,1141,0.01141
100000,fixed,0.95,Fixed λ=0.95,308,515,0.00515
100000,fixed,0.95,Fixed λ=0.95,309,872,0.00872
100000,fixed,0.95,Fixed λ=0.95,310,1004,0.01004
100000,fixed,0.95,Fixed λ=0.95,311,638,0.00638
100000,fixed,0.95,Fixed λ=0.95,312,1346,0.01346
100000,fixed,0.95,Fixed λ=0.95,313,858,0.00858
100000,fixed,0.95,Fixed λ=0.95,314,903,0.00903
100000,fixed,0.95,Fixed λ=0.95,315,692,0.00692
100000,fixed,0.95,Fixed λ=0.95,316,896,0.00896
100000,fixed,0.95,Fixed λ=0.95,317,804,0.00804
100000,fixed,0.95,Fixed λ=0.95,318,1174,0.01174
100000,fixed,0.95,Fixed λ=0.95,319,2099,0.02099
100000,fixed,0.95,Fixed λ=0.95,320,1435,0.01435
100000,fixed,0.95,Fixed λ=0.95,321,653,0.00653
100000,fixed,0.95,Fixed λ=0.95,322,706,0.00706
100000,fixed,0.95,Fixed λ=0.95,323,994,0.00994
100000,fixed,0.95,Fixed λ=0.95,324,955,0.00955
100000,fixed,0.95,Fixed λ=0.95,325,547,0.00547
100000,fixed,0.95,Fixed λ=0.95,326,604,0.00604
100000,fixed,0.95,Fixed λ=0.95,327,824,0.00824
100000,fixed,0.95,Fixed λ=0.95,328,1073,0.01073
100000,fixed,0.95,Fixed λ=0.95,329,878,0.00878
100000,fixed,0.95,Fixed λ=0.95,330,802,0.00802
100000,fixed,0.95,Fixed λ=0.95,331,920,0.0092
100000,fixed,0.95,Fixed λ=0.95,332,349,0.00349
100000,fixed,0.95,Fixed λ=0.95,333,756,0.00756
100000,fixed,0.95,Fixed λ=0.95,334,612,0.00612
100000,fixed,0.95,Fixed λ=0.95,335,1041,0.01041
100000,fixed,0.95,Fixed λ=0.95,336,682,0.00682
100000,fixed,0.95,Fixed λ=0.95,337,1413,0.01413
100000,fixed,0.95,Fixed λ=0.95,338,246,0.00246
100000,fixed,0.95,Fixed λ=0.95,339,108,0.00108
100000,fixed,0.95,Fixed λ=0.95,340,276,0.00276
100000,fixed,0.95,Fixed λ=0.95,341,442,0.00442
100000,fixed,0.95,Fixed λ=0.95,342,1403,0.01403
100000,fixed,0.95,Fixed λ=0.95,343,1137,0.01137
100000,fixed,0.95,Fixed λ=0.95,344,804,0.00804
100000,fixed,0.95,Fixed λ=0.95,345,1002,0.01002
100000,fixed,0.95,Fixed λ=0.95,346,575,0.00575
100000,fixed,0.95,Fixed λ=0.95,347,809,0.00809
100000,fixed,0.95,Fixed λ=0.95,348,804,0.00804
100000,fixed,0.95,Fixed λ=0.95,349,675,0.00675
100000,fixed,0.95,Fixed λ=0.95,350,576,0.00576
100000,fixed,0.95,Fixed λ=0.95,351,1261,0.01261
100000,fixed,0.95,Fixed λ=0.95,352,328,0.00328
100000,fixed,0.95,Fixed λ=0.95,353,275,0.00275
100000,fixed,0.95,Fixed λ=0.95,354,255,0.00255
100000,fixed,0.95,Fixed λ=0.95,355,364,0.00364
100000,fixed,0.95,Fixed λ=0.95,356,826,0.00826
100000,fixed,0.95,Fixed λ=0.95,357,1060,0.0106
100000,fixed,0.95,Fixed λ=0.95,358,813,0.00813
100000,fixed,0.95,Fixed λ=0.95,359,1123,0.01123
100000,fixed,0.95,Fixed λ=0.95,360,387,0.00387
100000,fixed,0.95,Fixed λ=0.95,361,1795,0.01795
100000,fixed,0.95,Fixed λ=0.95,362,479,0.00479
100000,fixed,0.95,Fixed λ=0.95,363,879,0.00879
100000,fixed,0.95,Fixed λ=0.95,364,638,0.00638
100000,fixed,0.95,Fixed λ=0.95,365,844,0.00844
100000,fixed,0.95,Fixed λ=0.95,366,745,0.00745
100000,fixed,0.95,Fixed λ=0.95,367,809,0.00809
100000,fixed,0.95,Fixed λ=0.95,368,639,0.00639
100000,fixed,0.95,Fixed λ=0.95,369,785,0.00785
100000,fixed,0.95,Fixed λ=0.95,370,1277,0.01277
100000,fixed,0.95,Fixed λ=0.95,371,1108,0.01108
100000,fixed,0.95,Fixed λ=0.95,372,551,0.00551
100000,fixed,0.95,Fixed λ=0.95,373,1046,0.01046
100000,fixed,0.95,Fixed λ=0.95,374,644,0.00644
100000,fixed,0.95,Fixed λ=0.95,375,1336,0.01336
100000,fixed,0.95,Fixed λ=0.95,376,1186,0.01186
100000,fixed,0.95,Fixed λ=0.95,377,925,0.00925
100000,fixed,0.95,Fixed λ=0.95,378,279,0.00279
100000,fixed,0.95,Fixed λ=0.95,379,1472,0.01472
100000,fixed,0.95,Fixed λ=0.95,380,696,0.00696
100000,fixed,0.95,Fixed λ=0.95,381,411,0.00411
100000,fixed,0.95,Fixed λ=0.95,382,1036,0.01036
100000,fixed,0.95,Fixed λ=0.95,383,313,0.00313
100000,fixed,0.95,Fixed λ=0.95,384,659,0.00659
100000,fixed,0.95,Fixed λ=0.95,385,1625,0.01625
100000,fixed,0.95,Fixed λ=0.95,386,1207,0.01207
100000,fixed,0.95,Fixed λ=0.95,387,1272,0.01272
100000,fixed,0.95,Fixed λ=0.95,388,561,0.00561
100000,fixed,0.95,Fixed λ=0.95,389,939,0.00939
100000,fixed,0.95,Fixed λ=0.95,390,672,0.00672
100000,fixed,0.95,Fixed λ=0.95,391,477,0.00477
100000,fixed,0.95,Fixed λ=0.95,392,557,0.00557
100000,fixed,0.95,Fixed λ=0.95,393,678,0.00678
100000,fixed,0.95,Fixed λ=0.95,394,1052,0.01052
100000,fixed,0.95,Fixed λ=0.95,395,840,0.0084
100000,fixed,0.95,Fixed λ=0.95,396,898,0.00898
100000,fixed,0.95,Fixed λ=0.95,397,844,0.00844
100000,fixed,0.95,Fixed λ=0.95,398,728,0.00728
100000,fixed,0.95,Fixed λ=0.95,399,280,0.0028
100000,fixed,0.95,Fixed λ=0.95,400,1220,0.0122
100000,fixed,0.95,Fixed λ=0.95,401,1207,0.01207
100000,fixed,0.95,Fixed λ=0.95,402,738,0.00738
100000,fixed,0.95,Fixed λ=0.95,403,320,0.0032
100000,fixed,0.95,Fixed λ=0.95,404,934,0.00934
100000,fixed,0.95,Fixed λ=0.95,405,337,0.00337
100000,fixed,0.95,Fixed λ=0.95,406,591,0.00591
100000,fixed,0.95,Fixed λ=0.95,407,715,0.00715
100000,fixed,0.95,Fixed λ=0.95,408,259,0.00259
100000,fixed,0.95,Fixed λ=0.95,409,728,0.00728
100000,fixed,0.95,Fixed λ=0.95,410,745,0.00745
100000,fixed,0.95,Fixed λ=0.95,411,1094,0.01094
100000,fixed,0.95,Fixed λ=0.95,412,499,0.00499
100000,fixed,0.95,Fixed λ=0.95,413,1010,0.0101
100000,fixed,0.95,Fixed λ=0.95,414,1510,0.0151
100000,fixed,0.95,Fixed λ=0.95,415,1011,0.01011
100000,fixed,0.95,Fixed λ=0.95,416,815,0.00815
100000,fixed,0.95,Fixed λ=0.95,417,464,0.00464
100000,fixed,0.95,Fixed λ=0.95,418,203,0.00203
100000,fixed,0.95,Fixed λ=0.95,419,841,0.00841
100000,fixed,0.95,Fixed λ=0.95,420,1431,0.01431
100000,fixed,0.95,Fixed λ=0.95,421,197,0.00197
100000,fixed,0.95,Fixed λ=0.95,422,742,0.00742
100000,fixed,0.95,Fixed λ=0.95,423,803,0.00803
100000,fixed,0.95,Fixed λ=0.95,424,1086,0.01086
100000,fixed,0.95,Fixed λ=0.95,425,433,0.00433
100000,fixed,0.95,Fixed λ=0.95,426,1139,0.01139
100000,fixed,0.95,Fixed λ=0.95,427,676,0.00676
100000,fixed,0.95,Fixed λ=0.95,428,808,0.00808
100000,fixed,0.95,Fixed λ=0.95,429,449,0.00449
100000,fixed,0.95,Fixed λ=0.95,430,968,0.00968
100000,fixed,0.95,Fixed λ=0.95,431,572,0.00572
100000,fixed,0.95,Fixed λ=0.95,432,438,0.00438
100000,fixed,0.95,Fixed λ=0.95,433,735,0.00735
100000,fixed,0.95,Fixed λ=0.95,434,1068,0.01068
100000,fixed,0.95,Fixed λ=0.95,435,725,0.00725
100000,fixed,0.95,Fixed λ=0.95,436,993,0.00993
100000,fixed,0.95,Fixed λ=0.95,437,551,0.00551
100000,fixed,0.95,Fixed λ=0.95,438,668,0.00668
100000,fixed,0.95,Fixed λ=0.95,439,935,0.00935
100000,fixed,0.95,Fixed λ=0.95,440,648,0.00648
100000,fixed,0.95,Fixed λ=0.95,441,160,0.0016
100000,fixed,0.95,Fixed λ=0.95,442,737,0.00737
100000,fixed,0.95,Fixed λ=0.95,443,703,0.00703
100000,fixed,0.95,Fixed λ=0.95,444,550,0.0055
100000,fixed,0.95,Fixed λ=0.95,445,749,0.00749
100000,fixed,0.95,Fixed λ=0.95,446,485,0.00485
100000,fixed,0.95,Fixed λ=0.95,447,917,0.00917
100000,fixed,0.95,Fixed λ=0.95,448,844,0.00844
100000,fixed,0.95,Fixed λ=0.95,449,464,0.00464
100000,fixed,0.95,Fixed λ=0.95,450,1255,0.01255
100000,fixed,0.95,Fixed λ=0.95,451,614,0.00614
100000,fixed,0.95,Fixed λ=0.95,452,555,0.00555
100000,fixed,0.95,Fixed λ=0.95,453,1012,0.01012
100000,fixed,0.95,Fixed λ=0.95,454,1142,0.01142
100000,fixed,0.95,Fixed λ=0.95,455,737,0.00737
100000,fixed,0.95,Fixed λ=0.95,456,1437,0.01437
100000,fixed,0.95,Fixed λ=0.95,457,313,0.00313
100000,fixed,0.95,Fixed λ=0.95,458,714,0.00714
100000,fixed,0.95,Fixed λ=0.95,459,912,0.00912
100000,fixed,0.95,Fixed λ=0.95,460,1601,0.01601
100000,fixed,0.95,Fixed λ=0.95,461,1073,0.01073
100000,fixed,0.95,Fixed λ=0.95,462,1120,0.0112
100000,fixed,0.95,Fixed λ=0.95,463,247,0.00247
100000,fixed,0.95,Fixed λ=0.95,464,261,0.00261
100000,fixed,0.95,Fixed λ=0.95,465,1351,0.01351
100000,fixed,0.95,Fixed λ=0.95,466,772,0.00772
100000,fixed,0.95,Fixed λ=0.95,467,427,0.00427
100000,fixed,0.95,Fixed λ=0.95,468,541,0.00541
100000,fixed,0.95,Fixed λ=0.95,469,368,0.00368
100000,fixed,0.95,Fixed λ=0.95,470,272,0.00272
100000,fixed,0.95,Fixed λ=0.95,471,870,0.0087
100000,fixed,0.95,Fixed λ=0.95,472,986,0.00986
100000,fixed,0.95,Fixed λ=0.95,473,1101,0.01101
100000,fixed,0.95,Fixed λ=0.95,474,445,0.00445
100000,fixed,0.95,Fixed λ=0.95,475,622,0.00622
100000,fixed,0.95,Fixed λ=0.95,476,538,0.00538
100000,fixed,0.95,Fixed λ=0.95,477,1413,0.01413
100000,fixed,0.95,Fixed λ=0.95,478,627,0.00627
100000,fixed,0.95,Fixed λ=0.95,479,821,0.00821
100000,fixed,0.95,Fixed λ=0.95,480,1000,0.01
100000,fixed,0.95,Fixed λ=0.95,481,1094,0.01094
100000,fixed,0.95,Fixed λ=0.95,482,1460,0.0146
100000,fixed,0.95,Fixed λ=0.95,483,545,0.00545
100000,fixed,0.95,Fixed λ=0.95,484,1196,0.01196
100000,fixed,0.95,Fixed λ=0.95,485,953,0.00953
100000,fixed,0.95,Fixed λ=0.95,486,945,0.00945
100000,fixed,0.95,Fixed λ=0.95,487,1006,0.01006
100000,fixed,0.95,Fixed λ=0.95,488,777,0.00777
100000,fixed,0.95,Fixed λ=0.95,489,435,0.00435
100000,fixed,0.95,Fixed λ=0.95,490,989,0.00989
100000,fixed,0.95,Fixed λ=0.95,491,0,0.0
100000,fixed,0.95,Fixed λ=0.95,492,1290,0.0129
100000,fixed,0.95,Fixed λ=0.95,493,400,0.004
100000,fixed,0.95,Fixed λ=0.95,494,592,0.00592
100000,fixed,0.95,Fixed λ=0.95,495,682,0.00682
100000,fixed,0.95,Fixed λ=0.95,496,965,0.00965
100000,fixed,0.95,Fixed λ=0.95,497,662,0.00662
100000,fixed,0.95,Fixed λ=0.95,498,189,0.00189
100000,fixed,0.95,Fixed λ=0.95,499,1187,0.01187
100000,fixed,0.95,Fixed λ=0.95,500,691,0.00691
100000,fixed,0.95,Fixed λ=0.95,501,1136,0.01136
100000,fixed,0.95,Fixed λ=0.95,502,638,0.00638
100000,fixed,0.95,Fixed λ=0.95,503,391,0.00391
100000,fixed,0.95,Fixed λ=0.95,504,495,0.00495
100000,fixed,0.95,Fixed λ=0.95,505,1126,0.01126
100000,fixed,0.95,Fixed λ=0.95,506,787,0.00787
100000,fixed,0.95,Fixed λ=0.95,507,720,0.0072
100000,fixed,0.95,Fixed λ=0.95,508,501,0.00501
100000,fixed,0.95,Fixed λ=0.95,509,765,0.00765
100000,fixed,0.95,Fixed λ=0.95,510,698,0.00698
100000,fixed,0.95,Fixed λ=0.95,511,1375,0.01375
100000,fixed,0.95,Fixed λ=0.95,512,642,0.00642
100000,fixed,0.95,Fixed λ=0.95,513,622,0.00622
100000,fixed,0.95,Fixed λ=0.95,514,1018,0.01018
100000,fixed,0.95,Fixed λ=0.95,515,1228,0.01228
100000,fixed,0.95,Fixed λ=0.95,516,705,0.00705
100000,fixed,0.95,Fixed λ=0.95,517,1000,0.01
100000,fixed,0.95,Fixed λ=0.95,518,1237,0.01237
100000,fixed,0.95,Fixed λ=0.95,519,338,0.00338
100000,fixed,0.95,Fixed λ=0.95,520,1165,0.01165
100000,fixed,0.95,Fixed λ=0.95,521,754,0.00754
100000,fixed,0.95,Fixed λ=0.95,522,615,0.00615
100000,fixed,0.95,Fixed λ=0.95,523,1262,0.01262
100000,fixed,0.95,Fixed λ=0.95,524,991,0.00991
100000,fixed,0.95,Fixed λ=0.95,525,627,0.00627
100000,fixed,0.95,Fixed λ=0.95,526,656,0.00656
100000,fixed,0.95,Fixed λ=0.95,527,1250,0.0125
100000,fixed,0.95,Fixed λ=0.95,528,1111,0.01111
100000,fixed,0.95,Fixed λ=0.95,529,663,0.00663
100000,fixed,0.95,Fixed λ=0.95,530,853,0.00853
100000,fixed,0.95,Fixed λ=0.95,531,383,0.00383
100000,fixed,0.95,Fixed λ=0.95,532,9,9e-05
100000,fixed,0.95,Fixed λ=0.95,533,415,0.00415
100000,fixed,0.95,Fixed λ=0.95,534,939,0.00939
100000,fixed,0.95,Fixed λ=0.95,535,351,0.00351
100000,fixed,0.95,Fixed λ=0.95,536,570,0.0057
100000,fixed,0.95,Fixed λ=0.95,537,488,0.00488
100000,fixed,0.95,Fixed λ=0.95,538,173,0.00173
100000,fixed,0.95,Fixed λ=0.95,539,1175,0.01175
100000,fixed,0.95,Fixed λ=0.95,540,1109,0.01109
100000,fixed,0.95,Fixed λ=0.95,541,568,0.00568
100000,fixed,0.95,Fixed λ=0.95,542,429,0.00429
100000,fixed,0.95,Fixed λ=0.95,543,1401,0.01401
100000,fixed,0.95,Fixed λ=0.95,544,671,0.00671
100000,fixed,0.95,Fixed λ=0.95,545,229,0.00229
100000,fixed,0.95,Fixed λ=0.95,546,642,0.00642
100000,fixed,0.95,Fixed λ=0.95,547,478,0.00478
100000,fixed,0.95,Fixed λ=0.95,548,619,0.00619
100000,fixed,0.95,Fixed λ=0.95,549,254,0.00254
100000,fixed,0.95,Fixed λ=0.95,550,1002,0.01002
100000,fixed,0.95,Fixed λ=0.95,551,443,0.00443
100000,fixed,0.95,Fixed λ=0.95,552,645,0.00645
100000,fixed,0.95,Fixed λ=0.95,553,878,0.00878
100000,fixed,0.95,Fixed λ=0.95,554,619,0.00619
100000,fixed,0.95,Fixed λ=0.95,555,559,0.00559
100000,fixed,0.95,Fixed λ=0.95,556,161,0.00161
100000,fixed,0.95,Fixed λ=0.95,557,198,0.00198
100000,fixed,0.95,Fixed λ=0.95,558,258,0.00258
100000,fixed,0.95,Fixed λ=0.95,559,494,0.00494
100000,fixed,0.95,Fixed λ=0.95,560,1666,0.01666
100000,fixed,0.95,Fixed λ=0.95,561,610,0.0061
100000,fixed,0.95,Fixed λ=0.95,562,352,0.00352
100000,fixed,0.95,Fixed λ=0.95,563,431,0.00431
100000,fixed,0.95,Fixed λ=0.95,564,859,0.00859
100000,fixed,0.95,Fixed λ=0.95,565,944,0.00944
100000,fixed,0.95,Fixed λ=0.95,566,307,0.00307
100000,fixed,0.95,Fixed λ=0.95,567,475,0.00475
100000,fixed,0.95,Fixed λ=0.95,568,591,0.00591
100000,fixed,0.95,Fixed λ=0.95,569,985,0.00985
100000,fixed,0.95,Fixed λ=0.95,570,988,0.00988
100000,fixed,0.95,Fixed λ=0.95,571,1324,0.01324
100000,fixed,0.95,Fixed λ=0.95,572,1154,0.01154
100000,fixed,0.95,Fixed λ=0.95,573,1052,0.01052
100000,fixed,0.95,Fixed λ=0.95,574,489,0.00489
100000,fixed,0.95,Fixed λ=0.95,575,1024,0.01024
100000,fixed,0.95,Fixed λ=0.95,576,700,0.007
100000,fixed,0.95,Fixed λ=0.95,577,547,0.00547
100000,fixed,0.95,Fixed λ=0.95,578,677,0.00677
100000,fixed,0.95,Fixed λ=0.95,579,515,0.00515
100000,fixed,0.95,Fixed λ=0.95,580,1153,0.01153
100000,fixed,0.95,Fixed λ=0.95,581,615,0.00615
100000,fixed,0.95,Fixed λ=0.95,582,895,0.00895
100000,fixed,0.95,Fixed λ=0.95,583,780,0.0078
100000,fixed,0.95,Fixed λ=0.95,584,839,0.00839
100000,fixed,0.95,Fixed λ=0.95,585,960,0.0096
100000,fixed,0.95,Fixed λ=0.95,586,189,0.00189
100000,fixed,0.95,Fixed λ=0.95,587,525,0.00525
100000,fixed,0.95,Fixed λ=0.95,588,731,0.00731
100000,fixed,0.95,Fixed λ=0.95,589,1115,0.01115
100000,fixed,0.95,Fixed λ=0.95,590,1258,0.01258
100000,fixed,0.95,Fixed λ=0.95,591,534,0.00534
100000,fixed,0.95,Fixed λ=0.95,592,803,0.00803
100000,fixed,0.95,Fixed λ=0.95,593,302,0.00302
100000,fixed,0.95,Fixed λ=0.95,594,196,0.00196
100000,fixed,0.95,Fixed λ=0.95,595,806,0.00806
100000,fixed,0.95,Fixed λ=0.95,596,547,0.00547
100000,fixed,0.95,Fixed λ=0.95,597,182,0.00182
100000,fixed,0.95,Fixed λ=0.95,598,895,0.00895
100000,fixed,0.95,Fixed λ=0.95,599,1250,0.0125
100000,fixed,0.95,Fixed λ=0.95,600,890,0.0089
100000,fixed,0.95,Fixed λ=0.95,601,737,0.00737
100000,fixed,0.95,Fixed λ=0.95,602,386,0.00386
100000,fixed,0.95,Fixed λ=0.95,603,1548,0.01548
100000,fixed,0.95,Fixed λ=0.95,604,918,0.00918
100000,fixed,0.95,Fixed λ=0.95,605,808,0.00808
100000,fixed,0.95,Fixed λ=0.95,606,925,0.00925
100000,fixed,0.95,Fixed λ=0.95,607,484,0.00484
100000,fixed,0.95,Fixed λ=0.95,608,1802,0.01802
100000,fixed,0.95,Fixed λ=0.95,609,655,0.00655
100000,fixed,0.95,Fixed λ=0.95,610,836,0.00836
100000,fixed,0.95,Fixed λ=0.95,611,854,0.00854
100000,fixed,0.95,Fixed λ=0.95,612,1087,0.01087
100000,fixed,0.95,Fixed λ=0.95,613,812,0.00812
100000,fixed,0.95,Fixed λ=0.95,614,987,0.00987
100000,fixed,0.95,Fixed λ=0.95,615,352,0.00352
100000,fixed,0.95,Fixed λ=0.95,616,730,0.0073
100000,fixed,0.95,Fixed λ=0.95,617,722,0.00722
100000,fixed,0.95,Fixed λ=0.95,618,560,0.0056
100000,fixed,0.95,Fixed λ=0.95,619,1346,0.01346
100000,fixed,0.95,Fixed λ=0.95,620,1255,0.01255
100000,fixed,0.95,Fixed λ=0.95,621,319,0.00319
100000,fixed,0.95,Fixed λ=0.95,622,1106,0.01106
100000,fixed,0.95,Fixed λ=0.95,623,1028,0.01028
100000,fixed,0.95,Fixed λ=0.95,624,1194,0.01194
100000,fixed,0.95,Fixed λ=0.95,625,1016,0.01016
100000,fixed,0.95,Fixed λ=0.95,626,1453,0.01453
100000,fixed,0.95,Fixed λ=0.95,627,1214,0.01214
100000,fixed,0.95,Fixed λ=0.95,628,439,0.00439
100000,fixed,0.95,Fixed λ=0.95,629,829,0.00829
100000,fixed,0.95,Fixed λ=0.95,630,921,0.00921
100000,fixed,0.95,Fixed λ=0.95,631,379,0.00379
100000,fixed,0.95,Fixed λ=0.95,632,1467,0.01467
100000,fixed,0.95,Fixed λ=0.95,633,1564,0.01564
100000,fixed,0.95,Fixed λ=0.95,634,1161,0.01161
100000,fixed,0.95,Fixed λ=0.95,635,775,0.00775
100000,fixed,0.95,Fixed λ=0.95,636,826,0.00826
100000,fixed,0.95,Fixed λ=0.95,637,688,0.00688
100000,fixed,0.95,Fixed λ=0.95,638,1800,0.018
100000,fixed,0.95,Fixed λ=0.95,639,582,0.00582
100000,fixed,0.95,Fixed λ=0.95,640,1044,0.01044
100000,fixed,0.95,Fixed λ=0.95,641,411,0.00411
100000,fixed,0.95,Fixed λ=0.95,642,590,0.0059
100000,fixed,0.95,Fixed λ=0.95,643,699,0.00699
100000,fixed,0.95,Fixed λ=0.95,644,922,0.00922
100000,fixed,0.95,Fixed λ=0.95,645,1013,0.01013
100000,fixed,0.95,Fixed λ=0.95,646,460,0.0046
100000,fixed,0.95,Fixed λ=0.95,647,1294,0.01294
100000,fixed,0.95,Fixed λ=0.95,648,369,0.00369
100000,fixed,0.95,Fixed λ=0.95,649,709,0.00709
100000,fixed,0.95,Fixed λ=0.95,650,495,0.00495
100000,fixed,0.95,Fixed λ=0.95,651,1008,0.01008
100000,fixed,0.95,Fixed λ=0.95,652,808,0.00808
100000,fixed,0.95,Fixed λ=0.95,653,1210,0.0121
100000,fixed,0.95,Fixed λ=0.95,654,969,0.00969
100000,fixed,0.95,Fixed λ=0.95,655,491,0.00491
100000,fixed,0.95,Fixed λ=0.95,656,262,0.00262
100000,fixed,0.95,Fixed λ=0.95,657,1410,0.0141
100000,fixed,0.95,Fixed λ=0.95,658,521,0.00521
100000,fixed,0.95,Fixed λ=0.95,659,698,0.00698
100000,fixed,0.95,Fixed λ=0.95,660,1036,0.01036
100000,fixed,0.95,Fixed λ=0.95,661,468,0.00468
100000,fixed,0.95,Fixed λ=0.95,662,172,0.00172
100000,fixed,0.95,Fixed λ=0.95,663,711,0.00711
100000,fixed,0.95,Fixed λ=0.95,664,854,0.00854
100000,fixed,0.95,Fixed λ=0.95,665,669,0.00669
100000,fixed,0.95,Fixed λ=0.95,666,1105,0.01105
100000,fixed,0.95,Fixed λ=0.95,667,661,0.00661
100000,fixed,0.95,Fixed λ=0.95,668,818,0.00818
100000,fixed,0.95,Fixed λ=0.95,669,832,0.00832
100000,fixed,0.95,Fixed λ=0.95,670,344,0.00344
100000,fixed,0.95,Fixed λ=0.95,671,727,0.00727
100000,fixed,0.95,Fixed λ=0.95,672,835,0.00835
100000,fixed,0.95,Fixed λ=0.95,673,233,0.00233
100000,fixed,0.95,Fixed λ=0.95,674,722,0.00722
100000,fixed,0.95,Fixed λ=0.95,675,849,0.00849
100000,fixed,0.95,Fixed λ=0.95,676,439,0.00439
100000,fixed,0.95,Fixed λ=0.95,677,588,0.00588
100000,fixed,0.95,Fixed λ=0.95,678,1041,0.01041
100000,fixed,0.95,Fixed λ=0.95,679,941,0.00941
100000,fixed,0.95,Fixed λ=0.95,680,703,0.00703
100000,fixed,0.95,Fixed λ=0.95,681,654,0.00654
100000,fixed,0.95,Fixed λ=0.95,682,703,0.00703
100000,fixed,0.95,Fixed λ=0.95,683,774,0.00774
100000,fixed,0.95,Fixed λ=0.95,684,1299,0.01299
100000,fixed,0.95,Fixed λ=0.95,685,517,0.00517
100000,fixed,0.95,Fixed λ=0.95,686,759,0.00759
100000,fixed,0.95,Fixed λ=0.95,687,425,0.00425
100000,fixed,0.95,Fixed λ=0.95,688,1049,0.01049
100000,fixed,0.95,Fixed λ=0.95,689,834,0.00834
100000,fixed,0.95,Fixed λ=0.95,690,554,0.00554
100000,fixed,0.95,Fixed λ=0.95,691,942,0.00942
100000,fixed,0.95,Fixed λ=0.95,692,785,0.00785
100000,fixed,0.95,Fixed λ=0.95,693,720,0.0072
100000,fixed,0.95,Fixed λ=0.95,694,1283,0.01283
100000,fixed,0.95,Fixed λ=0.95,695,778,0.00778
100000,fixed,0.95,Fixed λ=0.95,696,753,0.00753
100000,fixed,0.95,Fixed λ=0.95,697,745,0.00745
100000,fixed,0.95,Fixed λ=0.95,698,219,0.00219
100000,fixed,0.95,Fixed λ=0.95,699,713,0.00713
100000,fixed,0.95,Fixed λ=0.95,700,1070,0.0107
100000,fixed,0.95,Fixed λ=0.95,701,1291,0.01291
100000,fixed,0.95,Fixed λ=0.95,702,768,0.00768
100000,fixed,0.95,Fixed λ=0.95,703,457,0.00457
100000,fixed,0.95,Fixed λ=0.95,704,1269,0.01269
100000,fixed,0.95,Fixed λ=0.95,705,982,0.00982
100000,fixed,0.95,Fixed λ=0.95,706,1378,0.01378
100000,fixed,0.95,Fixed λ=0.95,707,1135,0.01135
100000,fixed,0.95,Fixed λ=0.95,708,474,0.00474
100000,fixed,0.95,Fixed λ=0.95,709,1282,0.01282
100000,fixed,0.95,Fixed λ=0.95,710,635,0.00635
100000,fixed,0.95,Fixed λ=0.95,711,383,0.00383
100000,fixed,0.95,Fixed λ=0.95,712,273,0.00273
100000,fixed,0.95,Fixed λ=0.95,713,579,0.00579
100000,fixed,0.95,Fixed λ=0.95,714,764,0.00764
100000,fixed,0.95,Fixed λ=0.95,715,676,0.00676
100000,fixed,0.95,Fixed λ=0.95,716,358,0.00358
100000,fixed,0.95,Fixed λ=0.95,717,936,0.00936
100000,fixed,0.95,Fixed λ=0.95,718,784,0.00784
100000,fixed,0.95,Fixed λ=0.95,719,367,0.00367
100000,fixed,0.95,Fixed λ=0.95,720,1169,0.01169
100000,fixed,0.95,Fixed λ=0.95,721,928,0.00928
100000,fixed,0.95,Fixed λ=0.95,722,598,0.00598
100000,fixed,0.95,Fixed λ=0.95,723,1238,0.01238
100000,fixed,0.95,Fixed λ=0.95,724,1176,0.01176
100000,fixed,0.95,Fixed λ=0.95,725,631,0.00631
100000,fixed,0.95,Fixed λ=0.95,726,624,0.00624
100000,fixed,0.95,Fixed λ=0.95,727,579,0.00579
100000,fixed,0.95,Fixed λ=0.95,728,1079,0.01079
100000,fixed,0.95,Fixed λ=0.95,729,1079,0.01079
100000,fixed,0.95,Fixed λ=0.95,730,422,0.00422
100000,fixed,0.95,Fixed λ=0.95,731,1217,0.01217
100000,fixed,0.95,Fixed λ=0.95,732,1341,0.01341
100000,fixed,0.95,Fixed λ=0.95,733,445,0.00445
100000,fixed,0.95,Fixed λ=0.95,734,11,0.00011
100000,fixed,0.95,Fixed λ=0.95,735,707,0.00707
100000,fixed,0.95,Fixed λ=0.95,736,400,0.004
100000,fixed,0.95,Fixed λ=0.95,737,1484,0.01484
100000,fixed,0.95,Fixed λ=0.95,738,756,0.00756
100000,fixed,0.95,Fixed λ=0.95,739,698,0.00698
100000,fixed,0.95,Fixed λ=0.95,740,649,0.00649
100000,fixed,0.95,Fixed λ=0.95,741,714,0.00714
100000,fixed,0.95,Fixed λ=0.95,742,902,0.00902
100000,fixed,0.95,Fixed λ=0.95,743,430,0.0043
100000,fixed,0.95,Fixed λ=0.95,744,839,0.00839
100000,fixed,0.95,Fixed λ=0.95,745,380,0.0038
100000,fixed,0.95,Fixed λ=0.95,746,245,0.00245
100000,fixed,0.95,Fixed λ=0.95,747,662,0.00662
100000,fixed,0.95,Fixed λ=0.95,748,456,0.00456
100000,fixed,0.95,Fixed λ=0.95,749,576,0.00576
100000,fixed,0.95,Fixed λ=0.95,750,737,0.00737
100000,fixed,0.95,Fixed λ=0.95,751,1285,0.01285
100000,fixed,0.95,Fixed λ=0.95,752,902,0.00902
100000,fixed,0.95,Fixed λ=0.95,753,833,0.00833
100000,fixed,0.95,Fixed λ=0.95,754,871,0.00871
100000,fixed,0.95,Fixed λ=0.95,755,1138,0.01138
100000,fixed,0.95,Fixed λ=0.95,756,415,0.00415
100000,fixed,0.95,Fixed λ=0.95,757,307,0.00307
100000,fixed,0.95,Fixed λ=0.95,758,988,0.00988
100000,fixed,0.95,Fixed λ=0.95,759,417,0.00417
100000,fixed,0.95,Fixed λ=0.95,760,1277,0.01277
100000,fixed,0.95,Fixed λ=0.95,761,1081,0.01081
100000,fixed,0.95,Fixed λ=0.95,762,78,0.00078
100000,fixed,0.95,Fixed λ=0.95,763,959,0.00959
100000,fixed,0.95,Fixed λ=0.95,764,923,0.00923
100000,fixed,0.95,Fixed λ=0.95,765,721,0.00721
100000,fixed,0.95,Fixed λ=0.95,766,888,0.00888
100000,fixed,0.95,Fixed λ=0.95,767,770,0.0077
100000,fixed,0.95,Fixed λ=0.95,768,755,0.00755
100000,fixed,0.95,Fixed λ=0.95,769,619,0.00619
100000,fixed,0.95,Fixed λ=0.95,770,877,0.00877
100000,fixed,0.95,Fixed λ=0.95,771,844,0.00844
100000,fixed,0.95,Fixed λ=0.95,772,936,0.00936
100000,fixed,0.95,Fixed λ=0.95,773,640,0.0064
100000,fixed,0.95,Fixed λ=0.95,774,709,0.00709
100000,fixed,0.95,Fixed λ=0.95,775,1185,0.01185
100000,fixed,0.95,Fixed λ=0.95,776,601,0.00601
100000,fixed,0.95,Fixed λ=0.95,777,419,0.00419
100000,fixed,0.95,Fixed λ=0.95,778,782,0.00782
100000,fixed,0.95,Fixed λ=0.95,779,770,0.0077
100000,fixed,0.95,Fixed λ=0.95,780,782,0.00782
100000,fixed,0.95,Fixed λ=0.95,781,1035,0.01035
100000,fixed,0.95,Fixed λ=0.95,782,838,0.00838
100000,fixed,0.95,Fixed λ=0.95,783,529,0.00529
100000,fixed,0.95,Fixed λ=0.95,784,790,0.0079
100000,fixed,0.95,Fixed λ=0.95,785,761,0.00761
100000,fixed,0.95,Fixed λ=0.95,786,533,0.00533
100000,fixed,0.95,Fixed λ=0.95,787,976,0.00976
100000,fixed,0.95,Fixed λ=0.95,788,1336,0.01336
100000,fixed,0.95,Fixed λ=0.95,789,638,0.00638
100000,fixed,0.95,Fixed λ=0.95,790,1433,0.01433
100000,fixed,0.95,Fixed λ=0.95,791,1094,0.01094
100000,fixed,0.95,Fixed λ=0.95,792,1628,0.01628
100000,fixed,0.95,Fixed λ=0.95,793,1160,0.0116
100000,fixed,0.95,Fixed λ=0.95,794,430,0.0043
100000,fixed,0.95,Fixed λ=0.95,795,934,0.00934
100000,fixed,0.95,Fixed λ=0.95,796,534,0.00534
100000,fixed,0.95,Fixed λ=0.95,797,852,0.00852
100000,fixed,0.95,Fixed λ=0.95,798,585,0.00585
100000,fixed,0.95,Fixed λ=0.95,799,882,0.00882
100000,fixed,0.95,Fixed λ=0.95,800,579,0.00579
100000,fixed,0.95,Fixed λ=0.95,801,684,0.00684
100000,fixed,0.95,Fixed λ=0.95,802,931,0.00931
100000,fixed,0.95,Fixed λ=0.95,803,814,0.00814
100000,fixed,0.95,Fixed λ=0.95,804,406,0.00406
100000,fixed,0.95,Fixed λ=0.95,805,1358,0.01358
100000,fixed,0.95,Fixed λ=0.95,806,432,0.00432
100000,fixed,0.95,Fixed λ=0.95,807,640,0.0064
100000,fixed,0.95,Fixed λ=0.95,808,613,0.00613
100000,fixed,0.95,Fixed λ=0.95,809,1128,0.01128
100000,fixed,0.95,Fixed λ=0.95,810,1208,0.01208
100000,fixed,0.95,Fixed λ=0.95,811,1168,0.01168
100000,fixed,0.95,Fixed λ=0.95,812,416,0.00416
100000,fixed,0.95,Fixed λ=0.95,813,1093,0.01093
100000,fixed,0.95,Fixed λ=0.95,814,923,0.00923
100000,fixed,0.95,Fixed λ=0.95,815,864,0.00864
100000,fixed,0.95,Fixed λ=0.95,816,522,0.00522
100000,fixed,0.95,Fixed λ=0.95,817,507,0.00507
100000,fixed,0.95,Fixed λ=0.95,818,384,0.00384
100000,fixed,0.95,Fixed λ=0.95,819,73,0.00073
100000,fixed,0.95,Fixed λ=0.95,820,901,0.00901
100000,fixed,0.95,Fixed λ=0.95,821,742,0.00742
100000,fixed,0.95,Fixed λ=0.95,822,533,0.00533
100000,fixed,0.95,Fixed λ=0.95,823,623,0.00623
100000,fixed,0.95,Fixed λ=0.95,824,184,0.00184
100000,fixed,0.95,Fixed λ=0.95,825,534,0.00534
100000,fixed,0.95,Fixed λ=0.95,826,954,0.00954
100000,fixed,0.95,Fixed λ=0.95,827,290,0.0029
100000,fixed,0.95,Fixed λ=0.95,828,1242,0.01242
100000,fixed,0.95,Fixed λ=0.95,829,756,0.00756
100000,fixed,0.95,Fixed λ=0.95,830,1056,0.01056
100000,fixed,0.95,Fixed λ=0.95,831,1094,0.01094
100000,fixed,0.95,Fixed λ=0.95,832,932,0.00932
100000,fixed,0.95,Fixed λ=0.95,833,288,0.00288
100000,fixed,0.95,Fixed λ=0.95,834,1114,0.01114
100000,fixed,0.95,Fixed λ=0.95,835,1415,0.01415
100000,fixed,0.95,Fixed λ=0.95,836,925,0.00925
100000,fixed,0.95,Fixed λ=0.95,837,1073,0.01073
100000,fixed,0.95,Fixed λ=0.95,838,1142,0.01142
100000,fixed,0.95,Fixed λ=0.95,839,1111,0.01111
100000,fixed,0.95,Fixed λ=0.95,840,702,0.00702
100000,fixed,0.95,Fixed λ=0.95,841,999,0.00999
100000,fixed,0.95,Fixed λ=0.95,842,991,0.00991
100000,fixed,0.95,Fixed λ=0.95,843,1018,0.01018
100000,fixed,0.95,Fixed λ=0.95,844,1327,0.01327
100000,fixed,0.95,Fixed λ=0.95,845,569,0.00569
100000,fixed,0.95,Fixed λ=0.95,846,603,0.00603
100000,fixed,0.95,Fixed λ=0.95,847,602,0.00602
100000,fixed,0.95,Fixed λ=0.95,848,632,0.00632
100000,fixed,0.95,Fixed λ=0.95,849,1324,0.01324
100000,fixed,0.95,Fixed λ=0.95,850,280,0.0028
100000,fixed,0.95,Fixed λ=0.95,851,697,0.00697
100000,fixed,0.95,Fixed λ=0.95,852,618,0.00618
100000,fixed,0.95,Fixed λ=0.95,853,787,0.00787
100000,fixed,0.95,Fixed λ=0.95,854,804,0.00804
100000,fixed,0.95,Fixed λ=0.95,855,1170,0.0117
100000,fixed,0.95,Fixed λ=0.95,856,1399,0.01399
100000,fixed,0.95,Fixed λ=0.95,857,946,0.00946
100000,fixed,0.95,Fixed λ=0.95,858,633,0.00633
100000,fixed,0.95,Fixed λ=0.95,859,419,0.00419
100000,fixed,0.95,Fixed λ=0.95,860,368,0.00368
100000,fixed,0.95,Fixed λ=0.95,861,337,0.00337
100000,fixed,0.95,Fixed λ=0.95,862,567,0.00567
100000,fixed,0.95,Fixed λ=0.95,863,1424,0.01424
100000,fixed,0.95,Fixed λ=0.95,864,351,0.00351
100000,fixed,0.95,Fixed λ=0.95,865,1270,0.0127
100000,fixed,0.95,Fixed λ=0.95,866,412,0.00412
100000,fixed,0.95,Fixed λ=0.95,867,1187,0.01187
100000,fixed,0.95,Fixed λ=0.95,868,1257,0.01257
100000,fixed,0.95,Fixed λ=0.95,869,537,0.00537
100000,fixed,0.95,Fixed λ=0.95,870,1008,0.01008
100000,fixed,0.95,Fixed λ=0.95,871,996,0.00996
100000,fixed,0.95,Fixed λ=0.95,872,932,0.00932
100000,fixed,0.95,Fixed λ=0.95,873,535,0.00535
100000,fixed,0.95,Fixed λ=0.95,874,487,0.00487
100000,fixed,0.95,Fixed λ=0.95,875,595,0.00595
100000,fixed,0.95,Fixed λ=0.95,876,159,0.00159
100000,fixed,0.95,Fixed λ=0.95,877,1195,0.01195
100000,fixed,0.95,Fixed λ=0.95,878,223,0.00223
100000,fixed,0.95,Fixed λ=0.95,879,510,0.0051
100000,fixed,0.95,Fixed λ=0.95,880,927,0.00927
100000,fixed,0.95,Fixed λ=0.95,881,658,0.00658
100000,fixed,0.95,Fixed λ=0.95,882,621,0.00621
100000,fixed,0.95,Fixed λ=0.95,883,123,0.00123
100000,fixed,0.95,Fixed λ=0.95,884,963,0.00963
100000,fixed,0.95,Fixed λ=0.95,885,1880,0.0188
100000,fixed,0.95,Fixed λ=0.95,886,510,0.0051
100000,fixed,0.95,Fixed λ=0.95,887,872,0.00872
100000,fixed,0.95,Fixed λ=0.95,888,1014,0.01014
100000,fixed,0.95,Fixed λ=0.95,889,1111,0.01111
100000,fixed,0.95,Fixed λ=0.95,890,1934,0.01934
100000,fixed,0.95,Fixed λ=0.95,891,1249,0.01249
100000,fixed,0.95,Fixed λ=0.95,892,636,0.00636
100000,fixed,0.95,Fixed λ=0.95,893,1173,0.01173
100000,fixed,0.95,Fixed λ=0.95,894,511,0.00511
100000,fixed,0.95,Fixed λ=0.95,895,552,0.00552
100000,fixed,0.95,Fixed λ=0.95,896,699,0.00699
100000,fixed,0.95,Fixed λ=0.95,897,531,0.00531
100000,fixed,0.95,Fixed λ=0.95,898,357,0.00357
100000,fixed,0.95,Fixed λ=0.95,899,590,0.0059
100000,fixed,0.95,Fixed λ=0.95,900,733,0.00733
100000,fixed,0.95,Fixed λ=0.95,901,575,0.00575
100000,fixed,0.95,Fixed λ=0.95,902,619,0.00619
100000,fixed,0.95,Fixed λ=0.95,903,890,0.0089
100000,fixed,0.95,Fixed λ=0.95,904,631,0.00631
100000,fixed,0.95,Fixed λ=0.95,905,1059,0.01059
100000,fixed,0.95,Fixed λ=0.95,906,363,0.00363
100000,fixed,0.95,Fixed λ=0.95,907,1029,0.01029
100000,fixed,0.95,Fixed λ=0.95,908,753,0.00753
100000,fixed,0.95,Fixed λ=0.95,909,798,0.00798
100000,fixed,0.95,Fixed λ=0.95,910,1570,0.0157
100000,fixed,0.95,Fixed λ=0.95,911,874,0.00874
100000,fixed,0.95,Fixed λ=0.95,912,692,0.00692
100000,fixed,0.95,Fixed λ=0.95,913,581,0.00581
100000,fixed,0.95,Fixed λ=0.95,914,900,0.009
100000,fixed,0.95,Fixed λ=0.95,915,1199,0.01199
100000,fixed,0.95,Fixed λ=0.95,916,1041,0.01041
100000,fixed,0.95,Fixed λ=0.95,917,963,0.00963
100000,fixed,0.95,Fixed λ=0.95,918,1365,0.01365
100000,fixed,0.95,Fixed λ=0.95,919,524,0.00524
100000,fixed,0.95,Fixed λ=0.95,920,883,0.00883
100000,fixed,0.95,Fixed λ=0.95,921,533,0.00533
100000,fixed,0.95,Fixed λ=0.95,922,1697,0.01697
100000,fixed,0.95,Fixed λ=0.95,923,595,0.00595
100000,fixed,0.95,Fixed λ=0.95,924,1270,0.0127
100000,fixed,0.95,Fixed λ=0.95,925,807,0.00807
100000,fixed,0.95,Fixed λ=0.95,926,868,0.00868
100000,fixed,0.95,Fixed λ=0.95,927,740,0.0074
100000,fixed,0.95,Fixed λ=0.95,928,160,0.0016
100000,fixed,0.95,Fixed λ=0.95,929,869,0.00869
100000,fixed,0.95,Fixed λ=0.95,930,781,0.00781
100000,fixed,0.95,Fixed λ=0.95,931,619,0.00619
100000,fixed,0.95,Fixed λ=0.95,932,907,0.00907
100000,fixed,0.95,Fixed λ=0.95,933,969,0.00969
100000,fixed,0.95,Fixed λ=0.95,934,1427,0.01427
100000,fixed,0.95,Fixed λ=0.95,935,322,0.00322
100000,fixed,0.95,Fixed λ=0.95,936,1695,0.01695
100000,fixed,0.95,Fixed λ=0.95,937,657,0.00657
100000,fixed,0.95,Fixed λ=0.95,938,1149,0.01149
100000,fixed,0.95,Fixed λ=0.95,939,709,0.00709
100000,fixed,0.95,Fixed λ=0.95,940,1319,0.01319
100000,fixed,0.95,Fixed λ=0.95,941,370,0.0037
100000,fixed,0.95,Fixed λ=0.95,942,516,0.00516
100000,fixed,0.95,Fixed λ=0.95,943,731,0.00731
100000,fixed,0.95,Fixed λ=0.95,944,940,0.0094
100000,fixed,0.95,Fixed λ=0.95,945,640,0.0064
100000,fixed,0.95,Fixed λ=0.95,946,1433,0.01433
100000,fixed,0.95,Fixed λ=0.95,947,1176,0.01176
100000,fixed,0.95,Fixed λ=0.95,948,900,0.009
100000,fixed,0.95,Fixed λ=0.95,949,1118,0.01118
100000,fixed,0.95,Fixed λ=0.95,950,579,0.00579
100000,fixed,0.95,Fixed λ=0.95,951,794,0.00794
100000,fixed,0.95,Fixed λ=0.95,952,791,0.00791
100000,fixed,0.95,Fixed λ=0.95,953,1038,0.01038
100000,fixed,0.95,Fixed λ=0.95,954,862,0.00862
100000,fixed,0.95,Fixed λ=0.95,955,686,0.00686
100000,fixed,0.95,Fixed λ=0.95,956,707,0.00707
100000,fixed,0.95,Fixed λ=0.95,957,348,0.00348
100000,fixed,0.95,Fixed λ=0.95,958,1084,0.01084
100000,fixed,0.95,Fixed λ=0.95,959,500,0.005
100000,fixed,0.95,Fixed λ=0.95,960,1133,0.01133
100000,fixed,0.95,Fixed λ=0.95,961,343,0.00343
100000,fixed,0.95,Fixed λ=0.95,962,887,0.00887
100000,fixed,0.95,Fixed λ=0.95,963,920,0.0092
100000,fixed,0.95,Fixed λ=0.95,964,408,0.00408
100000,fixed,0.95,Fixed λ=0.95,965,422,0.00422
100000,fixed,0.95,Fixed λ=0.95,966,940,0.0094
100000,fixed,0.95,Fixed λ=0.95,967,351,0.00351
100000,fixed,0.95,Fixed λ=0.95,968,726,0.00726
100000,fixed,0.95,Fixed λ=0.95,969,0,0.0
100000,fixed,0.95,Fixed λ=0.95,970,725,0.00725
100000,fixed,0.95,Fixed λ=0.95,971,1782,0.01782
100000,fixed,0.95,Fixed λ=0.95,972,758,0.00758
100000,fixed,0.95,Fixed λ=0.95,973,554,0.00554
100000,fixed,0.95,Fixed λ=0.95,974,533,0.00533
100000,fixed,0.95,Fixed λ=0.95,975,841,0.00841
100000,fixed,0.95,Fixed λ=0.95,976,947,0.00947
100000,fixed,0.95,Fixed λ=0.95,977,966,0.00966
100000,fixed,0.95,Fixed λ=0.95,978,437,0.00437
100000,fixed,0.95,Fixed λ=0.95,979,449,0.00449
100000,fixed,0.95,Fixed λ=0.95,980,393,0.00393
100000,fixed,0.95,Fixed λ=0.95,981,476,0.00476
100000,fixed,0.95,Fixed λ=0.95,982,938,0.00938
100000,fixed,0.95,Fixed λ=0.95,983,800,0.008
100000,fixed,0.95,Fixed λ=0.95,984,983,0.00983
100000,fixed,0.95,Fixed λ=0.95,985,1429,0.01429
100000,fixed,0.95,Fixed λ=0.95,986,622,0.00622
100000,fixed,0.95,Fixed λ=0.95,987,803,0.00803
100000,fixed,0.95,Fixed λ=0.95,988,1160,0.0116
100000,fixed,0.95,Fixed λ=0.95,989,203,0.00203
100000,fixed,0.95,Fixed λ=0.95,990,196,0.00196
100000,fixed,0.95,Fixed λ=0.95,991,1041,0.01041
100000,fixed,0.95,Fixed λ=0.95,992,1108,0.01108
100000,fixed,0.95,Fixed λ=0.95,993,1073,0.01073
100000,fixed,0.95,Fixed λ=0.95,994,1189,0.01189
100000,fixed,0.95,Fixed λ=0.95,995,1107,0.01107
100000,fixed,0.95,Fixed λ=0.95,996,478,0.00478
100000,fixed,0.95,Fixed λ=0.95,997,1091,0.01091
100000,fixed,0.95,Fixed λ=0.95,998,990,0.0099
100000,fixed,0.95,Fixed λ=0.95,999,1125,0.01125
100000,none,1.0,No forgetting,0,1349,0.01349
100000,none,1.0,No forgetting,1,328,0.00328
100000,none,1.0,No forgetting,2,684,0.00684
100000,none,1.0,No forgetting,3,867,0.00867
100000,none,1.0,No forgetting,4,1417,0.01417
100000,none,1.0,No forgetting,5,1472,0.01472
100000,none,1.0,No forgetting,6,1914,0.01914
100000,none,1.0,No forgetting,7,1865,0.01865
100000,none,1.0,No forgetting,8,2138,0.02138
100000,none,1.0,No forgetting,9,853,0.00853
100000,none,1.0,No forgetting,10,1275,0.01275
100000,none,1.0,No forgetting,11,1901,0.01901
100000,none,1.0,No forgetting,12,1893,0.01893
100000,none,1.0,No forgetting,13,1933,0.01933
100000,none,1.0,No forgetting,14,1617,0.01617
100000,none,1.0,No forgetting,15,1236,0.01236
100000,none,1.0,No forgetting,16,1267,0.01267
100000,none,1.0,No forgetting,17,951,0.00951
100000,none,1.0,No forgetting,18,1448,0.01448
100000,none,1.0,No forgetting,19,2736,0.02736
100000,none,1.0,No forgetting,20,1079,0.01079
100000,none,1.0,No forgetting,21,904,0.00904
100000,none,1.0,No forgetting,22,1669,0.01669
100000,none,1.0,No forgetting,23,1226,0.01226
100000,none,1.0,No forgetting,24,2128,0.02128
100000,none,1.0,No forgetting,25,0,0.0
100000,none,1.0,No forgetting,26,2015,0.02015
100000,none,1.0,No forgetting,27,2195,0.02195
100000,none,1.0,No forgetting,28,1117,0.01117
100000,none,1.0,No forgetting,29,1209,0.01209
100000,none,1.0,No forgetting,30,1234,0.01234
100000,none,1.0,No forgetting,31,2487,0.02487
100000,none,1.0,No forgetting,32,1684,0.01684
100000,none,1.0,No forgetting,33,1749,0.01749
100000,none,1.0,No forgetting,34,2377,0.02377
100000,none,1.0,No forgetting,35,1282,0.01282
100000,none,1.0,No forgetting,36,1083,0.01083
100000,none,1.0,No forgetting,37,1857,0.01857
100000,none,1.0,No forgetting,38,1452,0.01452
100000,none,1.0,No forgetting,39,745,0.00745
100000,none,1.0,No forgetting,40,1776,0.01776
100000,none,1.0,No forgetting,41,2529,0.02529
100000,none,1.0,No forgetting,42,997,0.00997
100000,none,1.0,No forgetting,43,2252,0.02252
100000,none,1.0,No forgetting,44,1572,0.01572
100000,none,1.0,No forgetting,45,1287,0.01287
100000,none,1.0,No forgetting,46,128,0.00128
100000,none,1.0,No forgetting,47,1493,0.01493
100000,none,1.0,No forgetting,48,1117,0.01117
100000,none,1.0,No forgetting,49,1076,0.01076
100000,none,1.0,No forgetting,50,1502,0.01502
100000,none,1.0,No forgetting,51,2116,0.02116
100000,none,1.0,No forgetting,52,1561,0.01561
100000,none,1.0,No forgetting,53,603,0.00603
100000,none,1.0,No forgetting,54,1313,0.01313
100000,none,1.0,No forgetting,55,872,0.00872
100000,none,1.0,No forgetting,56,1967,0.01967
100000,none,1.0,No forgetting,57,1017,0.01017
100000,none,1.0,No forgetting,58,1271,0.01271
100000,none,1.0,No forgetting,59,1964,0.01964
100000,none,1.0,No forgetting,60,1062,0.01062
100000,none,1.0,No forgetting,61,2290,0.0229
100000,none,1.0,No forgetting,62,1904,0.01904
100000,none,1.0,No forgetting,63,1632,0.01632
100000,none,1.0,No forgetting,64,1398,0.01398
100000,none,1.0,No forgetting,65,1206,0.01206
100000,none,1.0,No forgetting,66,955,0.00955
100000,none,1.0,No forgetting,67,767,0.00767
100000,none,1.0,No forgetting,68,1863,0.01863
100000,none,1.0,No forgetting,69,763,0.00763
100000,none,1.0,No forgetting,70,1373,0.01373
100000,none,1.0,No forgetting,71,778,0.00778
100000,none,1.0,No forgetting,72,1338,0.01338
100000,none,1.0,No forgetting,73,1344,0.01344
100000,none,1.0,No forgetting,74,1460,0.0146
100000,none,1.0,No forgetting,75,894,0.00894
100000,none,1.0,No forgetting,76,2087,0.02087
100000,none,1.0,No forgetting,77,729,0.00729
100000,none,1.0,No forgetting,78,566,0.00566
100000,none,1.0,No forgetting,79,1437,0.01437
100000,none,1.0,No forgetting,80,1055,0.01055
100000,none,1.0,No forgetting,81,609,0.00609
100000,none,1.0,No forgetting,82,1494,0.01494
100000,none,1.0,No forgetting,83,1324,0.01324
100000,none,1.0,No forgetting,84,2191,0.02191
100000,none,1.0,No forgetting,85,1423,0.01423
100000,none,1.0,No forgetting,86,265,0.00265
100000,none,1.0,No forgetting,87,2037,0.02037
100000,none,1.0,No forgetting,88,1165,0.01165
100000,none,1.0,No forgetting,89,1886,0.01886
100000,none,1.0,No forgetting,90,1496,0.01496
100000,none,1.0,No forgetting,91,514,0.00514
100000,none,1.0,No forgetting,92,1202,0.01202
100000,none,1.0,No forgetting,93,2240,0.0224
100000,none,1.0,No forgetting,94,924,0.00924
100000,none,1.0,No forgetting,95,1014,0.01014
100000,none,1.0,No forgetting,96,291,0.00291
100000,none,1.0,No forgetting,97,1482,0.01482
100000,none,1.0,No forgetting,98,1048,0.01048
100000,none,1.0,No forgetting,99,2118,0.02118
100000,none,1.0,No forgetting,100,987,0.00987
100000,none,1.0,No forgetting,101,1067,0.01067
100000,none,1.0,No forgetting,102,1688,0.01688
100000,none,1.0,No forgetting,103,1173,0.01173
100000,none,1.0,No forgetting,104,1297,0.01297
100000,none,1.0,No forgetting,105,881,0.00881
100000,none,1.0,No forgetting,106,1338,0.01338
100000,none,1.0,No forgetting,107,2988,0.02988
100000,none,1.0,No forgetting,108,1054,0.01054
100000,none,1.0,No forgetting,109,1361,0.01361
100000,none,1.0,No forgetting,110,2007,0.02007
100000,none,1.0,No forgetting,111,1738,0.01738
100000,none,1.0,No forgetting,112,1092,0.01092
100000,none,1.0,No forgetting,113,1677,0.01677
100000,none,1.0,No forgetting,114,1319,0.01319
100000,none,1.0,No forgetting,115,1357,0.01357
100000,none,1.0,No forgetting,116,517,0.00517
100000,none,1.0,No forgetting,117,2566,0.02566
100000,none,1.0,No forgetting,118,853,0.00853
100000,none,1.0,No forgetting,119,855,0.00855
100000,none,1.0,No forgetting,120,1344,0.01344
100000,none,1.0,No forgetting,121,1934,0.01934
100000,none,1.0,No forgetting,122,1669,0.01669
100000,none,1.0,No forgetting,123,2601,0.02601
100000,none,1.0,No forgetting,124,1166,0.01166
100000,none,1.0,No forgetting,125,864,0.00864
100000,none,1.0,No forgetting,126,1872,0.01872
100000,none,1.0,No forgetting,127,931,0.00931
100000,none,1.0,No forgetting,128,1673,0.01673
100000,none,1.0,No forgetting,129,1241,0.01241
100000,none,1.0,No forgetting,130,1090,0.0109
100000,none,1.0,No forgetting,131,1065,0.01065
100000,none,1.0,No forgetting,132,1060,0.0106
100000,none,1.0,No forgetting,133,1795,0.01795
100000,none,1.0,No forgetting,134,551,0.00551
100000,none,1.0,No forgetting,135,2228,0.02228
100000,none,1.0,No forgetting,136,1234,0.01234
100000,none,1.0,No forgetting,137,1972,0.01972
100000,none,1.0,No forgetting,138,872,0.00872
100000,none,1.0,No forgetting,139,1755,0.01755
100000,none,1.0,No forgetting,140,2347,0.02347
100000,none,1.0,No forgetting,141,1626,0.01626
100000,none,1.0,No forgetting,142,1457,0.01457
100000,none,1.0,No forgetting,143,1965,0.01965
100000,none,1.0,No forgetting,144,1273,0.01273
100000,none,1.0,No forgetting,145,2130,0.0213
100000,none,1.0,No forgetting,146,1086,0.01086
100000,none,1.0,No forgetting,147,1801,0.01801
100000,none,1.0,No forgetting,148,1847,0.01847
100000,none,1.0,No forgetting,149,2018,0.02018
100000,none,1.0,No forgetting,150,1761,0.01761
100000,none,1.0,No forgetting,151,1936,0.01936
100000,none,1.0,No forgetting,152,532,0.00532
100000,none,1.0,No forgetting,153,763,0.00763
100000,none,1.0,No forgetting,154,1314,0.01314
100000,none,1.0,No forgetting,155,909,0.00909
100000,none,1.0,No forgetting,156,1581,0.01581
100000,none,1.0,No forgetting,157,1457,0.01457
100000,none,1.0,No forgetting,158,1614,0.01614
100000,none,1.0,No forgetting,159,492,0.00492
100000,none,1.0,No forgetting,160,1540,0.0154
100000,none,1.0,No forgetting,161,1418,0.01418
100000,none,1.0,No forgetting,162,1838,0.01838
100000,none,1.0,No forgetting,163,2126,0.02126
100000,none,1.0,No forgetting,164,1149,0.01149
100000,none,1.0,No forgetting,165,630,0.0063
100000,none,1.0,No forgetting,166,1678,0.01678
100000,none,1.0,No forgetting,167,1454,0.01454
100000,none,1.0,No forgetting,168,2203,0.02203
100000,none,1.0,No forgetting,169,370,0.0037
100000,none,1.0,No forgetting,170,737,0.00737
100000,none,1.0,No forgetting,171,673,0.00673
100000,none,1.0,No forgetting,172,1380,0.0138
100000,none,1.0,No forgetting,173,1512,0.01512
100000,none,1.0,No forgetting,174,1203,0.01203
100000,none,1.0,No forgetting,175,1495,0.01495
100000,none,1.0,No forgetting,176,2184,0.02184
100000,none,1.0,No forgetting,177,2482,0.02482
100000,none,1.0,No forgetting,178,859,0.00859
100000,none,1.0,No forgetting,179,1471,0.01471
100000,none,1.0,No forgetting,180,718,0.00718
100000,none,1.0,No forgetting,181,1873,0.01873
100000,none,1.0,No forgetting,182,2194,0.02194
100000,none,1.0,No forgetting,183,1019,0.01019
100000,none,1.0,No forgetting,184,1350,0.0135
100000,none,1.0,No forgetting,185,1508,0.01508
100000,none,1.0,No forgetting,186,1964,0.01964
100000,none,1.0,No forgetting,187,1462,0.01462
100000,none,1.0,No forgetting,188,1527,0.01527
100000,none,1.0,No forgetting,189,1733,0.01733
100000,none,1.0,No forgetting,190,1312,0.01312
100000,none,1.0,No forgetting,191,1513,0.01513
100000,none,1.0,No forgetting,192,3120,0.0312
100000,none,1.0,No forgetting,193,2221,0.02221
100000,none,1.0,No forgetting,194,1540,0.0154
100000,none,1.0,No forgetting,195,1511,0.01511
100000,none,1.0,No forgetting,196,1386,0.01386
100000,none,1.0,No forgetting,197,493,0.00493
100000,none,1.0,No forgetting,198,1544,0.01544
100000,none,1.0,No forgetting,199,642,0.00642
100000,none,1.0,No forgetting,200,1672,0.01672
100000,none,1.0,No forgetting,201,991,0.00991
100000,none,1.0,No forgetting,202,240,0.0024
100000,none,1.0,No forgetting,203,823,0.00823
100000,none,1.0,No forgetting,204,1224,0.01224
100000,none,1.0,No forgetting,205,1993,0.01993
100000,none,1.0,No forgetting,206,1521,0.01521
100000,none,1.0,No forgetting,207,1201,0.01201
100000,none,1.0,No forgetting,208,1400,0.014
100000,none,1.0,No forgetting,209,1317,0.01317
100000,none,1.0,No forgetting,210,1378,0.01378
100000,none,1.0,No forgetting,211,2111,0.02111
100000,none,1.0,No forgetting,212,958,0.00958
100000,none,1.0,No forgetting,213,1537,0.01537
100000,none,1.0,No forgetting,214,1315,0.01315
100000,none,1.0,No forgetting,215,828,0.00828
100000,none,1.0,No forgetting,216,131,0.00131
100000,none,1.0,No forgetting,217,3255,0.03255
100000,none,1.0,No forgetting,218,2164,0.02164
100000,none,1.0,No forgetting,219,2254,0.02254
100000,none,1.0,No forgetting,220,685,0.00685
100000,none,1.0,No forgetting,221,1529,0.01529
100000,none,1.0,No forgetting,222,852,0.00852
100000,none,1.0,No forgetting,223,1060,0.0106
100000,none,1.0,No forgetting,224,1680,0.0168
100000,none,1.0,No forgetting,225,1511,0.01511
100000,none,1.0,No forgetting,226,1954,0.01954
100000,none,1.0,No forgetting,227,1374,0.01374
100000,none,1.0,No forgetting,228,961,0.00961
100000,none,1.0,No forgetting,229,1456,0.01456
100000,none,1.0,No forgetting,230,982,0.00982
100000,none,1.0,No forgetting,231,1481,0.01481
100000,none,1.0,No forgetting,232,650,0.0065
100000,none,1.0,No forgetting,233,1416,0.01416
100000,none,1.0,No forgetting,234,1014,0.01014
100000,none,1.0,No forgetting,235,3280,0.0328
100000,none,1.0,No forgetting,236,2305,0.02305
100000,none,1.0,No forgetting,237,974,0.00974
100000,none,1.0,No forgetting,238,850,0.0085
100000,none,1.0,No forgetting,239,2379,0.02379
100000,none,1.0,No forgetting,240,1763,0.01763
100000,none,1.0,No forgetting,241,1272,0.01272
100000,none,1.0,No forgetting,242,1244,0.01244
100000,none,1.0,No forgetting,243,1607,0.01607
100000,none,1.0,No forgetting,244,1643,0.01643
100000,none,1.0,No forgetting,245,1335,0.01335
100000,none,1.0,No forgetting,246,1357,0.01357
100000,none,1.0,No forgetting,247,2129,0.02129
100000,none,1.0,No forgetting,248,2197,0.02197
100000,none,1.0,No forgetting,249,1936,0.01936
100000,none,1.0,No forgetting,250,719,0.00719
100000,none,1.0,No forgetting,251,685,0.00685
100000,none,1.0,No forgetting,252,1184,0.01184
100000,none,1.0,No forgetting,253,2016,0.02016
100000,none,1.0,No forgetting,254,2357,0.02357
100000,none,1.0,No forgetting,255,92,0.00092
100000,none,1.0,No forgetting,256,1538,0.01538
100000,none,1.0,No forgetting,257,1165,0.01165
100000,none,1.0,No forgetting,258,1968,0.01968
100000,none,1.0,No forgetting,259,2322,0.02322
100000,none,1.0,No forgetting,260,1903,0.01903
100000,none,1.0,No forgetting,261,640,0.0064
100000,none,1.0,No forgetting,262,621,0.00621
100000,none,1.0,No forgetting,263,1647,0.01647
100000,none,1.0,No forgetting,264,1078,0.01078
100000,none,1.0,No forgetting,265,624,0.00624
100000,none,1.0,No forgetting,266,2233,0.02233
100000,none,1.0,No forgetting,267,1016,0.01016
100000,none,1.0,No forgetting,268,1729,0.01729
100000,none,1.0,No forgetting,269,1253,0.01253
100000,none,1.0,No forgetting,270,820,0.0082
100000,none,1.0,No forgetting,271,1610,0.0161
100000,none,1.0,No forgetting,272,1072,0.01072
100000,none,1.0,No forgetting,273,435,0.00435
100000,none,1.0,No forgetting,274,593,0.00593
100000,none,1.0,No forgetting,275,1454,0.01454
100000,none,1.0,No forgetting,276,1150,0.0115
100000,none,1.0,No forgetting,277,1416,0.01416
100000,none,1.0,No forgetting,278,2546,0.02546
100000,none,1.0,No forgetting,279,1269,0.01269
100000,none,1.0,No forgetting,280,1321,0.01321
100000,none,1.0,No forgetting,281,445,0.00445
100000,none,1.0,No forgetting,282,442,0.00442
100000,none,1.0,No forgetting,283,1253,0.01253
100000,none,1.0,No forgetting,284,1508,0.01508
100000,none,1.0,No forgetting,285,2995,0.02995
100000,none,1.0,No forgetting,286,2475,0.02475
100000,none,1.0,No forgetting,287,595,0.00595
100000,none,1.0,No forgetting,288,534,0.00534
100000,none,1.0,No forgetting,289,1419,0.01419
100000,none,1.0,No forgetting,290,1990,0.0199
100000,none,1.0,No forgetting,291,211,0.00211
100000,none,1.0,No forgetting,292,982,0.00982
100000,none,1.0,No forgetting,293,1260,0.0126
100000,none,1.0,No forgetting,294,1773,0.01773
100000,none,1.0,No forgetting,295,1091,0.01091
100000,none,1.0,No forgetting,296,217,0.00217
100000,none,1.0,No forgetting,297,1461,0.01461
100000,none,1.0,No forgetting,298,691,0.00691
100000,none,1.0,No forgetting,299,1937,0.01937
100000,none,1.0,No forgetting,300,0,0.0
100000,none,1.0,No forgetting,301,1965,0.01965
100000,none,1.0,No forgetting,302,1538,0.01538
100000,none,1.0,No forgetting,303,1333,0.01333
100000,none,1.0,No forgetting,304,1098,0.01098
100000,none,1.0,No forgetting,305,2888,0.02888
100000,none,1.0,No forgetting,306,1238,0.01238
100000,none,1.0,No forgetting,307,1804,0.01804
100000,none,1.0,No forgetting,308,516,0.00516
100000,none,1.0,No forgetting,309,1834,0.01834
100000,none,1.0,No forgetting,310,1791,0.01791
100000,none,1.0,No forgetting,311,1158,0.01158
100000,none,1.0,No forgetting,312,2321,0.02321
100000,none,1.0,No forgetting,313,1057,0.01057
100000,none,1.0,No forgetting,314,1403,0.01403
100000,none,1.0,No forgetting,315,1956,0.01956
100000,none,1.0,No forgetting,316,1741,0.01741
100000,none,1.0,No forgetting,317,1619,0.01619
100000,none,1.0,No forgetting,318,602,0.00602
100000,none,1.0,No forgetting,319,1189,0.01189
100000,none,1.0,No forgetting,320,1537,0.01537
100000,none,1.0,No forgetting,321,1256,0.01256
100000,none,1.0,No forgetting,322,2304,0.02304
100000,none,1.0,No forgetting,323,1969,0.01969
100000,none,1.0,No forgetting,324,1306,0.01306
100000,none,1.0,No forgetting,325,1148,0.01148
100000,none,1.0,No forgetting,326,1202,0.01202
100000,none,1.0,No forgetting,327,1228,0.01228
100000,none,1.0,No forgetting,328,453,0.00453
100000,none,1.0,No forgetting,329,1987,0.01987
100000,none,1.0,No forgetting,330,1101,0.01101
100000,none,1.0,No forgetting,331,2888,0.02888
100000,none,1.0,No forgetting,332,1605,0.01605
100000,none,1.0,No forgetting,333,1854,0.01854
100000,none,1.0,No forgetting,334,1313,0.01313
100000,none,1.0,No forgetting,335,1969,0.01969
100000,none,1.0,No forgetting,336,1631,0.01631
100000,none,1.0,No forgetting,337,1809,0.01809
100000,none,1.0,No forgetting,338,1229,0.01229
100000,none,1.0,No forgetting,339,1063,0.01063
100000,none,1.0,No forgetting,340,1931,0.01931
100000,none,1.0,No forgetting,341,1197,0.01197
100000,none,1.0,No forgetting,342,2444,0.02444
100000,none,1.0,No forgetting,343,872,0.00872
100000,none,1.0,No forgetting,344,1115,0.01115
100000,none,1.0,No forgetting,345,2097,0.02097
100000,none,1.0,No forgetting,346,2130,0.0213
100000,none,1.0,No forgetting,347,1872,0.01872
100000,none,1.0,No forgetting,348,700,0.007
100000,none,1.0,No forgetting,349,1621,0.01621
100000,none,1.0,No forgetting,350,117,0.00117
100000,none,1.0,No forgetting,351,1769,0.01769
100000,none,1.0,No forgetting,352,2171,0.02171
100000,none,1.0,No forgetting,353,1395,0.01395
100000,none,1.0,No forgetting,354,1122,0.01122
100000,none,1.0,No forgetting,355,683,0.00683
100000,none,1.0,No forgetting,356,1973,0.01973
100000,none,1.0,No forgetting,357,2300,0.023
100000,none,1.0,No forgetting,358,506,0.00506
100000,none,1.0,No forgetting,359,1224,0.01224
100000,none,1.0,No forgetting,360,1373,0.01373
100000,none,1.0,No forgetting,361,1460,0.0146
100000,none,1.0,No forgetting,362,1418,0.01418
100000,none,1.0,No forgetting,363,903,0.00903
100000,none,1.0,No forgetting,364,1564,0.01564
100000,none,1.0,No forgetting,365,1551,0.01551
100000,none,1.0,No forgetting,366,1442,0.01442
100000,none,1.0,No forgetting,367,1704,0.01704
100000,none,1.0,No forgetting,368,2190,0.0219
100000,none,1.0,No forgetting,369,2395,0.02395
100000,none,1.0,No forgetting,370,869,0.00869
100000,none,1.0,No forgetting,371,1075,0.01075
100000,none,1.0,No forgetting,372,1730,0.0173
100000,none,1.0,No forgetting,373,869,0.00869
100000,none,1.0,No forgetting,374,2004,0.02004
100000,none,1.0,No forgetting,375,841,0.00841
100000,none,1.0,No forgetting,376,1419,0.01419
100000,none,1.0,No forgetting,377,672,0.00672
100000,none,1.0,No forgetting,378,2343,0.02343
100000,none,1.0,No forgetting,379,1578,0.01578
100000,none,1.0,No forgetting,380,1604,0.01604
100000,none,1.0,No forgetting,381,1782,0.01782
100000,none,1.0,No forgetting,382,978,0.00978
100000,none,1.0,No forgetting,383,1163,0.01163
100000,none,1.0,No forgetting,384,1336,0.01336
100000,none,1.0,No forgetting,385,1321,0.01321
100000,none,1.0,No forgetting,386,903,0.00903
100000,none,1.0,No forgetting,387,936,0.00936
100000,none,1.0,No forgetting,388,1471,0.01471
100000,none,1.0,No forgetting,389,576,0.00576
100000,none,1.0,No forgetting,390,624,0.00624
100000,none,1.0,No forgetting,391,743,0.00743
100000,none,1.0,No forgetting,392,1558,0.01558
100000,none,1.0,No forgetting,393,1170,0.0117
100000,none,1.0,No forgetting,394,1621,0.01621
100000,none,1.0,No forgetting,395,2052,0.02052
100000,none,1.0,No forgetting,396,1722,0.01722
100000,none,1.0,No forgetting,397,1854,0.01854
100000,none,1.0,No forgetting,398,2194,0.02194
100000,none,1.0,No forgetting,399,1342,0.01342
100000,none,1.0,No forgetting,400,1126,0.01126
100000,none,1.0,No forgetting,401,1850,0.0185
100000,none,1.0,No forgetting,402,2233,0.02233
100000,none,1.0,No forgetting,403,1256,0.01256
100000,none,1.0,No forgetting,404,944,0.00944
100000,none,1.0,No forgetting,405,797,0.00797
100000,none,1.0,No forgetting,406,986,0.00986
100000,none,1.0,No forgetting,407,3483,0.03483
100000,none,1.0,No forgetting,408,710,0.0071
100000,none,1.0,No forgetting,409,752,0.00752
100000,none,1.0,No forgetting,410,576,0.00576
100000,none,1.0,No forgetting,411,2299,0.02299
100000,none,1.0,No forgetting,412,1838,0.01838
100000,none,1.0,No forgetting,413,1502,0.01502
100000,none,1.0,No forgetting,414,1696,0.01696
100000,none,1.0,No forgetting,415,1456,0.01456
100000,none,1.0,No forgetting,416,1410,0.0141
100000,none,1.0,No forgetting,417,1387,0.01387
100000,none,1.0,No forgetting,418,1418,0.01418
100000,none,1.0,No forgetting,419,925,0.00925
100000,none,1.0,No forgetting,420,992,0.00992
100000,none,1.0,No forgetting,421,1444,0.01444
100000,none,1.0,No forgetting,422,1327,0.01327
100000,none,1.0,No forgetting,423,499,0.00499
100000,none,1.0,No forgetting,424,2464,0.02464
100000,none,1.0,No forgetting,425,1367,0.01367
100000,none,1.0,No forgetting,426,1691,0.01691
100000,none,1.0,No forgetting,427,2150,0.0215
100000,none,1.0,No forgetting,428,2393,0.02393
100000,none,1.0,No forgetting,429,1017,0.01017
100000,none,1.0,No forgetting,430,1096,0.01096
100000,none,1.0,No forgetting,431,2308,0.02308
100000,none,1.0,No forgetting,432,1369,0.01369
100000,none,1.0,No forgetting,433,1361,0.01361
100000,none,1.0,No forgetting,434,1290,0.0129
100000,none,1.0,No forgetting,435,966,0.00966
100000,none,1.0,No forgetting,436,1483,0.01483
100000,none,1.0,No forgetting,437,1829,0.01829
100000,none,1.0,No forgetting,438,2237,0.02237
100000,none,1.0,No forgetting,439,1856,0.01856
100000,none,1.0,No forgetting,440,2034,0.02034
100000,none,1.0,No forgetting,441,1944,0.01944
100000,none,1.0,No forgetting,442,2237,0.02237
100000,none,1.0,No forgetting,443,749,0.00749
100000,none,1.0,No forgetting,444,2732,0.02732
100000,none,1.0,No forgetting,445,1167,0.01167
100000,none,1.0,No forgetting,446,566,0.00566
100000,none,1.0,No forgetting,447,1667,0.01667
100000,none,1.0,No forgetting,448,2045,0.02045
100000,none,1.0,No forgetting,449,2457,0.02457
100000,none,1.0,No forgetting,450,1381,0.01381
100000,none,1.0,No forgetting,451,2130,0.0213
100000,none,1.0,No forgetting,452,2150,0.0215
100000,none,1.0,No forgetting,453,2436,0.02436
100000,none,1.0,No forgetting,454,1628,0.01628
100000,none,1.0,No forgetting,455,1601,0.01601
100000,none,1.0,No forgetting,456,1881,0.01881
100000,none,1.0,No forgetting,457,2276,0.02276
100000,none,1.0,No forgetting,458,1935,0.01935
100000,none,1.0,No forgetting,459,763,0.00763
100000,none,1.0,No forgetting,460,1624,0.01624
100000,none,1.0,No forgetting,461,625,0.00625
100000,none,1.0,No forgetting,462,1244,0.01244
100000,none,1.0,No forgetting,463,1555,0.01555
100000,none,1.0,No forgetting,464,1136,0.01136
100000,none,1.0,No forgetting,465,1120,0.0112
100000,none,1.0,No forgetting,466,1537,0.01537
100000,none,1.0,No forgetting,467,1430,0.0143
100000,none,1.0,No forgetting,468,1367,0.01367
100000,none,1.0,No forgetting,469,1911,0.01911
100000,none,1.0,No forgetting,470,551,0.00551
100000,none,1.0,No forgetting,471,555,0.00555
100000,none,1.0,No forgetting,472,684,0.00684
100000,none,1.0,No forgetting,473,3092,0.03092
100000,none,1.0,No forgetting,474,1591,0.01591
100000,none,1.0,No forgetting,475,510,0.0051
100000,none,1.0,No forgetting,476,994,0.00994
100000,none,1.0,No forgetting,477,1405,0.01405
100000,none,1.0,No forgetting,478,2122,0.02122
100000,none,1.0,No forgetting,479,1251,0.01251
100000,none,1.0,No forgetting,480,696,0.00696
100000,none,1.0,No forgetting,481,1726,0.01726
100000,none,1.0,No forgetting,482,1634,0.01634
100000,none,1.0,No forgetting,483,1099,0.01099
100000,none,1.0,No forgetting,484,972,0.00972
100000,none,1.0,No forgetting,485,703,0.00703
100000,none,1.0,No forgetting,486,711,0.00711
100000,none,1.0,No forgetting,487,1649,0.01649
100000,none,1.0,No forgetting,488,150,0.0015
100000,none,1.0,No forgetting,489,736,0.00736
100000,none,1.0,No forgetting,490,757,0.00757
100000,none,1.0,No forgetting,491,1909,0.01909
100000,none,1.0,No forgetting,492,1301,0.01301
100000,none,1.0,No forgetting,493,1763,0.01763
100000,none,1.0,No forgetting,494,647,0.00647
100000,none,1.0,No forgetting,495,953,0.00953
100000,none,1.0,No forgetting,496,1538,0.01538
100000,none,1.0,No forgetting,497,1699,0.01699
100000,none,1.0,No forgetting,498,1859,0.01859
100000,none,1.0,No forgetting,499,3177,0.03177
100000,none,1.0,No forgetting,500,1127,0.01127
100000,none,1.0,No forgetting,501,1248,0.01248
100000,none,1.0,No forgetting,502,1573,0.01573
100000,none,1.0,No forgetting,503,1046,0.01046
100000,none,1.0,No forgetting,504,1644,0.01644
100000,none,1.0,No forgetting,505,1193,0.01193
100000,none,1.0,No forgetting,506,1809,0.01809
100000,none,1.0,No forgetting,507,1332,0.01332
100000,none,1.0,No forgetting,508,1032,0.01032
100000,none,1.0,No forgetting,509,1023,0.01023
100000,none,1.0,No forgetting,510,2046,0.02046
100000,none,1.0,No forgetting,511,2117,0.02117
100000,none,1.0,No forgetting,512,1005,0.01005
100000,none,1.0,No forgetting,513,1298,0.01298
100000,none,1.0,No forgetting,514,718,0.00718
100000,none,1.0,No forgetting,515,641,0.00641
100000,none,1.0,No forgetting,516,1295,0.01295
100000,none,1.0,No forgetting,517,2630,0.0263
100000,none,1.0,No forgetting,518,785,0.00785
100000,none,1.0,No forgetting,519,722,0.00722
100000,none,1.0,No forgetting,520,792,0.00792
100000,none,1.0,No forgetting,521,1733,0.01733
100000,none,1.0,No forgetting,522,1934,0.01934
100000,none,1.0,No forgetting,523,927,0.00927
100000,none,1.0,No forgetting,524,1897,0.01897
100000,none,1.0,No forgetting,525,841,0.00841
100000,none,1.0,No forgetting,526,1664,0.01664
100000,none,1.0,No forgetting,527,1518,0.01518
100000,none,1.0,No forgetting,528,1650,0.0165
100000,none,1.0,No forgetting,529,828,0.00828
100000,none,1.0,No forgetting,530,1277,0.01277
100000,none,1.0,No forgetting,531,499,0.00499
100000,none,1.0,No forgetting,532,1437,0.01437
100000,none,1.0,No forgetting,533,2512,0.02512
100000,none,1.0,No forgetting,534,1440,0.0144
100000,none,1.0,No forgetting,535,407,0.00407
100000,none,1.0,No forgetting,536,1466,0.01466
100000,none,1.0,No forgetting,537,955,0.00955
100000,none,1.0,No forgetting,538,757,0.00757
100000,none,1.0,No forgetting,539,1968,0.01968
100000,none,1.0,No forgetting,540,920,0.0092
100000,none,1.0,No forgetting,541,346,0.00346
100000,none,1.0,No forgetting,542,182,0.00182
100000,none,1.0,No forgetting,543,532,0.00532
100000,none,1.0,No forgetting,544,813,0.00813
100000,none,1.0,No forgetting,545,1282,0.01282
100000,none,1.0,No forgetting,546,1753,0.01753
100000,none,1.0,No forgetting,547,2264,0.02264
100000,none,1.0,No forgetting,548,1110,0.0111
100000,none,1.0,No forgetting,549,991,0.00991
100000,none,1.0,No forgetting,550,1544,0.01544
100000,none,1.0,No forgetting,551,1452,0.01452
100000,none,1.0,No forgetting,552,715,0.00715
100000,none,1.0,No forgetting,553,2863,0.02863
100000,none,1.0,No forgetting,554,1291,0.01291
100000,none,1.0,No forgetting,555,1793,0.01793
100000,none,1.0,No forgetting,556,393,0.00393
100000,none,1.0,No forgetting,557,1503,0.01503
100000,none,1.0,No forgetting,558,1311,0.01311
100000,none,1.0,No forgetting,559,2221,0.02221
100000,none,1.0,No forgetting,560,2986,0.02986
100000,none,1.0,No forgetting,561,2312,0.02312
100000,none,1.0,No forgetting,562,1843,0.01843
100000,none,1.0,No forgetting,563,818,0.00818
100000,none,1.0,No forgetting,564,1110,0.0111
100000,none,1.0,No forgetting,565,1150,0.0115
100000,none,1.0,No forgetting,566,2222,0.02222
100000,none,1.0,No forgetting,567,2221,0.02221
100000,none,1.0,No forgetting,568,1537,0.01537
100000,none,1.0,No forgetting,569,1425,0.01425
100000,none,1.0,No forgetting,570,814,0.00814
100000,none,1.0,No forgetting,571,1019,0.01019
100000,none,1.0,No forgetting,572,1604,0.01604
100000,none,1.0,No forgetting,573,1443,0.01443
100000,none,1.0,No forgetting,574,1859,0.01859
100000,none,1.0,No forgetting,575,591,0.00591
100000,none,1.0,No forgetting,576,2697,0.02697
100000,none,1.0,No forgetting,577,1058,0.01058
100000,none,1.0,No forgetting,578,2216,0.02216
100000,none,1.0,No forgetting,579,871,0.00871
100000,none,1.0,No forgetting,580,2562,0.02562
100000,none,1.0,No forgetting,581,2018,0.02018
100000,none,1.0,No forgetting,582,506,0.00506
100000,none,1.0,No forgetting,583,1252,0.01252
100000,none,1.0,No forgetting,584,1018,0.01018
100000,none,1.0,No forgetting,585,654,0.00654
100000,none,1.0,No forgetting,586,812,0.00812
100000,none,1.0,No forgetting,587,942,0.00942
100000,none,1.0,No forgetting,588,829,0.00829
100000,none,1.0,No forgetting,589,1375,0.01375
100000,none,1.0,No forgetting,590,1709,0.01709
100000,none,1.0,No forgetting,591,1981,0.01981
100000,none,1.0,No forgetting,592,790,0.0079
100000,none,1.0,No forgetting,593,2443,0.02443
100000,none,1.0,No forgetting,594,833,0.00833
100000,none,1.0,No forgetting,595,981,0.00981
100000,none,1.0,No forgetting,596,2284,0.02284
100000,none,1.0,No forgetting,597,1812,0.01812
100000,none,1.0,No forgetting,598,2239,0.02239
100000,none,1.0,No forgetting,599,1309,0.01309
100000,none,1.0,No forgetting,600,2564,0.02564
100000,none,1.0,No forgetting,601,970,0.0097
100000,none,1.0,No forgetting,602,570,0.0057
100000,none,1.0,No forgetting,603,838,0.00838
100000,none,1.0,No forgetting,604,867,0.00867
100000,none,1.0,No forgetting,605,1579,0.01579
100000,none,1.0,No forgetting,606,1275,0.01275
100000,none,1.0,No forgetting,607,887,0.00887
100000,none,1.0,No forgetting,608,2514,0.02514
100000,none,1.0,No forgetting,609,954,0.00954
100000,none,1.0,No forgetting,610,2229,0.02229
100000,none,1.0,No forgetting,611,1333,0.01333
100000,none,1.0,No forgetting,612,864,0.00864
100000,none,1.0,No forgetting,613,1775,0.01775
100000,none,1.0,No forgetting,614,1166,0.01166
100000,none,1.0,No forgetting,615,1278,0.01278
100000,none,1.0,No forgetting,616,2092,0.02092
100000,none,1.0,No forgetting,617,1071,0.01071
100000,none,1.0,No forgetting,618,1551,0.01551
100000,none,1.0,No forgetting,619,582,0.00582
100000,none,1.0,No forgetting,620,2162,0.02162
100000,none,1.0,No forgetting,621,2372,0.02372
100000,none,1.0,No forgetting,622,1400,0.014
100000,none,1.0,No forgetting,623,717,0.00717
100000,none,1.0,No forgetting,624,1172,0.01172
100000,none,1.0,No forgetting,625,2002,0.02002
100000,none,1.0,No forgetting,626,3131,0.03131
100000,none,1.0,No forgetting,627,1355,0.01355
100000,none,1.0,No forgetting,628,1350,0.0135
100000,none,1.0,No forgetting,629,1118,0.01118
100000,none,1.0,No forgetting,630,1589,0.01589
100000,none,1.0,No forgetting,631,1294,0.01294
100000,none,1.0,No forgetting,632,1317,0.01317
100000,none,1.0,No forgetting,633,2448,0.02448
100000,none,1.0,No forgetting,634,1572,0.01572
100000,none,1.0,No forgetting,635,994,0.00994
100000,none,1.0,No forgetting,636,1343,0.01343
100000,none,1.0,No forgetting,637,1766,0.01766
100000,none,1.0,No forgetting,638,1257,0.01257
100000,none,1.0,No forgetting,639,1511,0.01511
100000,none,1.0,No forgetting,640,1542,0.01542
100000,none,1.0,No forgetting,641,1720,0.0172
100000,none,1.0,No forgetting,642,2129,0.02129
100000,none,1.0,No forgetting,643,2425,0.02425
100000,none,1.0,No forgetting,644,1365,0.01365
100000,none,1.0,No forgetting,645,2098,0.02098
100000,none,1.0,No forgetting,646,2029,0.02029
100000,none,1.0,No forgetting,647,567,0.00567
100000,none,1.0,No forgetting,648,1582,0.01582
100000,none,1.0,No forgetting,649,2093,0.02093
100000,none,1.0,No forgetting,650,1593,0.01593
100000,none,1.0,No forgetting,651,854,0.00854
100000,none,1.0,No forgetting,652,1986,0.01986
100000,none,1.0,No forgetting,653,1464,0.01464
100000,none,1.0,No forgetting,654,1001,0.01001
100000,none,1.0,No forgetting,655,1334,0.01334
100000,none,1.0,No forgetting,656,891,0.00891
100000,none,1.0,No forgetting,657,943,0.00943
100000,none,1.0,No forgetting,658,2280,0.0228
100000,none,1.0,No forgetting,659,945,0.00945
100000,none,1.0,No forgetting,660,1910,0.0191
100000,none,1.0,No forgetting,661,1249,0.01249
100000,none,1.0,No forgetting,662,1051,0.01051
100000,none,1.0,No forgetting,663,1296,0.01296
100000,none,1.0,No forgetting,664,1356,0.01356
100000,none,1.0,No forgetting,665,1889,0.01889
100000,none,1.0,No forgetting,666,485,0.00485
100000,none,1.0,No forgetting,667,1460,0.0146
100000,none,1.0,No forgetting,668,1958,0.01958
100000,none,1.0,No forgetting,669,1077,0.01077
100000,none,1.0,No forgetting,670,1958,0.01958
100000,none,1.0,No forgetting,671,1207,0.01207
100000,none,1.0,No forgetting,672,1577,0.01577
100000,none,1.0,No forgetting,673,1258,0.01258
100000,none,1.0,No forgetting,674,1833,0.01833
100000,none,1.0,No forgetting,675,960,0.0096
100000,none,1.0,No forgetting,676,1447,0.01447
100000,none,1.0,No forgetting,677,115,0.00115
100000,none,1.0,No forgetting,678,1242,0.01242
100000,none,1.0,No forgetting,679,1700,0.017
100000,none,1.0,No forgetting,680,1625,0.01625
100000,none,1.0,No forgetting,681,1788,0.01788
100000,none,1.0,No forgetting,682,1737,0.01737
100000,none,1.0,No forgetting,683,1893,0.01893
100000,none,1.0,No forgetting,684,1076,0.01076
100000,none,1.0,No forgetting,685,1226,0.01226
100000,none,1.0,No forgetting,686,1335,0.01335
100000,none,1.0,No forgetting,687,794,0.00794
100000,none,1.0,No forgetting,688,414,0.00414
100000,none,1.0,No forgetting,689,1226,0.01226
100000,none,1.0,No forgetting,690,1859,0.01859
100000,none,1.0,No forgetting,691,1855,0.01855
100000,none,1.0,No forgetting,692,1609,0.01609
100000,none,1.0,No forgetting,693,1646,0.01646
100000,none,1.0,No forgetting,694,1857,0.01857
100000,none,1.0,No forgetting,695,1016,0.01016
100000,none,1.0,No forgetting,696,1889,0.01889
100000,none,1.0,No forgetting,697,1089,0.01089
100000,none,1.0,No forgetting,698,1577,0.01577
100000,none,1.0,No forgetting,699,757,0.00757
100000,none,1.0,No forgetting,700,1063,0.01063
100000,none,1.0,No forgetting,701,877,0.00877
100000,none,1.0,No forgetting,702,1229,0.01229
100000,none,1.0,No forgetting,703,1138,0.01138
100000,none,1.0,No forgetting,704,1096,0.01096
100000,none,1.0,No forgetting,705,685,0.00685
100000,none,1.0,No forgetting,706,580,0.0058
100000,none,1.0,No forgetting,707,1505,0.01505
100000,none,1.0,No forgetting,708,1598,0.01598
100000,none,1.0,No forgetting,709,805,0.00805
100000,none,1.0,No forgetting,710,2050,0.0205
100000,none,1.0,No forgetting,711,1170,0.0117
100000,none,1.0,No forgetting,712,2071,0.02071
100000,none,1.0,No forgetting,713,722,0.00722
100000,none,1.0,No forgetting,714,1336,0.01336
100000,none,1.0,No forgetting,715,454,0.00454
100000,none,1.0,No forgetting,716,559,0.00559
100000,none,1.0,No forgetting,717,2497,0.02497
100000,none,1.0,No forgetting,718,1932,0.01932
100000,none,1.0,No forgetting,719,1750,0.0175
100000,none,1.0,No forgetting,720,788,0.00788
100000,none,1.0,No forgetting,721,1889,0.01889
100000,none,1.0,No forgetting,722,1589,0.01589
100000,none,1.0,No forgetting,723,279,0.00279
100000,none,1.0,No forgetting,724,1545,0.01545
100000,none,1.0,No forgetting,725,1599,0.01599
100000,none,1.0,No forgetting,726,1717,0.01717
100000,none,1.0,No forgetting,727,1958,0.01958
100000,none,1.0,No forgetting,728,285,0.00285
100000,none,1.0,No forgetting,729,932,0.00932
100000,none,1.0,No forgetting,730,1098,0.01098
100000,none,1.0,No forgetting,731,1418,0.01418
100000,none,1.0,No forgetting,732,1325,0.01325
100000,none,1.0,No forgetting,733,1461,0.01461
100000,none,1.0,No forgetting,734,936,0.00936
100000,none,1.0,No forgetting,735,2667,0.02667
100000,none,1.0,No forgetting,736,1417,0.01417
100000,none,1.0,No forgetting,737,635,0.00635
100000,none,1.0,No forgetting,738,1520,0.0152
100000,none,1.0,No forgetting,739,1981,0.01981
100000,none,1.0,No forgetting,740,710,0.0071
100000,none,1.0,No forgetting,741,1586,0.01586
100000,none,1.0,No forgetting,742,2485,0.02485
100000,none,1.0,No forgetting,743,1901,0.01901
100000,none,1.0,No forgetting,744,1548,0.01548
100000,none,1.0,No forgetting,745,1352,0.01352
100000,none,1.0,No forgetting,746,1394,0.01394
100000,none,1.0,No forgetting,747,798,0.00798
100000,none,1.0,No forgetting,748,744,0.00744
100000,none,1.0,No forgetting,749,918,0.00918
100000,none,1.0,No forgetting,750,1551,0.01551
100000,none,1.0,No forgetting,751,2357,0.02357
100000,none,1.0,No forgetting,752,2158,0.02158
100000,none,1.0,No forgetting,753,1552,0.01552
100000,none,1.0,No forgetting,754,919,0.00919
100000,none,1.0,No forgetting,755,732,0.00732
100000,none,1.0,No forgetting,756,1113,0.01113
100000,none,1.0,No forgetting,757,1668,0.01668
100000,none,1.0,No forgetting,758,2121,0.02121
100000,none,1.0,No forgetting,759,2276,0.02276
100000,none,1.0,No forgetting,760,557,0.00557
100000,none,1.0,No forgetting,761,1219,0.01219
100000,none,1.0,No forgetting,762,1626,0.01626
100000,none,1.0,No forgetting,763,1656,0.01656
100000,none,1.0,No forgetting,764,891,0.00891
100000,none,1.0,No forgetting,765,2451,0.02451
100000,none,1.0,No forgetting,766,509,0.00509
100000,none,1.0,No forgetting,767,988,0.00988
100000,none,1.0,No forgetting,768,998,0.00998
100000,none,1.0,No forgetting,769,2032,0.02032
100000,none,1.0,No forgetting,770,585,0.00585
100000,none,1.0,No forgetting,771,1678,0.01678
100000,none,1.0,No forgetting,772,2040,0.0204
100000,none,1.0,No forgetting,773,1010,0.0101
100000,none,1.0,No forgetting,774,408,0.00408
100000,none,1.0,No forgetting,775,1881,0.01881
100000,none,1.0,No forgetting,776,1267,0.01267
100000,none,1.0,No forgetting,777,944,0.00944
100000,none,1.0,No forgetting,778,1405,0.01405
100000,none,1.0,No forgetting,779,1689,0.01689
100000,none,1.0,No forgetting,780,746,0.00746
100000,none,1.0,No forgetting,781,1329,0.01329
100000,none,1.0,No forgetting,782,706,0.00706
100000,none,1.0,No forgetting,783,1375,0.01375
100000,none,1.0,No forgetting,784,1203,0.01203
100000,none,1.0,No forgetting,785,1852,0.01852
100000,none,1.0,No forgetting,786,1377,0.01377
100000,none,1.0,No forgetting,787,1779,0.01779
100000,none,1.0,No forgetting,788,1802,0.01802
100000,none,1.0,No forgetting,789,1070,0.0107
100000,none,1.0,No forgetting,790,2050,0.0205
100000,none,1.0,No forgetting,791,1634,0.01634
100000,none,1.0,No forgetting,792,1661,0.01661
100000,none,1.0,No forgetting,793,963,0.00963
100000,none,1.0,No forgetting,794,1664,0.01664
100000,none,1.0,No forgetting,795,1127,0.01127
100000,none,1.0,No forgetting,796,358,0.00358
100000,none,1.0,No forgetting,797,1830,0.0183
100000,none,1.0,No forgetting,798,141,0.00141
100000,none,1.0,No forgetting,799,1605,0.01605
100000,none,1.0,No forgetting,800,397,0.00397
100000,none,1.0,No forgetting,801,794,0.00794
100000,none,1.0,No forgetting,802,1147,0.01147
100000,none,1.0,No forgetting,803,1053,0.01053
100000,none,1.0,No forgetting,804,691,0.00691
100000,none,1.0,No forgetting,805,750,0.0075
100000,none,1.0,No forgetting,806,1760,0.0176
100000,none,1.0,No forgetting,807,665,0.00665
100000,none,1.0,No forgetting,808,541,0.00541
100000,none,1.0,No forgetting,809,734,0.00734
100000,none,1.0,No forgetting,810,1045,0.01045
100000,none,1.0,No forgetting,811,1097,0.01097
100000,none,1.0,No forgetting,812,1461,0.01461
100000,none,1.0,No forgetting,813,667,0.00667
100000,none,1.0,No forgetting,814,1412,0.01412
100000,none,1.0,No forgetting,815,1111,0.01111
100000,none,1.0,No forgetting,816,653,0.00653
100000,none,1.0,No forgetting,817,2154,0.02154
100000,none,1.0,No forgetting,818,1272,0.01272
100000,none,1.0,No forgetting,819,395,0.00395
100000,none,1.0,No forgetting,820,1186,0.01186
100000,none,1.0,No forgetting,821,1543,0.01543
100000,none,1.0,No forgetting,822,993,0.00993
100000,none,1.0,No forgetting,823,2002,0.02002
100000,none,1.0,No forgetting,824,322,0.00322
100000,none,1.0,No forgetting,825,2320,0.0232
100000,none,1.0,No forgetting,826,874,0.00874
100000,none,1.0,No forgetting,827,908,0.00908
100000,none,1.0,No forgetting,828,1877,0.01877
100000,none,1.0,No forgetting,829,1238,0.01238
100000,none,1.0,No forgetting,830,289,0.00289
100000,none,1.0,No forgetting,831,532,0.00532
100000,none,1.0,No forgetting,832,663,0.00663
100000,none,1.0,No forgetting,833,1135,0.01135
100000,none,1.0,No forgetting,834,746,0.00746
100000,none,1.0,No forgetting,835,941,0.00941
100000,none,1.0,No forgetting,836,2029,0.02029
100000,none,1.0,No forgetting,837,264,0.00264
100000,none,1.0,No forgetting,838,2049,0.02049
100000,none,1.0,No forgetting,839,1825,0.01825
100000,none,1.0,No forgetting,840,1317,0.01317
100000,none,1.0,No forgetting,841,756,0.00756
100000,none,1.0,No forgetting,842,676,0.00676
100000,none,1.0,No forgetting,843,1686,0.01686
100000,none,1.0,No forgetting,844,2188,0.02188
100000,none,1.0,No forgetting,845,400,0.004
100000,none,1.0,No forgetting,846,1420,0.0142
100000,none,1.0,No forgetting,847,1617,0.01617
100000,none,1.0,No forgetting,848,1541,0.01541
100000,none,1.0,No forgetting,849,1206,0.01206
100000,none,1.0,No forgetting,850,1598,0.01598
100000,none,1.0,No forgetting,851,1112,0.01112
100000,none,1.0,No forgetting,852,1475,0.01475
100000,none,1.0,No forgetting,853,1707,0.01707
100000,none,1.0,No forgetting,854,1049,0.01049
100000,none,1.0,No forgetting,855,2443,0.02443
100000,none,1.0,No forgetting,856,513,0.00513
100000,none,1.0,No forgetting,857,587,0.00587
100000,none,1.0,No forgetting,858,1635,0.01635
100000,none,1.0,No forgetting,859,781,0.00781
100000,none,1.0,No forgetting,860,899,0.00899
100000,none,1.0,No forgetting,861,1748,0.01748
100000,none,1.0,No forgetting,862,1596,0.01596
100000,none,1.0,No forgetting,863,1309,0.01309
100000,none,1.0,No forgetting,864,2497,0.02497
100000,none,1.0,No forgetting,865,1318,0.01318
100000,none,1.0,No forgetting,866,1187,0.01187
100000,none,1.0,No forgetting,867,1324,0.01324
100000,none,1.0,No forgetting,868,1628,0.01628
100000,none,1.0,No forgetting,869,1063,0.01063
100000,none,1.0,No forgetting,870,966,0.00966
100000,none,1.0,No forgetting,871,685,0.00685
100000,none,1.0,No forgetting,872,2290,0.0229
100000,none,1.0,No forgetting,873,2301,0.02301
100000,none,1.0,No forgetting,874,1218,0.01218
100000,none,1.0,No forgetting,875,794,0.00794
100000,none,1.0,No forgetting,876,2120,0.0212
100000,none,1.0,No forgetting,877,2045,0.02045
100000,none,1.0,No forgetting,878,1007,0.01007
100000,none,1.0,No forgetting,879,2218,0.02218
100000,none,1.0,No forgetting,880,778,0.00778
100000,none,1.0,No forgetting,881,1446,0.01446
100000,none,1.0,No forgetting,882,1107,0.01107
100000,none,1.0,No forgetting,883,772,0.00772
100000,none,1.0,No forgetting,884,1693,0.01693
100000,none,1.0,No forgetting,885,1300,0.013
100000,none,1.0,No forgetting,886,688,0.00688
100000,none,1.0,No forgetting,887,776,0.00776
100000,none,1.0,No forgetting,888,1378,0.01378
100000,none,1.0,No forgetting,889,770,0.0077
100000,none,1.0,No forgetting,890,1716,0.01716
100000,none,1.0,No forgetting,891,2188,0.02188
100000,none,1.0,No forgetting,892,532,0.00532
100000,none,1.0,No forgetting,893,1786,0.01786
100000,none,1.0,No forgetting,894,1769,0.01769
100000,none,1.0,No forgetting,895,1689,0.01689
100000,none,1.0,No forgetting,896,1506,0.01506
100000,none,1.0,No forgetting,897,2227,0.02227
100000,none,1.0,No forgetting,898,907,0.00907
100000,none,1.0,No forgetting,899,514,0.00514
100000,none,1.0,No forgetting,900,370,0.0037
100000,none,1.0,No forgetting,901,1531,0.01531
100000,none,1.0,No forgetting,902,2286,0.02286
100000,none,1.0,No forgetting,903,1071,0.01071
100000,none,1.0,No forgetting,904,1421,0.01421
100000,none,1.0,No forgetting,905,1526,0.01526
100000,none,1.0,No forgetting,906,101,0.00101
100000,none,1.0,No forgetting,907,1894,0.01894
100000,none,1.0,No forgetting,908,871,0.00871
100000,none,1.0,No forgetting,909,636,0.00636
100000,none,1.0,No forgetting,910,894,0.00894
100000,none,1.0,No forgetting,911,749,0.00749
100000,none,1.0,No forgetting,912,273,0.00273
100000,none,1.0,No forgetting,913,1064,0.01064
100000,none,1.0,No forgetting,914,1784,0.01784
100000,none,1.0,No forgetting,915,1152,0.01152
100000,none,1.0,No forgetting,916,1067,0.01067
100000,none,1.0,No forgetting,917,30,0.0003
100000,none,1.0,No forgetting,918,1346,0.01346
100000,none,1.0,No forgetting,919,688,0.00688
100000,none,1.0,No forgetting,920,978,0.00978
100000,none,1.0,No forgetting,921,517,0.00517
100000,none,1.0,No forgetting,922,969,0.00969
100000,none,1.0,No forgetting,923,2283,0.02283
100000,none,1.0,No forgetting,924,1251,0.01251
100000,none,1.0,No forgetting,925,690,0.0069
100000,none,1.0,No forgetting,926,1380,0.0138
100000,none,1.0,No forgetting,927,425,0.00425
100000,none,1.0,No forgetting,928,1652,0.01652
100000,none,1.0,No forgetting,929,2359,0.02359
100000,none,1.0,No forgetting,930,2211,0.02211
100000,none,1.0,No forgetting,931,1643,0.01643
100000,none,1.0,No forgetting,932,1047,0.01047
100000,none,1.0,No forgetting,933,866,0.00866
100000,none,1.0,No forgetting,934,1761,0.01761
100000,none,1.0,No forgetting,935,1644,0.01644
100000,none,1.0,No forgetting,936,890,0.0089
100000,none,1.0,No forgetting,937,420,0.0042
100000,none,1.0,No forgetting,938,877,0.00877
100000,none,1.0,No forgetting,939,1298,0.01298
100000,none,1.0,No forgetting,940,644,0.00644
100000,none,1.0,No forgetting,941,1518,0.01518
100000,none,1.0,No forgetting,942,1805,0.01805
100000,none,1.0,No forgetting,943,2165,0.02165
100000,none,1.0,No forgetting,944,1060,0.0106
100000,none,1.0,No forgetting,945,2260,0.0226
100000,none,1.0,No forgetting,946,612,0.00612
100000,none,1.0,No forgetting,947,1661,0.01661
100000,none,1.0,No forgetting,948,1791,0.01791
100000,none,1.0,No forgetting,949,1964,0.01964
100000,none,1.0,No forgetting,950,70,0.0007
100000,none,1.0,No forgetting,951,1008,0.01008
100000,none,1.0,No forgetting,952,1021,0.01021
100000,none,1.0,No forgetting,953,943,0.00943
100000,none,1.0,No forgetting,954,1524,0.01524
100000,none,1.0,No forgetting,955,1231,0.01231
100000,none,1.0,No forgetting,956,1284,0.01284
100000,none,1.0,No forgetting,957,1119,0.01119
100000,none,1.0,No forgetting,958,1364,0.01364
100000,none,1.0,No forgetting,959,1643,0.01643
100000,none,1.0,No forgetting,960,754,0.00754
100000,none,1.0,No forgetting,961,1576,0.01576
100000,none,1.0,No forgetting,962,1537,0.01537
100000,none,1.0,No forgetting,963,671,0.00671
100000,none,1.0,No forgetting,964,990,0.0099
100000,none,1.0,No forgetting,965,1819,0.01819
100000,none,1.0,No forgetting,966,2076,0.02076
100000,none,1.0,No forgetting,967,1260,0.0126
100000,none,1.0,No forgetting,968,496,0.00496
100000,none,1.0,No forgetting,969,1012,0.01012
100000,none,1.0,No forgetting,970,861,0.00861
100000,none,1.0,No forgetting,971,1337,0.01337
100000,none,1.0,No forgetting,972,3067,0.03067
100000,none,1.0,No forgetting,973,618,0.00618
100000,none,1.0,No forgetting,974,3162,0.03162
100000,none,1.0,No forgetting,975,1064,0.01064
100000,none,1.0,No forgetting,976,1579,0.01579
100000,none,1.0,No forgetting,977,1391,0.01391
100000,none,1.0,No forgetting,978,235,0.00235
100000,none,1.0,No forgetting,979,1178,0.01178
100000,none,1.0,No forgetting,980,1094,0.01094
100000,none,1.0,No forgetting,981,1503,0.01503
100000,none,1.0,No forgetting,982,577,0.00577
100000,none,1.0,No forgetting,983,1471,0.01471
100000,none,1.0,No forgetting,984,363,0.00363
100000,none,1.0,No forgetting,985,1248,0.01248
100000,none,1.0,No forgetting,986,1825,0.01825
100000,none,1.0,No forgetting,987,1260,0.0126
100000,none,1.0,No forgetting,988,261,0.00261
100000,none,1.0,No forgetting,989,1675,0.01675
100000,none,1.0,No forgetting,990,1315,0.01315
100000,none,1.0,No forgetting,991,755,0.00755
100000,none,1.0,No forgetting,992,563,0.00563
100000,none,1.0,No forgetting,993,907,0.00907
100000,none,1.0,No forgetting,994,1180,0.0118
100000,none,1.0,No forgetting,995,1366,0.01366
100000,none,1.0,No forgetting,996,1281,0.01281
100000,none,1.0,No forgetting,997,1911,0.01911
100000,none,1.0,No forgetting,998,1303,0.01303
100000,none,1.0,No forgetting,999,2080,0.0208
