N,degree,coupling,seeds,trial,cascade_size
5000,2,0.55,4,0,8
5000,2,0.55,4,1,6
5000,2,0.55,4,2,4
5000,2,0.55,4,3,5
5000,2,0.55,4,4,6
5000,2,0.55,4,5,8
5000,2,0.55,4,6,6
5000,2,0.55,4,7,4
5000,2,0.55,4,8,5
5000,2,0.55,4,9,9
5000,2,0.55,4,10,6
5000,2,0.55,4,11,7
5000,2,0.55,4,12,1
5000,2,0.55,4,13,6
5000,2,0.55,4,14,7
5000,2,0.55,4,15,5
5000,2,0.55,4,16,13
5000,2,0.55,4,17,4
5000,2,0.55,4,18,4
5000,2,0.55,4,19,4
5000,2,0.55,4,20,7
5000,2,0.55,4,21,6
5000,2,0.55,4,22,5
5000,2,0.55,4,23,2
5000,2,0.55,4,24,5
5000,2,0.55,4,25,6
5000,2,0.55,4,26,7
5000,2,0.55,4,27,6
5000,2,0.55,4,28,5
5000,2,0.55,4,29,9
5000,2,0.55,4,30,6
5000,2,0.55,4,31,2
5000,2,0.55,4,32,8
5000,2,0.55,4,33,7
5000,2,0.55,4,34,14
5000,2,0.55,4,35,4
5000,2,0.55,4,36,9
5000,2,0.55,4,37,7
5000,2,0.55,4,38,5
5000,2,0.55,4,39,5
5000,2,0.55,4,40,4
5000,2,0.55,4,41,5
5000,2,0.55,4,42,7
5000,2,0.55,4,43,11
5000,2,0.55,4,44,6
5000,2,0.55,4,45,2
5000,2,0.55,4,46,5
5000,2,0.55,4,47,6
5000,2,0.55,4,48,8
5000,2,0.55,4,49,7
5000,2,0.55,4,50,4
5000,2,0.55,4,51,8
5000,2,0.55,4,52,12
5000,2,0.55,4,53,8
5000,2,0.55,4,54,4
5000,2,0.55,4,55,3
5000,2,0.55,4,56,5
5000,2,0.55,4,57,6
5000,2,0.55,4,58,5
5000,2,0.55,4,59,7
5000,2,0.55,4,60,5
5000,2,0.55,4,61,5
5000,2,0.55,4,62,6
5000,2,0.55,4,63,5
5000,2,0.55,4,64,8
5000,2,0.55,4,65,8
5000,2,0.55,4,66,6
5000,2,0.55,4,67,10
5000,2,0.55,4,68,4
5000,2,0.55,4,69,6
5000,2,0.55,4,70,7
5000,2,0.55,4,71,7
5000,2,0.55,4,72,5
5000,2,0.55,4,73,5
5000,2,0.55,4,74,4
5000,2,0.55,4,75,8
5000,2,0.55,4,76,7
5000,2,0.55,4,77,6
5000,2,0.55,4,78,6
5000,2,0.55,4,79,10
5000,2,0.55,4,80,8
5000,2,0.55,4,81,7
5000,2,0.55,4,82,7
5000,2,0.55,4,83,8
5000,2,0.55,4,84,6
5000,2,0.55,4,85,10
5000,2,0.55,4,86,8
5000,2,0.55,4,87,7
5000,2,0.55,4,88,8
5000,2,0.55,4,89,6
5000,2,0.55,4,90,4
5000,2,0.55,4,91,8
5000,2,0.55,4,92,3
5000,2,0.55,4,93,11
5000,2,0.55,4,94,6
5000,2,0.55,4,95,3
5000,2,0.55,4,96,2
5000,2,0.55,4,97,7
5000,2,0.55,4,98,10
5000,2,0.55,4,99,7
5000,2,0.55,4,100,4
5000,2,0.55,4,101,10
5000,2,0.55,4,102,4
5000,2,0.55,4,103,4
5000,2,0.55,4,104,8
5000,2,0.55,4,105,7
5000,2,0.55,4,106,12
5000,2,0.55,4,107,7
5000,2,0.55,4,108,4
5000,2,0.55,4,109,6
5000,2,0.55,4,110,1
5000,2,0.55,4,111,7
5000,2,0.55,4,112,5
5000,2,0.55,4,113,5
5000,2,0.55,4,114,8
5000,2,0.55,4,115,7
5000,2,0.55,4,116,8
5000,2,0.55,4,117,1
5000,2,0.55,4,118,4
5000,2,0.55,4,119,3
20000,2,0.55,4,0,6
20000,2,0.55,4,1,2
20000,2,0.55,4,2,5
20000,2,0.55,4,3,5
20000,2,0.55,4,4,4
20000,2,0.55,4,5,8
20000,2,0.55,4,6,9
20000,2,0.55,4,7,6
20000,2,0.55,4,8,9
20000,2,0.55,4,9,4
20000,2,0.55,4,10,6
20000,2,0.55,4,11,8
20000,2,0.55,4,12,5
20000,2,0.55,4,13,4
20000,2,0.55,4,14,6
20000,2,0.55,4,15,4
20000,2,0.55,4,16,1
20000,2,0.55,4,17,5
20000,2,0.55,4,18,5
20000,2,0.55,4,19,6
20000,2,0.55,4,20,5
20000,2,0.55,4,21,6
20000,2,0.55,4,22,7
20000,2,0.55,4,23,6
20000,2,0.55,4,24,5
20000,2,0.55,4,25,5
20000,2,0.55,4,26,6
20000,2,0.55,4,27,5
20000,2,0.55,4,28,5
20000,2,0.55,4,29,6
20000,2,0.55,4,30,7
20000,2,0.55,4,31,3
20000,2,0.55,4,32,4
20000,2,0.55,4,33,3
20000,2,0.55,4,34,5
20000,2,0.55,4,35,8
20000,2,0.55,4,36,4
20000,2,0.55,4,37,5
20000,2,0.55,4,38,6
20000,2,0.55,4,39,7
20000,2,0.55,4,40,3
20000,2,0.55,4,41,7
20000,2,0.55,4,42,4
20000,2,0.55,4,43,4
20000,2,0.55,4,44,7
20000,2,0.55,4,45,7
20000,2,0.55,4,46,8
20000,2,0.55,4,47,7
20000,2,0.55,4,48,5
20000,2,0.55,4,49,2
20000,2,0.55,4,50,6
20000,2,0.55,4,51,4
20000,2,0.55,4,52,7
20000,2,0.55,4,53,7
20000,2,0.55,4,54,4
20000,2,0.55,4,55,5
20000,2,0.55,4,56,7
20000,2,0.55,4,57,11
20000,2,0.55,4,58,4
20000,2,0.55,4,59,3
20000,2,0.55,4,60,2
20000,2,0.55,4,61,6
20000,2,0.55,4,62,4
20000,2,0.55,4,63,6
20000,2,0.55,4,64,7
20000,2,0.55,4,65,5
20000,2,0.55,4,66,6
20000,2,0.55,4,67,6
20000,2,0.55,4,68,3
20000,2,0.55,4,69,12
20000,2,0.55,4,70,5
20000,2,0.55,4,71,6
20000,2,0.55,4,72,7
20000,2,0.55,4,73,7
20000,2,0.55,4,74,4
20000,2,0.55,4,75,4
20000,2,0.55,4,76,8
20000,2,0.55,4,77,5
20000,2,0.55,4,78,10
20000,2,0.55,4,79,8
20000,2,0.55,4,80,5
20000,2,0.55,4,81,5
20000,2,0.55,4,82,8
20000,2,0.55,4,83,2
20000,2,0.55,4,84,4
20000,2,0.55,4,85,2
20000,2,0.55,4,86,8
20000,2,0.55,4,87,6
20000,2,0.55,4,88,2
20000,2,0.55,4,89,8
20000,2,0.55,4,90,10
20000,2,0.55,4,91,0
20000,2,0.55,4,92,6
20000,2,0.55,4,93,10
20000,2,0.55,4,94,8
20000,2,0.55,4,95,12
20000,2,0.55,4,96,5
20000,2,0.55,4,97,6
20000,2,0.55,4,98,4
20000,2,0.55,4,99,7
20000,2,0.55,4,100,6
20000,2,0.55,4,101,6
20000,2,0.55,4,102,9
20000,2,0.55,4,103,9
20000,2,0.55,4,104,4
20000,2,0.55,4,105,11
20000,2,0.55,4,106,2
20000,2,0.55,4,107,12
20000,2,0.55,4,108,4
20000,2,0.55,4,109,3
20000,2,0.55,4,110,6
20000,2,0.55,4,111,6
20000,2,0.55,4,112,6
20000,2,0.55,4,113,7
20000,2,0.55,4,114,7
20000,2,0.55,4,115,8
20000,2,0.55,4,116,7
20000,2,0.55,4,117,9
20000,2,0.55,4,118,5
20000,2,0.55,4,119,5
5000,2,0.7,4,0,10
5000,2,0.7,4,1,10
5000,2,0.7,4,2,8
5000,2,0.7,4,3,10
5000,2,0.7,4,4,10
5000,2,0.7,4,5,10
5000,2,0.7,4,6,9
5000,2,0.7,4,7,7
5000,2,0.7,4,8,8
5000,2,0.7,4,9,10
5000,2,0.7,4,10,7
5000,2,0.7,4,11,8
5000,2,0.7,4,12,10
5000,2,0.7,4,13,5
5000,2,0.7,4,14,8
5000,2,0.7,4,15,9
5000,2,0.7,4,16,10
5000,2,0.7,4,17,14
5000,2,0.7,4,18,6
5000,2,0.7,4,19,9
5000,2,0.7,4,20,11
5000,2,0.7,4,21,8
5000,2,0.7,4,22,5
5000,2,0.7,4,23,4
5000,2,0.7,4,24,1
5000,2,0.7,4,25,2
5000,2,0.7,4,26,9
5000,2,0.7,4,27,6
5000,2,0.7,4,28,4
5000,2,0.7,4,29,6
5000,2,0.7,4,30,13
5000,2,0.7,4,31,4
5000,2,0.7,4,32,4
5000,2,0.7,4,33,7
5000,2,0.7,4,34,13
5000,2,0.7,4,35,7
5000,2,0.7,4,36,5
5000,2,0.7,4,37,6
5000,2,0.7,4,38,11
5000,2,0.7,4,39,5
5000,2,0.7,4,40,5
5000,2,0.7,4,41,13
5000,2,0.7,4,42,6
5000,2,0.7,4,43,4
5000,2,0.7,4,44,7
5000,2,0.7,4,45,9
5000,2,0.7,4,46,5
5000,2,0.7,4,47,8
5000,2,0.7,4,48,5
5000,2,0.7,4,49,6
5000,2,0.7,4,50,14
5000,2,0.7,4,51,7
5000,2,0.7,4,52,5
5000,2,0.7,4,53,7
5000,2,0.7,4,54,9
5000,2,0.7,4,55,6
5000,2,0.7,4,56,4
5000,2,0.7,4,57,9
5000,2,0.7,4,58,2
5000,2,0.7,4,59,9
5000,2,0.7,4,60,12
5000,2,0.7,4,61,9
5000,2,0.7,4,62,11
5000,2,0.7,4,63,12
5000,2,0.7,4,64,2
5000,2,0.7,4,65,6
5000,2,0.7,4,66,5
5000,2,0.7,4,67,3
5000,2,0.7,4,68,11
5000,2,0.7,4,69,13
5000,2,0.7,4,70,8
5000,2,0.7,4,71,5
5000,2,0.7,4,72,9
5000,2,0.7,4,73,9
5000,2,0.7,4,74,6
5000,2,0.7,4,75,9
5000,2,0.7,4,76,4
5000,2,0.7,4,77,10
5000,2,0.7,4,78,11
5000,2,0.7,4,79,10
5000,2,0.7,4,80,4
5000,2,0.7,4,81,2
5000,2,0.7,4,82,12
5000,2,0.7,4,83,7
5000,2,0.7,4,84,3
5000,2,0.7,4,85,8
5000,2,0.7,4,86,4
5000,2,0.7,4,87,7
5000,2,0.7,4,88,2
5000,2,0.7,4,89,10
5000,2,0.7,4,90,6
5000,2,0.7,4,91,8
5000,2,0.7,4,92,4
5000,2,0.7,4,93,13
5000,2,0.7,4,94,7
5000,2,0.7,4,95,7
5000,2,0.7,4,96,10
5000,2,0.7,4,97,7
5000,2,0.7,4,98,9
5000,2,0.7,4,99,9
5000,2,0.7,4,100,12
5000,2,0.7,4,101,1
5000,2,0.7,4,102,8
5000,2,0.7,4,103,6
5000,2,0.7,4,104,4
5000,2,0.7,4,105,7
5000,2,0.7,4,106,10
5000,2,0.7,4,107,6
5000,2,0.7,4,108,5
5000,2,0.7,4,109,6
5000,2,0.7,4,110,8
5000,2,0.7,4,111,14
5000,2,0.7,4,112,7
5000,2,0.7,4,113,6
5000,2,0.7,4,114,6
5000,2,0.7,4,115,11
5000,2,0.7,4,116,5
5000,2,0.7,4,117,5
5000,2,0.7,4,118,11
5000,2,0.7,4,119,6
20000,2,0.7,4,0,5
20000,2,0.7,4,1,7
20000,2,0.7,4,2,5
20000,2,0.7,4,3,5
20000,2,0.7,4,4,7
20000,2,0.7,4,5,10
20000,2,0.7,4,6,6
20000,2,0.7,4,7,6
20000,2,0.7,4,8,12
20000,2,0.7,4,9,12
20000,2,0.7,4,10,5
20000,2,0.7,4,11,4
20000,2,0.7,4,12,9
20000,2,0.7,4,13,6
20000,2,0.7,4,14,8
20000,2,0.7,4,15,6
20000,2,0.7,4,16,6
20000,2,0.7,4,17,14
20000,2,0.7,4,18,9
20000,2,0.7,4,19,4
20000,2,0.7,4,20,11
20000,2,0.7,4,21,4
20000,2,0.7,4,22,6
20000,2,0.7,4,23,5
20000,2,0.7,4,24,11
20000,2,0.7,4,25,7
20000,2,0.7,4,26,6
20000,2,0.7,4,27,5
20000,2,0.7,4,28,9
20000,2,0.7,4,29,5
20000,2,0.7,4,30,4
20000,2,0.7,4,31,5
20000,2,0.7,4,32,7
20000,2,0.7,4,33,9
20000,2,0.7,4,34,7
20000,2,0.7,4,35,7
20000,2,0.7,4,36,11
20000,2,0.7,4,37,7
20000,2,0.7,4,38,8
20000,2,0.7,4,39,11
20000,2,0.7,4,40,6
20000,2,0.7,4,41,13
20000,2,0.7,4,42,8
20000,2,0.7,4,43,8
20000,2,0.7,4,44,14
20000,2,0.7,4,45,11
20000,2,0.7,4,46,11
20000,2,0.7,4,47,4
20000,2,0.7,4,48,7
20000,2,0.7,4,49,10
20000,2,0.7,4,50,7
20000,2,0.7,4,51,9
20000,2,0.7,4,52,10
20000,2,0.7,4,53,9
20000,2,0.7,4,54,10
20000,2,0.7,4,55,6
20000,2,0.7,4,56,11
20000,2,0.7,4,57,11
20000,2,0.7,4,58,9
20000,2,0.7,4,59,7
20000,2,0.7,4,60,9
20000,2,0.7,4,61,5
20000,2,0.7,4,62,9
20000,2,0.7,4,63,5
20000,2,0.7,4,64,14
20000,2,0.7,4,65,5
20000,2,0.7,4,66,11
20000,2,0.7,4,67,10
20000,2,0.7,4,68,12
20000,2,0.7,4,69,9
20000,2,0.7,4,70,5
20000,2,0.7,4,71,11
20000,2,0.7,4,72,8
20000,2,0.7,4,73,13
20000,2,0.7,4,74,9
20000,2,0.7,4,75,10
20000,2,0.7,4,76,12
20000,2,0.7,4,77,10
20000,2,0.7,4,78,5
20000,2,0.7,4,79,7
20000,2,0.7,4,80,5
20000,2,0.7,4,81,5
20000,2,0.7,4,82,3
20000,2,0.7,4,83,8
20000,2,0.7,4,84,3
20000,2,0.7,4,85,10
20000,2,0.7,4,86,9
20000,2,0.7,4,87,17
20000,2,0.7,4,88,5
20000,2,0.7,4,89,20
20000,2,0.7,4,90,5
20000,2,0.7,4,91,12
20000,2,0.7,4,92,11
20000,2,0.7,4,93,4
20000,2,0.7,4,94,9
20000,2,0.7,4,95,11
20000,2,0.7,4,96,13
20000,2,0.7,4,97,5
20000,2,0.7,4,98,5
20000,2,0.7,4,99,8
20000,2,0.7,4,100,4
20000,2,0.7,4,101,11
20000,2,0.7,4,102,13
20000,2,0.7,4,103,8
20000,2,0.7,4,104,10
20000,2,0.7,4,105,9
20000,2,0.7,4,106,10
20000,2,0.7,4,107,3
20000,2,0.7,4,108,10
20000,2,0.7,4,109,8
20000,2,0.7,4,110,3
20000,2,0.7,4,111,6
20000,2,0.7,4,112,6
20000,2,0.7,4,113,6
20000,2,0.7,4,114,7
20000,2,0.7,4,115,5
20000,2,0.7,4,116,8
20000,2,0.7,4,117,7
20000,2,0.7,4,118,8
20000,2,0.7,4,119,5
5000,2,0.85,4,0,17
5000,2,0.85,4,1,9
5000,2,0.85,4,2,11
5000,2,0.85,4,3,11
5000,2,0.85,4,4,10
5000,2,0.85,4,5,7
5000,2,0.85,4,6,8
5000,2,0.85,4,7,4
5000,2,0.85,4,8,8
5000,2,0.85,4,9,8
5000,2,0.85,4,10,14
5000,2,0.85,4,11,9
5000,2,0.85,4,12,7
5000,2,0.85,4,13,8
5000,2,0.85,4,14,9
5000,2,0.85,4,15,9
5000,2,0.85,4,16,3
5000,2,0.85,4,17,11
5000,2,0.85,4,18,12
5000,2,0.85,4,19,11
5000,2,0.85,4,20,9
5000,2,0.85,4,21,14
5000,2,0.85,4,22,5
5000,2,0.85,4,23,4
5000,2,0.85,4,24,9
5000,2,0.85,4,25,8
5000,2,0.85,4,26,7
5000,2,0.85,4,27,12
5000,2,0.85,4,28,7
5000,2,0.85,4,29,6
5000,2,0.85,4,30,4
5000,2,0.85,4,31,11
5000,2,0.85,4,32,10
5000,2,0.85,4,33,4
5000,2,0.85,4,34,6
5000,2,0.85,4,35,9
5000,2,0.85,4,36,24
5000,2,0.85,4,37,16
5000,2,0.85,4,38,14
5000,2,0.85,4,39,10
5000,2,0.85,4,40,9
5000,2,0.85,4,41,13
5000,2,0.85,4,42,8
5000,2,0.85,4,43,13
5000,2,0.85,4,44,9
5000,2,0.85,4,45,7
5000,2,0.85,4,46,12
5000,2,0.85,4,47,16
5000,2,0.85,4,48,11
5000,2,0.85,4,49,13
5000,2,0.85,4,50,16
5000,2,0.85,4,51,15
5000,2,0.85,4,52,4
5000,2,0.85,4,53,8
5000,2,0.85,4,54,7
5000,2,0.85,4,55,12
5000,2,0.85,4,56,12
5000,2,0.85,4,57,16
5000,2,0.85,4,58,8
5000,2,0.85,4,59,9
5000,2,0.85,4,60,8
5000,2,0.85,4,61,10
5000,2,0.85,4,62,8
5000,2,0.85,4,63,5
5000,2,0.85,4,64,9
5000,2,0.85,4,65,5
5000,2,0.85,4,66,13
5000,2,0.85,4,67,12
5000,2,0.85,4,68,11
5000,2,0.85,4,69,10
5000,2,0.85,4,70,17
5000,2,0.85,4,71,12
5000,2,0.85,4,72,8
5000,2,0.85,4,73,7
5000,2,0.85,4,74,14
5000,2,0.85,4,75,15
5000,2,0.85,4,76,9
5000,2,0.85,4,77,8
5000,2,0.85,4,78,13
5000,2,0.85,4,79,11
5000,2,0.85,4,80,10
5000,2,0.85,4,81,3
5000,2,0.85,4,82,11
5000,2,0.85,4,83,12
5000,2,0.85,4,84,15
5000,2,0.85,4,85,18
5000,2,0.85,4,86,5
5000,2,0.85,4,87,10
5000,2,0.85,4,88,8
5000,2,0.85,4,89,4
5000,2,0.85,4,90,6
5000,2,0.85,4,91,13
5000,2,0.85,4,92,8
5000,2,0.85,4,93,7
5000,2,0.85,4,94,7
5000,2,0.85,4,95,7
5000,2,0.85,4,96,12
5000,2,0.85,4,97,8
5000,2,0.85,4,98,13
5000,2,0.85,4,99,13
5000,2,0.85,4,100,9
5000,2,0.85,4,101,13
5000,2,0.85,4,102,6
5000,2,0.85,4,103,13
5000,2,0.85,4,104,6
5000,2,0.85,4,105,11
5000,2,0.85,4,106,8
5000,2,0.85,4,107,9
5000,2,0.85,4,108,9
5000,2,0.85,4,109,5
5000,2,0.85,4,110,13
5000,2,0.85,4,111,12
5000,2,0.85,4,112,6
5000,2,0.85,4,113,12
5000,2,0.85,4,114,6
5000,2,0.85,4,115,11
5000,2,0.85,4,116,12
5000,2,0.85,4,117,10
5000,2,0.85,4,118,4
5000,2,0.85,4,119,8
20000,2,0.85,4,0,12
20000,2,0.85,4,1,3
20000,2,0.85,4,2,3
20000,2,0.85,4,3,8
20000,2,0.85,4,4,6
20000,2,0.85,4,5,8
20000,2,0.85,4,6,2
20000,2,0.85,4,7,10
20000,2,0.85,4,8,4
20000,2,0.85,4,9,9
20000,2,0.85,4,10,12
20000,2,0.85,4,11,10
20000,2,0.85,4,12,5
20000,2,0.85,4,13,4
20000,2,0.85,4,14,3
20000,2,0.85,4,15,11
20000,2,0.85,4,16,9
20000,2,0.85,4,17,7
20000,2,0.85,4,18,8
20000,2,0.85,4,19,9
20000,2,0.85,4,20,7
20000,2,0.85,4,21,9
20000,2,0.85,4,22,16
20000,2,0.85,4,23,8
20000,2,0.85,4,24,15
20000,2,0.85,4,25,11
20000,2,0.85,4,26,5
20000,2,0.85,4,27,4
20000,2,0.85,4,28,13
20000,2,0.85,4,29,10
20000,2,0.85,4,30,16
20000,2,0.85,4,31,12
20000,2,0.85,4,32,5
20000,2,0.85,4,33,9
20000,2,0.85,4,34,9
20000,2,0.85,4,35,13
20000,2,0.85,4,36,9
20000,2,0.85,4,37,14
20000,2,0.85,4,38,8
20000,2,0.85,4,39,3
20000,2,0.85,4,40,12
20000,2,0.85,4,41,10
20000,2,0.85,4,42,11
20000,2,0.85,4,43,16
20000,2,0.85,4,44,9
20000,2,0.85,4,45,11
20000,2,0.85,4,46,14
20000,2,0.85,4,47,9
20000,2,0.85,4,48,9
20000,2,0.85,4,49,6
20000,2,0.85,4,50,11
20000,2,0.85,4,51,5
20000,2,0.85,4,52,10
20000,2,0.85,4,53,6
20000,2,0.85,4,54,7
20000,2,0.85,4,55,8
20000,2,0.85,4,56,7
20000,2,0.85,4,57,11
20000,2,0.85,4,58,12
20000,2,0.85,4,59,5
20000,2,0.85,4,60,14
20000,2,0.85,4,61,5
20000,2,0.85,4,62,12
20000,2,0.85,4,63,6
20000,2,0.85,4,64,8
20000,2,0.85,4,65,5
20000,2,0.85,4,66,10
20000,2,0.85,4,67,21
20000,2,0.85,4,68,4
20000,2,0.85,4,69,4
20000,2,0.85,4,70,5
20000,2,0.85,4,71,7
20000,2,0.85,4,72,5
20000,2,0.85,4,73,9
20000,2,0.85,4,74,7
20000,2,0.85,4,75,13
20000,2,0.85,4,76,4
20000,2,0.85,4,77,6
20000,2,0.85,4,78,12
20000,2,0.85,4,79,18
20000,2,0.85,4,80,5
20000,2,0.85,4,81,6
20000,2,0.85,4,82,7
20000,2,0.85,4,83,12
20000,2,0.85,4,84,10
20000,2,0.85,4,85,12
20000,2,0.85,4,86,14
20000,2,0.85,4,87,6
20000,2,0.85,4,88,14
20000,2,0.85,4,89,13
20000,2,0.85,4,90,6
20000,2,0.85,4,91,11
20000,2,0.85,4,92,6
20000,2,0.85,4,93,3
20000,2,0.85,4,94,12
20000,2,0.85,4,95,11
20000,2,0.85,4,96,13
20000,2,0.85,4,97,9
20000,2,0.85,4,98,10
20000,2,0.85,4,99,14
20000,2,0.85,4,100,6
20000,2,0.85,4,101,9
20000,2,0.85,4,102,6
20000,2,0.85,4,103,12
20000,2,0.85,4,104,6
20000,2,0.85,4,105,7
20000,2,0.85,4,106,14
20000,2,0.85,4,107,10
20000,2,0.85,4,108,10
20000,2,0.85,4,109,13
20000,2,0.85,4,110,4
20000,2,0.85,4,111,6
20000,2,0.85,4,112,22
20000,2,0.85,4,113,7
20000,2,0.85,4,114,15
20000,2,0.85,4,115,12
20000,2,0.85,4,116,8
20000,2,0.85,4,117,4
20000,2,0.85,4,118,2
20000,2,0.85,4,119,9
5000,2,1.0,4,0,13
5000,2,1.0,4,1,13
5000,2,1.0,4,2,9
5000,2,1.0,4,3,11
5000,2,1.0,4,4,14
5000,2,1.0,4,5,7
5000,2,1.0,4,6,10
5000,2,1.0,4,7,7
5000,2,1.0,4,8,14
5000,2,1.0,4,9,15
5000,2,1.0,4,10,16
5000,2,1.0,4,11,10
5000,2,1.0,4,12,17
5000,2,1.0,4,13,16
5000,2,1.0,4,14,2
5000,2,1.0,4,15,13
5000,2,1.0,4,16,10
5000,2,1.0,4,17,8
5000,2,1.0,4,18,11
5000,2,1.0,4,19,9
5000,2,1.0,4,20,12
5000,2,1.0,4,21,21
5000,2,1.0,4,22,12
5000,2,1.0,4,23,9
5000,2,1.0,4,24,11
5000,2,1.0,4,25,5
5000,2,1.0,4,26,24
5000,2,1.0,4,27,7
5000,2,1.0,4,28,1
5000,2,1.0,4,29,8
5000,2,1.0,4,30,10
5000,2,1.0,4,31,21
5000,2,1.0,4,32,8
5000,2,1.0,4,33,12
5000,2,1.0,4,34,18
5000,2,1.0,4,35,21
5000,2,1.0,4,36,16
5000,2,1.0,4,37,12
5000,2,1.0,4,38,5
5000,2,1.0,4,39,4
5000,2,1.0,4,40,3
5000,2,1.0,4,41,15
5000,2,1.0,4,42,11
5000,2,1.0,4,43,13
5000,2,1.0,4,44,11
5000,2,1.0,4,45,17
5000,2,1.0,4,46,15
5000,2,1.0,4,47,6
5000,2,1.0,4,48,9
5000,2,1.0,4,49,5
5000,2,1.0,4,50,12
5000,2,1.0,4,51,16
5000,2,1.0,4,52,18
5000,2,1.0,4,53,13
5000,2,1.0,4,54,10
5000,2,1.0,4,55,18
5000,2,1.0,4,56,23
5000,2,1.0,4,57,8
5000,2,1.0,4,58,6
5000,2,1.0,4,59,20
5000,2,1.0,4,60,8
5000,2,1.0,4,61,8
5000,2,1.0,4,62,15
5000,2,1.0,4,63,14
5000,2,1.0,4,64,15
5000,2,1.0,4,65,6
5000,2,1.0,4,66,15
5000,2,1.0,4,67,10
5000,2,1.0,4,68,9
5000,2,1.0,4,69,12
5000,2,1.0,4,70,1
5000,2,1.0,4,71,9
5000,2,1.0,4,72,10
5000,2,1.0,4,73,15
5000,2,1.0,4,74,13
5000,2,1.0,4,75,14
5000,2,1.0,4,76,16
5000,2,1.0,4,77,14
5000,2,1.0,4,78,11
5000,2,1.0,4,79,9
5000,2,1.0,4,80,24
5000,2,1.0,4,81,11
5000,2,1.0,4,82,4
5000,2,1.0,4,83,4
5000,2,1.0,4,84,10
5000,2,1.0,4,85,19
5000,2,1.0,4,86,21
5000,2,1.0,4,87,9
5000,2,1.0,4,88,8
5000,2,1.0,4,89,8
5000,2,1.0,4,90,15
5000,2,1.0,4,91,14
5000,2,1.0,4,92,12
5000,2,1.0,4,93,15
5000,2,1.0,4,94,11
5000,2,1.0,4,95,0
5000,2,1.0,4,96,17
5000,2,1.0,4,97,6
5000,2,1.0,4,98,4
5000,2,1.0,4,99,6
5000,2,1.0,4,100,18
5000,2,1.0,4,101,20
5000,2,1.0,4,102,19
5000,2,1.0,4,103,5
5000,2,1.0,4,104,0
5000,2,1.0,4,105,6
5000,2,1.0,4,106,7
5000,2,1.0,4,107,18
5000,2,1.0,4,108,20
5000,2,1.0,4,109,11
5000,2,1.0,4,110,10
5000,2,1.0,4,111,13
5000,2,1.0,4,112,16
5000,2,1.0,4,113,10
5000,2,1.0,4,114,13
5000,2,1.0,4,115,25
5000,2,1.0,4,116,27
5000,2,1.0,4,117,14
5000,2,1.0,4,118,10
5000,2,1.0,4,119,8
20000,2,1.0,4,0,11
20000,2,1.0,4,1,10
20000,2,1.0,4,2,5
20000,2,1.0,4,3,8
20000,2,1.0,4,4,13
20000,2,1.0,4,5,21
20000,2,1.0,4,6,10
20000,2,1.0,4,7,12
20000,2,1.0,4,8,17
20000,2,1.0,4,9,7
20000,2,1.0,4,10,14
20000,2,1.0,4,11,17
20000,2,1.0,4,12,9
20000,2,1.0,4,13,13
20000,2,1.0,4,14,25
20000,2,1.0,4,15,12
20000,2,1.0,4,16,14
20000,2,1.0,4,17,15
20000,2,1.0,4,18,9
20000,2,1.0,4,19,10
20000,2,1.0,4,20,18
20000,2,1.0,4,21,7
20000,2,1.0,4,22,25
20000,2,1.0,4,23,11
20000,2,1.0,4,24,19
20000,2,1.0,4,25,11
20000,2,1.0,4,26,12
20000,2,1.0,4,27,12
20000,2,1.0,4,28,12
20000,2,1.0,4,29,11
20000,2,1.0,4,30,18
20000,2,1.0,4,31,13
20000,2,1.0,4,32,16
20000,2,1.0,4,33,9
20000,2,1.0,4,34,13
20000,2,1.0,4,35,20
20000,2,1.0,4,36,14
20000,2,1.0,4,37,13
20000,2,1.0,4,38,12
20000,2,1.0,4,39,6
20000,2,1.0,4,40,13
20000,2,1.0,4,41,9
20000,2,1.0,4,42,10
20000,2,1.0,4,43,5
20000,2,1.0,4,44,15
20000,2,1.0,4,45,11
20000,2,1.0,4,46,20
20000,2,1.0,4,47,17
20000,2,1.0,4,48,12
20000,2,1.0,4,49,16
20000,2,1.0,4,50,14
20000,2,1.0,4,51,17
20000,2,1.0,4,52,7
20000,2,1.0,4,53,16
20000,2,1.0,4,54,15
20000,2,1.0,4,55,18
20000,2,1.0,4,56,11
20000,2,1.0,4,57,15
20000,2,1.0,4,58,20
20000,2,1.0,4,59,11
20000,2,1.0,4,60,1
20000,2,1.0,4,61,22
20000,2,1.0,4,62,14
20000,2,1.0,4,63,15
20000,2,1.0,4,64,10
20000,2,1.0,4,65,8
20000,2,1.0,4,66,15
20000,2,1.0,4,67,14
20000,2,1.0,4,68,8
20000,2,1.0,4,69,11
20000,2,1.0,4,70,20
20000,2,1.0,4,71,11
20000,2,1.0,4,72,17
20000,2,1.0,4,73,12
20000,2,1.0,4,74,10
20000,2,1.0,4,75,8
20000,2,1.0,4,76,8
20000,2,1.0,4,77,17
20000,2,1.0,4,78,7
20000,2,1.0,4,79,14
20000,2,1.0,4,80,12
20000,2,1.0,4,81,24
20000,2,1.0,4,82,24
20000,2,1.0,4,83,12
20000,2,1.0,4,84,10
20000,2,1.0,4,85,14
20000,2,1.0,4,86,18
20000,2,1.0,4,87,6
20000,2,1.0,4,88,11
20000,2,1.0,4,89,14
20000,2,1.0,4,90,11
20000,2,1.0,4,91,14
20000,2,1.0,4,92,15
20000,2,1.0,4,93,3
20000,2,1.0,4,94,25
20000,2,1.0,4,95,12
20000,2,1.0,4,96,17
20000,2,1.0,4,97,26
20000,2,1.0,4,98,6
20000,2,1.0,4,99,6
20000,2,1.0,4,100,20
20000,2,1.0,4,101,6
20000,2,1.0,4,102,16
20000,2,1.0,4,103,12
20000,2,1.0,4,104,12
20000,2,1.0,4,105,12
20000,2,1.0,4,106,14
20000,2,1.0,4,107,5
20000,2,1.0,4,108,11
20000,2,1.0,4,109,13
20000,2,1.0,4,110,21
20000,2,1.0,4,111,12
20000,2,1.0,4,112,6
20000,2,1.0,4,113,17
20000,2,1.0,4,114,6
20000,2,1.0,4,115,3
20000,2,1.0,4,116,13
20000,2,1.0,4,117,11
20000,2,1.0,4,118,19
20000,2,1.0,4,119,19
5000,2,1.15,4,0,12
5000,2,1.15,4,1,28
5000,2,1.15,4,2,19
5000,2,1.15,4,3,7
5000,2,1.15,4,4,23
5000,2,1.15,4,5,7
5000,2,1.15,4,6,17
5000,2,1.15,4,7,13
5000,2,1.15,4,8,16
5000,2,1.15,4,9,20
5000,2,1.15,4,10,13
5000,2,1.15,4,11,25
5000,2,1.15,4,12,26
5000,2,1.15,4,13,20
5000,2,1.15,4,14,17
5000,2,1.15,4,15,15
5000,2,1.15,4,16,13
5000,2,1.15,4,17,6
5000,2,1.15,4,18,23
5000,2,1.15,4,19,10
5000,2,1.15,4,20,14
5000,2,1.15,4,21,28
5000,2,1.15,4,22,18
5000,2,1.15,4,23,17
5000,2,1.15,4,24,16
5000,2,1.15,4,25,20
5000,2,1.15,4,26,10
5000,2,1.15,4,27,9
5000,2,1.15,4,28,16
5000,2,1.15,4,29,13
5000,2,1.15,4,30,9
5000,2,1.15,4,31,11
5000,2,1.15,4,32,12
5000,2,1.15,4,33,26
5000,2,1.15,4,34,3
5000,2,1.15,4,35,12
5000,2,1.15,4,36,22
5000,2,1.15,4,37,9
5000,2,1.15,4,38,19
5000,2,1.15,4,39,22
5000,2,1.15,4,40,23
5000,2,1.15,4,41,17
5000,2,1.15,4,42,17
5000,2,1.15,4,43,11
5000,2,1.15,4,44,16
5000,2,1.15,4,45,13
5000,2,1.15,4,46,7
5000,2,1.15,4,47,18
5000,2,1.15,4,48,29
5000,2,1.15,4,49,11
5000,2,1.15,4,50,19
5000,2,1.15,4,51,11
5000,2,1.15,4,52,22
5000,2,1.15,4,53,12
5000,2,1.15,4,54,21
5000,2,1.15,4,55,24
5000,2,1.15,4,56,15
5000,2,1.15,4,57,11
5000,2,1.15,4,58,11
5000,2,1.15,4,59,20
5000,2,1.15,4,60,15
5000,2,1.15,4,61,12
5000,2,1.15,4,62,27
5000,2,1.15,4,63,17
5000,2,1.15,4,64,3
5000,2,1.15,4,65,21
5000,2,1.15,4,66,28
5000,2,1.15,4,67,15
5000,2,1.15,4,68,30
5000,2,1.15,4,69,16
5000,2,1.15,4,70,33
5000,2,1.15,4,71,15
5000,2,1.15,4,72,10
5000,2,1.15,4,73,8
5000,2,1.15,4,74,12
5000,2,1.15,4,75,9
5000,2,1.15,4,76,20
5000,2,1.15,4,77,13
5000,2,1.15,4,78,23
5000,2,1.15,4,79,18
5000,2,1.15,4,80,14
5000,2,1.15,4,81,13
5000,2,1.15,4,82,23
5000,2,1.15,4,83,28
5000,2,1.15,4,84,6
5000,2,1.15,4,85,2
5000,2,1.15,4,86,10
5000,2,1.15,4,87,12
5000,2,1.15,4,88,11
5000,2,1.15,4,89,14
5000,2,1.15,4,90,24
5000,2,1.15,4,91,14
5000,2,1.15,4,92,8
5000,2,1.15,4,93,23
5000,2,1.15,4,94,10
5000,2,1.15,4,95,14
5000,2,1.15,4,96,16
5000,2,1.15,4,97,24
5000,2,1.15,4,98,32
5000,2,1.15,4,99,22
5000,2,1.15,4,100,18
5000,2,1.15,4,101,10
5000,2,1.15,4,102,21
5000,2,1.15,4,103,25
5000,2,1.15,4,104,10
5000,2,1.15,4,105,17
5000,2,1.15,4,106,15
5000,2,1.15,4,107,27
5000,2,1.15,4,108,13
5000,2,1.15,4,109,12
5000,2,1.15,4,110,15
5000,2,1.15,4,111,23
5000,2,1.15,4,112,23
5000,2,1.15,4,113,8
5000,2,1.15,4,114,29
5000,2,1.15,4,115,18
5000,2,1.15,4,116,19
5000,2,1.15,4,117,8
5000,2,1.15,4,118,16
5000,2,1.15,4,119,20
20000,2,1.15,4,0,23
20000,2,1.15,4,1,28
20000,2,1.15,4,2,7
20000,2,1.15,4,3,22
20000,2,1.15,4,4,10
20000,2,1.15,4,5,17
20000,2,1.15,4,6,5
20000,2,1.15,4,7,25
20000,2,1.15,4,8,16
20000,2,1.15,4,9,21
20000,2,1.15,4,10,20
20000,2,1.15,4,11,7
20000,2,1.15,4,12,16
20000,2,1.15,4,13,13
20000,2,1.15,4,14,24
20000,2,1.15,4,15,29
20000,2,1.15,4,16,12
20000,2,1.15,4,17,23
20000,2,1.15,4,18,22
20000,2,1.15,4,19,11
20000,2,1.15,4,20,0
20000,2,1.15,4,21,31
20000,2,1.15,4,22,11
20000,2,1.15,4,23,3
20000,2,1.15,4,24,20
20000,2,1.15,4,25,21
20000,2,1.15,4,26,13
20000,2,1.15,4,27,16
20000,2,1.15,4,28,5
20000,2,1.15,4,29,23
20000,2,1.15,4,30,31
20000,2,1.15,4,31,1
20000,2,1.15,4,32,19
20000,2,1.15,4,33,20
20000,2,1.15,4,34,25
20000,2,1.15,4,35,16
20000,2,1.15,4,36,10
20000,2,1.15,4,37,12
20000,2,1.15,4,38,20
20000,2,1.15,4,39,8
20000,2,1.15,4,40,14
20000,2,1.15,4,41,23
20000,2,1.15,4,42,28
20000,2,1.15,4,43,12
20000,2,1.15,4,44,21
20000,2,1.15,4,45,19
20000,2,1.15,4,46,12
20000,2,1.15,4,47,13
20000,2,1.15,4,48,33
20000,2,1.15,4,49,18
20000,2,1.15,4,50,18
20000,2,1.15,4,51,14
20000,2,1.15,4,52,20
20000,2,1.15,4,53,15
20000,2,1.15,4,54,18
20000,2,1.15,4,55,23
20000,2,1.15,4,56,10
20000,2,1.15,4,57,21
20000,2,1.15,4,58,4
20000,2,1.15,4,59,16
20000,2,1.15,4,60,24
20000,2,1.15,4,61,8
20000,2,1.15,4,62,15
20000,2,1.15,4,63,23
20000,2,1.15,4,64,37
20000,2,1.15,4,65,12
20000,2,1.15,4,66,21
20000,2,1.15,4,67,17
20000,2,1.15,4,68,22
20000,2,1.15,4,69,11
20000,2,1.15,4,70,24
20000,2,1.15,4,71,26
20000,2,1.15,4,72,13
20000,2,1.15,4,73,9
20000,2,1.15,4,74,10
20000,2,1.15,4,75,19
20000,2,1.15,4,76,20
20000,2,1.15,4,77,32
20000,2,1.15,4,78,17
20000,2,1.15,4,79,15
20000,2,1.15,4,80,25
20000,2,1.15,4,81,11
20000,2,1.15,4,82,10
20000,2,1.15,4,83,8
20000,2,1.15,4,84,20
20000,2,1.15,4,85,8
20000,2,1.15,4,86,32
20000,2,1.15,4,87,18
20000,2,1.15,4,88,25
20000,2,1.15,4,89,38
20000,2,1.15,4,90,11
20000,2,1.15,4,91,8
20000,2,1.15,4,92,21
20000,2,1.15,4,93,18
20000,2,1.15,4,94,22
20000,2,1.15,4,95,22
20000,2,1.15,4,96,18
20000,2,1.15,4,97,7
20000,2,1.15,4,98,13
20000,2,1.15,4,99,8
20000,2,1.15,4,100,18
20000,2,1.15,4,101,11
20000,2,1.15,4,102,11
20000,2,1.15,4,103,15
20000,2,1.15,4,104,22
20000,2,1.15,4,105,13
20000,2,1.15,4,106,20
20000,2,1.15,4,107,17
20000,2,1.15,4,108,13
20000,2,1.15,4,109,20
20000,2,1.15,4,110,17
20000,2,1.15,4,111,27
20000,2,1.15,4,112,20
20000,2,1.15,4,113,10
20000,2,1.15,4,114,18
20000,2,1.15,4,115,13
20000,2,1.15,4,116,13
20000,2,1.15,4,117,16
20000,2,1.15,4,118,14
20000,2,1.15,4,119,30
5000,2,1.3,4,0,34
5000,2,1.3,4,1,33
5000,2,1.3,4,2,32
5000,2,1.3,4,3,38
5000,2,1.3,4,4,50
5000,2,1.3,4,5,29
5000,2,1.3,4,6,26
5000,2,1.3,4,7,16
5000,2,1.3,4,8,46
5000,2,1.3,4,9,42
5000,2,1.3,4,10,34
5000,2,1.3,4,11,38
5000,2,1.3,4,12,37
5000,2,1.3,4,13,28
5000,2,1.3,4,14,17
5000,2,1.3,4,15,36
5000,2,1.3,4,16,25
5000,2,1.3,4,17,44
5000,2,1.3,4,18,54
5000,2,1.3,4,19,18
5000,2,1.3,4,20,35
5000,2,1.3,4,21,8
5000,2,1.3,4,22,30
5000,2,1.3,4,23,8
5000,2,1.3,4,24,34
5000,2,1.3,4,25,50
5000,2,1.3,4,26,33
5000,2,1.3,4,27,22
5000,2,1.3,4,28,43
5000,2,1.3,4,29,30
5000,2,1.3,4,30,21
5000,2,1.3,4,31,20
5000,2,1.3,4,32,8
5000,2,1.3,4,33,20
5000,2,1.3,4,34,26
5000,2,1.3,4,35,32
5000,2,1.3,4,36,14
5000,2,1.3,4,37,59
5000,2,1.3,4,38,21
5000,2,1.3,4,39,73
5000,2,1.3,4,40,29
5000,2,1.3,4,41,41
5000,2,1.3,4,42,21
5000,2,1.3,4,43,11
5000,2,1.3,4,44,41
5000,2,1.3,4,45,62
5000,2,1.3,4,46,23
5000,2,1.3,4,47,24
5000,2,1.3,4,48,18
5000,2,1.3,4,49,38
5000,2,1.3,4,50,19
5000,2,1.3,4,51,11
5000,2,1.3,4,52,55
5000,2,1.3,4,53,17
5000,2,1.3,4,54,35
5000,2,1.3,4,55,23
5000,2,1.3,4,56,26
5000,2,1.3,4,57,52
5000,2,1.3,4,58,21
5000,2,1.3,4,59,29
5000,2,1.3,4,60,3
5000,2,1.3,4,61,18
5000,2,1.3,4,62,34
5000,2,1.3,4,63,16
5000,2,1.3,4,64,49
5000,2,1.3,4,65,40
5000,2,1.3,4,66,22
5000,2,1.3,4,67,21
5000,2,1.3,4,68,23
5000,2,1.3,4,69,22
5000,2,1.3,4,70,16
5000,2,1.3,4,71,22
5000,2,1.3,4,72,29
5000,2,1.3,4,73,20
5000,2,1.3,4,74,13
5000,2,1.3,4,75,17
5000,2,1.3,4,76,14
5000,2,1.3,4,77,11
5000,2,1.3,4,78,48
5000,2,1.3,4,79,44
5000,2,1.3,4,80,58
5000,2,1.3,4,81,59
5000,2,1.3,4,82,2
5000,2,1.3,4,83,36
5000,2,1.3,4,84,29
5000,2,1.3,4,85,31
5000,2,1.3,4,86,50
5000,2,1.3,4,87,50
5000,2,1.3,4,88,24
5000,2,1.3,4,89,22
5000,2,1.3,4,90,10
5000,2,1.3,4,91,26
5000,2,1.3,4,92,18
5000,2,1.3,4,93,64
5000,2,1.3,4,94,19
5000,2,1.3,4,95,11
5000,2,1.3,4,96,26
5000,2,1.3,4,97,24
5000,2,1.3,4,98,19
5000,2,1.3,4,99,8
5000,2,1.3,4,100,33
5000,2,1.3,4,101,30
5000,2,1.3,4,102,25
5000,2,1.3,4,103,17
5000,2,1.3,4,104,36
5000,2,1.3,4,105,45
5000,2,1.3,4,106,38
5000,2,1.3,4,107,19
5000,2,1.3,4,108,22
5000,2,1.3,4,109,35
5000,2,1.3,4,110,44
5000,2,1.3,4,111,22
5000,2,1.3,4,112,36
5000,2,1.3,4,113,22
5000,2,1.3,4,114,19
5000,2,1.3,4,115,46
5000,2,1.3,4,116,24
5000,2,1.3,4,117,17
5000,2,1.3,4,118,27
5000,2,1.3,4,119,28
20000,2,1.3,4,0,20
20000,2,1.3,4,1,23
20000,2,1.3,4,2,22
20000,2,1.3,4,3,22
20000,2,1.3,4,4,33
20000,2,1.3,4,5,18
20000,2,1.3,4,6,30
20000,2,1.3,4,7,30
20000,2,1.3,4,8,47
20000,2,1.3,4,9,32
20000,2,1.3,4,10,29
20000,2,1.3,4,11,40
20000,2,1.3,4,12,33
20000,2,1.3,4,13,35
20000,2,1.3,4,14,20
20000,2,1.3,4,15,19
20000,2,1.3,4,16,39
20000,2,1.3,4,17,30
20000,2,1.3,4,18,31
20000,2,1.3,4,19,31
20000,2,1.3,4,20,28
20000,2,1.3,4,21,29
20000,2,1.3,4,22,24
20000,2,1.3,4,23,34
20000,2,1.3,4,24,24
20000,2,1.3,4,25,54
20000,2,1.3,4,26,49
20000,2,1.3,4,27,37
20000,2,1.3,4,28,59
20000,2,1.3,4,29,23
20000,2,1.3,4,30,48
20000,2,1.3,4,31,38
20000,2,1.3,4,32,29
20000,2,1.3,4,33,41
20000,2,1.3,4,34,18
20000,2,1.3,4,35,28
20000,2,1.3,4,36,38
20000,2,1.3,4,37,29
20000,2,1.3,4,38,22
20000,2,1.3,4,39,52
20000,2,1.3,4,40,22
20000,2,1.3,4,41,36
20000,2,1.3,4,42,39
20000,2,1.3,4,43,41
20000,2,1.3,4,44,15
20000,2,1.3,4,45,34
20000,2,1.3,4,46,21
20000,2,1.3,4,47,31
20000,2,1.3,4,48,33
20000,2,1.3,4,49,66
20000,2,1.3,4,50,13
20000,2,1.3,4,51,10
20000,2,1.3,4,52,16
20000,2,1.3,4,53,32
20000,2,1.3,4,54,25
20000,2,1.3,4,55,16
20000,2,1.3,4,56,28
20000,2,1.3,4,57,16
20000,2,1.3,4,58,23
20000,2,1.3,4,59,9
20000,2,1.3,4,60,24
20000,2,1.3,4,61,12
20000,2,1.3,4,62,22
20000,2,1.3,4,63,5
20000,2,1.3,4,64,28
20000,2,1.3,4,65,35
20000,2,1.3,4,66,5
20000,2,1.3,4,67,33
20000,2,1.3,4,68,25
20000,2,1.3,4,69,12
20000,2,1.3,4,70,23
20000,2,1.3,4,71,42
20000,2,1.3,4,72,4
20000,2,1.3,4,73,36
20000,2,1.3,4,74,26
20000,2,1.3,4,75,6
20000,2,1.3,4,76,29
20000,2,1.3,4,77,28
20000,2,1.3,4,78,23
20000,2,1.3,4,79,18
20000,2,1.3,4,80,32
20000,2,1.3,4,81,60
20000,2,1.3,4,82,58
20000,2,1.3,4,83,31
20000,2,1.3,4,84,40
20000,2,1.3,4,85,21
20000,2,1.3,4,86,53
20000,2,1.3,4,87,7
20000,2,1.3,4,88,35
20000,2,1.3,4,89,21
20000,2,1.3,4,90,33
20000,2,1.3,4,91,31
20000,2,1.3,4,92,25
20000,2,1.3,4,93,32
20000,2,1.3,4,94,50
20000,2,1.3,4,95,13
20000,2,1.3,4,96,6
20000,2,1.3,4,97,31
20000,2,1.3,4,98,46
20000,2,1.3,4,99,39
20000,2,1.3,4,100,16
20000,2,1.3,4,101,25
20000,2,1.3,4,102,54
20000,2,1.3,4,103,25
20000,2,1.3,4,104,44
20000,2,1.3,4,105,24
20000,2,1.3,4,106,26
20000,2,1.3,4,107,20
20000,2,1.3,4,108,50
20000,2,1.3,4,109,55
20000,2,1.3,4,110,28
20000,2,1.3,4,111,12
20000,2,1.3,4,112,25
20000,2,1.3,4,113,20
20000,2,1.3,4,114,19
20000,2,1.3,4,115,15
20000,2,1.3,4,116,25
20000,2,1.3,4,117,50
20000,2,1.3,4,118,45
20000,2,1.3,4,119,33
5000,4,0.55,4,0,3
5000,4,0.55,4,1,11
5000,4,0.55,4,2,5
5000,4,0.55,4,3,6
5000,4,0.55,4,4,6
5000,4,0.55,4,5,6
5000,4,0.55,4,6,11
5000,4,0.55,4,7,20
5000,4,0.55,4,8,9
5000,4,0.55,4,9,15
5000,4,0.55,4,10,9
5000,4,0.55,4,11,6
5000,4,0.55,4,12,6
5000,4,0.55,4,13,12
5000,4,0.55,4,14,10
5000,4,0.55,4,15,10
5000,4,0.55,4,16,16
5000,4,0.55,4,17,7
5000,4,0.55,4,18,9
5000,4,0.55,4,19,16
5000,4,0.55,4,20,7
5000,4,0.55,4,21,17
5000,4,0.55,4,22,9
5000,4,0.55,4,23,9
5000,4,0.55,4,24,2
5000,4,0.55,4,25,15
5000,4,0.55,4,26,10
5000,4,0.55,4,27,11
5000,4,0.55,4,28,10
5000,4,0.55,4,29,4
5000,4,0.55,4,30,4
5000,4,0.55,4,31,12
5000,4,0.55,4,32,6
5000,4,0.55,4,33,7
5000,4,0.55,4,34,9
5000,4,0.55,4,35,3
5000,4,0.55,4,36,7
5000,4,0.55,4,37,4
5000,4,0.55,4,38,12
5000,4,0.55,4,39,11
5000,4,0.55,4,40,11
5000,4,0.55,4,41,7
5000,4,0.55,4,42,3
5000,4,0.55,4,43,7
5000,4,0.55,4,44,7
5000,4,0.55,4,45,11
5000,4,0.55,4,46,9
5000,4,0.55,4,47,8
5000,4,0.55,4,48,14
5000,4,0.55,4,49,16
5000,4,0.55,4,50,14
5000,4,0.55,4,51,13
5000,4,0.55,4,52,17
5000,4,0.55,4,53,15
5000,4,0.55,4,54,13
5000,4,0.55,4,55,15
5000,4,0.55,4,56,11
5000,4,0.55,4,57,11
5000,4,0.55,4,58,6
5000,4,0.55,4,59,9
5000,4,0.55,4,60,12
5000,4,0.55,4,61,8
5000,4,0.55,4,62,9
5000,4,0.55,4,63,7
5000,4,0.55,4,64,10
5000,4,0.55,4,65,16
5000,4,0.55,4,66,3
5000,4,0.55,4,67,5
5000,4,0.55,4,68,11
5000,4,0.55,4,69,10
5000,4,0.55,4,70,16
5000,4,0.55,4,71,12
5000,4,0.55,4,72,12
5000,4,0.55,4,73,8
5000,4,0.55,4,74,9
5000,4,0.55,4,75,5
5000,4,0.55,4,76,15
5000,4,0.55,4,77,14
5000,4,0.55,4,78,8
5000,4,0.55,4,79,16
5000,4,0.55,4,80,11
5000,4,0.55,4,81,9
5000,4,0.55,4,82,11
5000,4,0.55,4,83,10
5000,4,0.55,4,84,6
5000,4,0.55,4,85,11
5000,4,0.55,4,86,2
5000,4,0.55,4,87,13
5000,4,0.55,4,88,2
5000,4,0.55,4,89,11
5000,4,0.55,4,90,13
5000,4,0.55,4,91,6
5000,4,0.55,4,92,9
5000,4,0.55,4,93,9
5000,4,0.55,4,94,11
5000,4,0.55,4,95,17
5000,4,0.55,4,96,12
5000,4,0.55,4,97,3
5000,4,0.55,4,98,14
5000,4,0.55,4,99,9
5000,4,0.55,4,100,7
5000,4,0.55,4,101,10
5000,4,0.55,4,102,10
5000,4,0.55,4,103,10
5000,4,0.55,4,104,8
5000,4,0.55,4,105,5
5000,4,0.55,4,106,5
5000,4,0.55,4,107,12
5000,4,0.55,4,108,5
5000,4,0.55,4,109,8
5000,4,0.55,4,110,12
5000,4,0.55,4,111,15
5000,4,0.55,4,112,19
5000,4,0.55,4,113,9
5000,4,0.55,4,114,8
5000,4,0.55,4,115,7
5000,4,0.55,4,116,11
5000,4,0.55,4,117,10
5000,4,0.55,4,118,10
5000,4,0.55,4,119,16
20000,4,0.55,4,0,10
20000,4,0.55,4,1,7
20000,4,0.55,4,2,18
20000,4,0.55,4,3,11
20000,4,0.55,4,4,9
20000,4,0.55,4,5,5
20000,4,0.55,4,6,14
20000,4,0.55,4,7,7
20000,4,0.55,4,8,12
20000,4,0.55,4,9,11
20000,4,0.55,4,10,6
20000,4,0.55,4,11,10
20000,4,0.55,4,12,17
20000,4,0.55,4,13,10
20000,4,0.55,4,14,4
20000,4,0.55,4,15,13
20000,4,0.55,4,16,13
20000,4,0.55,4,17,15
20000,4,0.55,4,18,1
20000,4,0.55,4,19,3
20000,4,0.55,4,20,14
20000,4,0.55,4,21,16
20000,4,0.55,4,22,3
20000,4,0.55,4,23,8
20000,4,0.55,4,24,12
20000,4,0.55,4,25,11
20000,4,0.55,4,26,2
20000,4,0.55,4,27,9
20000,4,0.55,4,28,10
20000,4,0.55,4,29,8
20000,4,0.55,4,30,8
20000,4,0.55,4,31,10
20000,4,0.55,4,32,7
20000,4,0.55,4,33,0
20000,4,0.55,4,34,12
20000,4,0.55,4,35,11
20000,4,0.55,4,36,13
20000,4,0.55,4,37,16
20000,4,0.55,4,38,10
20000,4,0.55,4,39,13
20000,4,0.55,4,40,6
20000,4,0.55,4,41,6
20000,4,0.55,4,42,8
20000,4,0.55,4,43,6
20000,4,0.55,4,44,7
20000,4,0.55,4,45,10
20000,4,0.55,4,46,7
20000,4,0.55,4,47,12
20000,4,0.55,4,48,8
20000,4,0.55,4,49,8
20000,4,0.55,4,50,4
20000,4,0.55,4,51,12
20000,4,0.55,4,52,16
20000,4,0.55,4,53,8
20000,4,0.55,4,54,7
20000,4,0.55,4,55,16
20000,4,0.55,4,56,8
20000,4,0.55,4,57,11
20000,4,0.55,4,58,7
20000,4,0.55,4,59,15
20000,4,0.55,4,60,19
20000,4,0.55,4,61,6
20000,4,0.55,4,62,8
20000,4,0.55,4,63,11
20000,4,0.55,4,64,8
20000,4,0.55,4,65,13
20000,4,0.55,4,66,8
20000,4,0.55,4,67,9
20000,4,0.55,4,68,13
20000,4,0.55,4,69,4
20000,4,0.55,4,70,3
20000,4,0.55,4,71,15
20000,4,0.55,4,72,10
20000,4,0.55,4,73,11
20000,4,0.55,4,74,3
20000,4,0.55,4,75,7
20000,4,0.55,4,76,13
20000,4,0.55,4,77,7
20000,4,0.55,4,78,3
20000,4,0.55,4,79,6
20000,4,0.55,4,80,13
20000,4,0.55,4,81,7
20000,4,0.55,4,82,15
20000,4,0.55,4,83,15
20000,4,0.55,4,84,13
20000,4,0.55,4,85,15
20000,4,0.55,4,86,5
20000,4,0.55,4,87,2
20000,4,0.55,4,88,4
20000,4,0.55,4,89,11
20000,4,0.55,4,90,14
20000,4,0.55,4,91,12
20000,4,0.55,4,92,6
20000,4,0.55,4,93,6
20000,4,0.55,4,94,10
20000,4,0.55,4,95,7
20000,4,0.55,4,96,4
20000,4,0.55,4,97,5
20000,4,0.55,4,98,8
20000,4,0.55,4,99,14
20000,4,0.55,4,100,14
20000,4,0.55,4,101,3
20000,4,0.55,4,102,7
20000,4,0.55,4,103,8
20000,4,0.55,4,104,7
20000,4,0.55,4,105,13
20000,4,0.55,4,106,8
20000,4,0.55,4,107,16
20000,4,0.55,4,108,14
20000,4,0.55,4,109,10
20000,4,0.55,4,110,13
20000,4,0.55,4,111,9
20000,4,0.55,4,112,10
20000,4,0.55,4,113,4
20000,4,0.55,4,114,8
20000,4,0.55,4,115,7
20000,4,0.55,4,116,13
20000,4,0.55,4,117,8
20000,4,0.55,4,118,8
20000,4,0.55,4,119,9
5000,4,0.7,4,0,8
5000,4,0.7,4,1,10
5000,4,0.7,4,2,8
5000,4,0.7,4,3,3
5000,4,0.7,4,4,19
5000,4,0.7,4,5,16
5000,4,0.7,4,6,9
5000,4,0.7,4,7,16
5000,4,0.7,4,8,22
5000,4,0.7,4,9,16
5000,4,0.7,4,10,14
5000,4,0.7,4,11,17
5000,4,0.7,4,12,13
5000,4,0.7,4,13,14
5000,4,0.7,4,14,17
5000,4,0.7,4,15,12
5000,4,0.7,4,16,5
5000,4,0.7,4,17,19
5000,4,0.7,4,18,18
5000,4,0.7,4,19,11
5000,4,0.7,4,20,8
5000,4,0.7,4,21,10
5000,4,0.7,4,22,10
5000,4,0.7,4,23,12
5000,4,0.7,4,24,18
5000,4,0.7,4,25,11
5000,4,0.7,4,26,11
5000,4,0.7,4,27,22
5000,4,0.7,4,28,9
5000,4,0.7,4,29,12
5000,4,0.7,4,30,17
5000,4,0.7,4,31,16
5000,4,0.7,4,32,18
5000,4,0.7,4,33,6
5000,4,0.7,4,34,16
5000,4,0.7,4,35,8
5000,4,0.7,4,36,3
5000,4,0.7,4,37,18
5000,4,0.7,4,38,13
5000,4,0.7,4,39,13
5000,4,0.7,4,40,20
5000,4,0.7,4,41,11
5000,4,0.7,4,42,13
5000,4,0.7,4,43,18
5000,4,0.7,4,44,13
5000,4,0.7,4,45,14
5000,4,0.7,4,46,17
5000,4,0.7,4,47,14
5000,4,0.7,4,48,11
5000,4,0.7,4,49,9
5000,4,0.7,4,50,18
5000,4,0.7,4,51,8
5000,4,0.7,4,52,14
5000,4,0.7,4,53,8
5000,4,0.7,4,54,11
5000,4,0.7,4,55,10
5000,4,0.7,4,56,17
5000,4,0.7,4,57,17
5000,4,0.7,4,58,10
5000,4,0.7,4,59,14
5000,4,0.7,4,60,4
5000,4,0.7,4,61,9
5000,4,0.7,4,62,8
5000,4,0.7,4,63,10
5000,4,0.7,4,64,10
5000,4,0.7,4,65,13
5000,4,0.7,4,66,16
5000,4,0.7,4,67,13
5000,4,0.7,4,68,18
5000,4,0.7,4,69,13
5000,4,0.7,4,70,23
5000,4,0.7,4,71,23
5000,4,0.7,4,72,11
5000,4,0.7,4,73,12
5000,4,0.7,4,74,8
5000,4,0.7,4,75,14
5000,4,0.7,4,76,17
5000,4,0.7,4,77,23
5000,4,0.7,4,78,8
5000,4,0.7,4,79,14
5000,4,0.7,4,80,7
5000,4,0.7,4,81,18
5000,4,0.7,4,82,14
5000,4,0.7,4,83,13
5000,4,0.7,4,84,10
5000,4,0.7,4,85,17
5000,4,0.7,4,86,15
5000,4,0.7,4,87,10
5000,4,0.7,4,88,12
5000,4,0.7,4,89,6
5000,4,0.7,4,90,17
5000,4,0.7,4,91,10
5000,4,0.7,4,92,16
5000,4,0.7,4,93,11
5000,4,0.7,4,94,13
5000,4,0.7,4,95,17
5000,4,0.7,4,96,15
5000,4,0.7,4,97,9
5000,4,0.7,4,98,11
5000,4,0.7,4,99,14
5000,4,0.7,4,100,17
5000,4,0.7,4,101,15
5000,4,0.7,4,102,14
5000,4,0.7,4,103,12
5000,4,0.7,4,104,14
5000,4,0.7,4,105,12
5000,4,0.7,4,106,15
5000,4,0.7,4,107,13
5000,4,0.7,4,108,9
5000,4,0.7,4,109,13
5000,4,0.7,4,110,13
5000,4,0.7,4,111,12
5000,4,0.7,4,112,11
5000,4,0.7,4,113,13
5000,4,0.7,4,114,23
5000,4,0.7,4,115,24
5000,4,0.7,4,116,11
5000,4,0.7,4,117,13
5000,4,0.7,4,118,7
5000,4,0.7,4,119,12
20000,4,0.7,4,0,10
20000,4,0.7,4,1,11
20000,4,0.7,4,2,14
20000,4,0.7,4,3,19
20000,4,0.7,4,4,12
20000,4,0.7,4,5,11
20000,4,0.7,4,6,8
20000,4,0.7,4,7,8
20000,4,0.7,4,8,4
20000,4,0.7,4,9,18
20000,4,0.7,4,10,15
20000,4,0.7,4,11,5
20000,4,0.7,4,12,7
20000,4,0.7,4,13,3
20000,4,0.7,4,14,16
20000,4,0.7,4,15,4
20000,4,0.7,4,16,2
20000,4,0.7,4,17,12
20000,4,0.7,4,18,8
20000,4,0.7,4,19,17
20000,4,0.7,4,20,15
20000,4,0.7,4,21,17
20000,4,0.7,4,22,9
20000,4,0.7,4,23,3
20000,4,0.7,4,24,19
20000,4,0.7,4,25,9
20000,4,0.7,4,26,15
20000,4,0.7,4,27,14
20000,4,0.7,4,28,20
20000,4,0.7,4,29,6
20000,4,0.7,4,30,3
20000,4,0.7,4,31,7
20000,4,0.7,4,32,15
20000,4,0.7,4,33,12
20000,4,0.7,4,34,8
20000,4,0.7,4,35,15
20000,4,0.7,4,36,11
20000,4,0.7,4,37,14
20000,4,0.7,4,38,10
20000,4,0.7,4,39,24
20000,4,0.7,4,40,6
20000,4,0.7,4,41,16
20000,4,0.7,4,42,10
20000,4,0.7,4,43,7
20000,4,0.7,4,44,13
20000,4,0.7,4,45,16
20000,4,0.7,4,46,20
20000,4,0.7,4,47,10
20000,4,0.7,4,48,16
20000,4,0.7,4,49,16
20000,4,0.7,4,50,8
20000,4,0.7,4,51,6
20000,4,0.7,4,52,7
20000,4,0.7,4,53,11
20000,4,0.7,4,54,6
20000,4,0.7,4,55,15
20000,4,0.7,4,56,25
20000,4,0.7,4,57,10
20000,4,0.7,4,58,19
20000,4,0.7,4,59,8
20000,4,0.7,4,60,12
20000,4,0.7,4,61,15
20000,4,0.7,4,62,20
20000,4,0.7,4,63,20
20000,4,0.7,4,64,14
20000,4,0.7,4,65,15
20000,4,0.7,4,66,11
20000,4,0.7,4,67,13
20000,4,0.7,4,68,12
20000,4,0.7,4,69,15
20000,4,0.7,4,70,12
20000,4,0.7,4,71,6
20000,4,0.7,4,72,14
20000,4,0.7,4,73,13
20000,4,0.7,4,74,13
20000,4,0.7,4,75,13
20000,4,0.7,4,76,13
20000,4,0.7,4,77,8
20000,4,0.7,4,78,10
20000,4,0.7,4,79,12
20000,4,0.7,4,80,15
20000,4,0.7,4,81,15
20000,4,0.7,4,82,9
20000,4,0.7,4,83,10
20000,4,0.7,4,84,18
20000,4,0.7,4,85,5
20000,4,0.7,4,86,7
20000,4,0.7,4,87,8
20000,4,0.7,4,88,10
20000,4,0.7,4,89,10
20000,4,0.7,4,90,21
20000,4,0.7,4,91,10
20000,4,0.7,4,92,9
20000,4,0.7,4,93,15
20000,4,0.7,4,94,12
20000,4,0.7,4,95,8
20000,4,0.7,4,96,14
20000,4,0.7,4,97,5
20000,4,0.7,4,98,15
20000,4,0.7,4,99,13
20000,4,0.7,4,100,10
20000,4,0.7,4,101,18
20000,4,0.7,4,102,8
20000,4,0.7,4,103,15
20000,4,0.7,4,104,5
20000,4,0.7,4,105,7
20000,4,0.7,4,106,8
20000,4,0.7,4,107,10
20000,4,0.7,4,108,7
20000,4,0.7,4,109,11
20000,4,0.7,4,110,14
20000,4,0.7,4,111,13
20000,4,0.7,4,112,10
20000,4,0.7,4,113,15
20000,4,0.7,4,114,16
20000,4,0.7,4,115,16
20000,4,0.7,4,116,11
20000,4,0.7,4,117,15
20000,4,0.7,4,118,13
20000,4,0.7,4,119,10
5000,4,0.85,4,0,8
5000,4,0.85,4,1,26
5000,4,0.85,4,2,21
5000,4,0.85,4,3,14
5000,4,0.85,4,4,15
5000,4,0.85,4,5,25
5000,4,0.85,4,6,11
5000,4,0.85,4,7,27
5000,4,0.85,4,8,21
5000,4,0.85,4,9,13
5000,4,0.85,4,10,20
5000,4,0.85,4,11,13
5000,4,0.85,4,12,17
5000,4,0.85,4,13,15
5000,4,0.85,4,14,8
5000,4,0.85,4,15,34
5000,4,0.85,4,16,12
5000,4,0.85,4,17,17
5000,4,0.85,4,18,12
5000,4,0.85,4,19,29
5000,4,0.85,4,20,11
5000,4,0.85,4,21,28
5000,4,0.85,4,22,26
5000,4,0.85,4,23,16
5000,4,0.85,4,24,32
5000,4,0.85,4,25,30
5000,4,0.85,4,26,26
5000,4,0.85,4,27,13
5000,4,0.85,4,28,20
5000,4,0.85,4,29,11
5000,4,0.85,4,30,20
5000,4,0.85,4,31,16
5000,4,0.85,4,32,31
5000,4,0.85,4,33,20
5000,4,0.85,4,34,14
5000,4,0.85,4,35,22
5000,4,0.85,4,36,17
5000,4,0.85,4,37,15
5000,4,0.85,4,38,18
5000,4,0.85,4,39,23
5000,4,0.85,4,40,27
5000,4,0.85,4,41,18
5000,4,0.85,4,42,18
5000,4,0.85,4,43,10
5000,4,0.85,4,44,18
5000,4,0.85,4,45,4
5000,4,0.85,4,46,21
5000,4,0.85,4,47,23
5000,4,0.85,4,48,32
5000,4,0.85,4,49,10
5000,4,0.85,4,50,10
5000,4,0.85,4,51,15
5000,4,0.85,4,52,9
5000,4,0.85,4,53,24
5000,4,0.85,4,54,28
5000,4,0.85,4,55,7
5000,4,0.85,4,56,27
5000,4,0.85,4,57,22
5000,4,0.85,4,58,16
5000,4,0.85,4,59,11
5000,4,0.85,4,60,7
5000,4,0.85,4,61,14
5000,4,0.85,4,62,13
5000,4,0.85,4,63,21
5000,4,0.85,4,64,11
5000,4,0.85,4,65,16
5000,4,0.85,4,66,12
5000,4,0.85,4,67,15
5000,4,0.85,4,68,17
5000,4,0.85,4,69,18
5000,4,0.85,4,70,19
5000,4,0.85,4,71,26
5000,4,0.85,4,72,19
5000,4,0.85,4,73,15
5000,4,0.85,4,74,11
5000,4,0.85,4,75,22
5000,4,0.85,4,76,17
5000,4,0.85,4,77,22
5000,4,0.85,4,78,12
5000,4,0.85,4,79,24
5000,4,0.85,4,80,27
5000,4,0.85,4,81,3
5000,4,0.85,4,82,29
5000,4,0.85,4,83,16
5000,4,0.85,4,84,15
5000,4,0.85,4,85,3
5000,4,0.85,4,86,22
5000,4,0.85,4,87,11
5000,4,0.85,4,88,9
5000,4,0.85,4,89,15
5000,4,0.85,4,90,16
5000,4,0.85,4,91,7
5000,4,0.85,4,92,23
5000,4,0.85,4,93,11
5000,4,0.85,4,94,27
5000,4,0.85,4,95,12
5000,4,0.85,4,96,19
5000,4,0.85,4,97,19
5000,4,0.85,4,98,13
5000,4,0.85,4,99,16
5000,4,0.85,4,100,17
5000,4,0.85,4,101,10
5000,4,0.85,4,102,25
5000,4,0.85,4,103,22
5000,4,0.85,4,104,20
5000,4,0.85,4,105,16
5000,4,0.85,4,106,11
5000,4,0.85,4,107,26
5000,4,0.85,4,108,13
5000,4,0.85,4,109,20
5000,4,0.85,4,110,21
5000,4,0.85,4,111,0
5000,4,0.85,4,112,17
5000,4,0.85,4,113,11
5000,4,0.85,4,114,13
5000,4,0.85,4,115,17
5000,4,0.85,4,116,19
5000,4,0.85,4,117,13
5000,4,0.85,4,118,16
5000,4,0.85,4,119,15
20000,4,0.85,4,0,20
20000,4,0.85,4,1,27
20000,4,0.85,4,2,15
20000,4,0.85,4,3,11
20000,4,0.85,4,4,13
20000,4,0.85,4,5,19
20000,4,0.85,4,6,11
20000,4,0.85,4,7,18
20000,4,0.85,4,8,29
20000,4,0.85,4,9,9
20000,4,0.85,4,10,15
20000,4,0.85,4,11,30
20000,4,0.85,4,12,10
20000,4,0.85,4,13,13
20000,4,0.85,4,14,24
20000,4,0.85,4,15,13
20000,4,0.85,4,16,16
20000,4,0.85,4,17,23
20000,4,0.85,4,18,11
20000,4,0.85,4,19,27
20000,4,0.85,4,20,13
20000,4,0.85,4,21,10
20000,4,0.85,4,22,22
20000,4,0.85,4,23,9
20000,4,0.85,4,24,24
20000,4,0.85,4,25,16
20000,4,0.85,4,26,19
20000,4,0.85,4,27,11
20000,4,0.85,4,28,11
20000,4,0.85,4,29,17
20000,4,0.85,4,30,21
20000,4,0.85,4,31,26
20000,4,0.85,4,32,19
20000,4,0.85,4,33,19
20000,4,0.85,4,34,15
20000,4,0.85,4,35,13
20000,4,0.85,4,36,25
20000,4,0.85,4,37,12
20000,4,0.85,4,38,26
20000,4,0.85,4,39,20
20000,4,0.85,4,40,20
20000,4,0.85,4,41,11
20000,4,0.85,4,42,22
20000,4,0.85,4,43,18
20000,4,0.85,4,44,23
20000,4,0.85,4,45,22
20000,4,0.85,4,46,31
20000,4,0.85,4,47,20
20000,4,0.85,4,48,20
20000,4,0.85,4,49,24
20000,4,0.85,4,50,20
20000,4,0.85,4,51,22
20000,4,0.85,4,52,34
20000,4,0.85,4,53,6
20000,4,0.85,4,54,14
20000,4,0.85,4,55,13
20000,4,0.85,4,56,24
20000,4,0.85,4,57,29
20000,4,0.85,4,58,12
20000,4,0.85,4,59,30
20000,4,0.85,4,60,0
20000,4,0.85,4,61,22
20000,4,0.85,4,62,20
20000,4,0.85,4,63,13
20000,4,0.85,4,64,26
20000,4,0.85,4,65,24
20000,4,0.85,4,66,16
20000,4,0.85,4,67,10
20000,4,0.85,4,68,14
20000,4,0.85,4,69,15
20000,4,0.85,4,70,15
20000,4,0.85,4,71,8
20000,4,0.85,4,72,22
20000,4,0.85,4,73,28
20000,4,0.85,4,74,33
20000,4,0.85,4,75,16
20000,4,0.85,4,76,7
20000,4,0.85,4,77,18
20000,4,0.85,4,78,16
20000,4,0.85,4,79,26
20000,4,0.85,4,80,12
20000,4,0.85,4,81,1
20000,4,0.85,4,82,16
20000,4,0.85,4,83,13
20000,4,0.85,4,84,16
20000,4,0.85,4,85,15
20000,4,0.85,4,86,15
20000,4,0.85,4,87,22
20000,4,0.85,4,88,11
20000,4,0.85,4,89,26
20000,4,0.85,4,90,8
20000,4,0.85,4,91,28
20000,4,0.85,4,92,17
20000,4,0.85,4,93,17
20000,4,0.85,4,94,22
20000,4,0.85,4,95,19
20000,4,0.85,4,96,24
20000,4,0.85,4,97,18
20000,4,0.85,4,98,8
20000,4,0.85,4,99,20
20000,4,0.85,4,100,25
20000,4,0.85,4,101,16
20000,4,0.85,4,102,25
20000,4,0.85,4,103,12
20000,4,0.85,4,104,25
20000,4,0.85,4,105,29
20000,4,0.85,4,106,9
20000,4,0.85,4,107,14
20000,4,0.85,4,108,17
20000,4,0.85,4,109,16
20000,4,0.85,4,110,21
20000,4,0.85,4,111,6
20000,4,0.85,4,112,15
20000,4,0.85,4,113,22
20000,4,0.85,4,114,14
20000,4,0.85,4,115,14
20000,4,0.85,4,116,17
20000,4,0.85,4,117,10
20000,4,0.85,4,118,30
20000,4,0.85,4,119,17
5000,4,1.0,4,0,14
5000,4,1.0,4,1,21
5000,4,1.0,4,2,33
5000,4,1.0,4,3,25
5000,4,1.0,4,4,14
5000,4,1.0,4,5,11
5000,4,1.0,4,6,15
5000,4,1.0,4,7,22
5000,4,1.0,4,8,8
5000,4,1.0,4,9,25
5000,4,1.0,4,10,20
5000,4,1.0,4,11,18
5000,4,1.0,4,12,17
5000,4,1.0,4,13,12
5000,4,1.0,4,14,39
5000,4,1.0,4,15,24
5000,4,1.0,4,16,22
5000,4,1.0,4,17,36
5000,4,1.0,4,18,27
5000,4,1.0,4,19,23
5000,4,1.0,4,20,10
5000,4,1.0,4,21,24
5000,4,1.0,4,22,13
5000,4,1.0,4,23,20
5000,4,1.0,4,24,24
5000,4,1.0,4,25,10
5000,4,1.0,4,26,29
5000,4,1.0,4,27,29
5000,4,1.0,4,28,34
5000,4,1.0,4,29,24
5000,4,1.0,4,30,30
5000,4,1.0,4,31,23
5000,4,1.0,4,32,36
5000,4,1.0,4,33,18
5000,4,1.0,4,34,30
5000,4,1.0,4,35,23
5000,4,1.0,4,36,22
5000,4,1.0,4,37,21
5000,4,1.0,4,38,35
5000,4,1.0,4,39,31
5000,4,1.0,4,40,41
5000,4,1.0,4,41,30
5000,4,1.0,4,42,21
5000,4,1.0,4,43,26
5000,4,1.0,4,44,26
5000,4,1.0,4,45,22
5000,4,1.0,4,46,29
5000,4,1.0,4,47,36
5000,4,1.0,4,48,21
5000,4,1.0,4,49,31
5000,4,1.0,4,50,19
5000,4,1.0,4,51,41
5000,4,1.0,4,52,23
5000,4,1.0,4,53,26
5000,4,1.0,4,54,19
5000,4,1.0,4,55,27
5000,4,1.0,4,56,23
5000,4,1.0,4,57,21
5000,4,1.0,4,58,27
5000,4,1.0,4,59,34
5000,4,1.0,4,60,30
5000,4,1.0,4,61,24
5000,4,1.0,4,62,18
5000,4,1.0,4,63,21
5000,4,1.0,4,64,39
5000,4,1.0,4,65,24
5000,4,1.0,4,66,46
5000,4,1.0,4,67,17
5000,4,1.0,4,68,18
5000,4,1.0,4,69,37
5000,4,1.0,4,70,37
5000,4,1.0,4,71,21
5000,4,1.0,4,72,24
5000,4,1.0,4,73,19
5000,4,1.0,4,74,31
5000,4,1.0,4,75,49
5000,4,1.0,4,76,34
5000,4,1.0,4,77,21
5000,4,1.0,4,78,14
5000,4,1.0,4,79,19
5000,4,1.0,4,80,42
5000,4,1.0,4,81,24
5000,4,1.0,4,82,17
5000,4,1.0,4,83,6
5000,4,1.0,4,84,35
5000,4,1.0,4,85,28
5000,4,1.0,4,86,37
5000,4,1.0,4,87,29
5000,4,1.0,4,88,24
5000,4,1.0,4,89,40
5000,4,1.0,4,90,29
5000,4,1.0,4,91,32
5000,4,1.0,4,92,33
5000,4,1.0,4,93,32
5000,4,1.0,4,94,26
5000,4,1.0,4,95,24
5000,4,1.0,4,96,16
5000,4,1.0,4,97,28
5000,4,1.0,4,98,25
5000,4,1.0,4,99,29
5000,4,1.0,4,100,27
5000,4,1.0,4,101,33
5000,4,1.0,4,102,39
5000,4,1.0,4,103,13
5000,4,1.0,4,104,31
5000,4,1.0,4,105,21
5000,4,1.0,4,106,34
5000,4,1.0,4,107,26
5000,4,1.0,4,108,32
5000,4,1.0,4,109,41
5000,4,1.0,4,110,35
5000,4,1.0,4,111,28
5000,4,1.0,4,112,19
5000,4,1.0,4,113,33
5000,4,1.0,4,114,30
5000,4,1.0,4,115,18
5000,4,1.0,4,116,25
5000,4,1.0,4,117,16
5000,4,1.0,4,118,28
5000,4,1.0,4,119,18
20000,4,1.0,4,0,9
20000,4,1.0,4,1,16
20000,4,1.0,4,2,37
20000,4,1.0,4,3,17
20000,4,1.0,4,4,27
20000,4,1.0,4,5,25
20000,4,1.0,4,6,25
20000,4,1.0,4,7,39
20000,4,1.0,4,8,37
20000,4,1.0,4,9,38
20000,4,1.0,4,10,27
20000,4,1.0,4,11,37
20000,4,1.0,4,12,17
20000,4,1.0,4,13,35
20000,4,1.0,4,14,17
20000,4,1.0,4,15,22
20000,4,1.0,4,16,59
20000,4,1.0,4,17,9
20000,4,1.0,4,18,3
20000,4,1.0,4,19,12
20000,4,1.0,4,20,47
20000,4,1.0,4,21,26
20000,4,1.0,4,22,35
20000,4,1.0,4,23,36
20000,4,1.0,4,24,7
20000,4,1.0,4,25,30
20000,4,1.0,4,26,23
20000,4,1.0,4,27,26
20000,4,1.0,4,28,20
20000,4,1.0,4,29,27
20000,4,1.0,4,30,17
20000,4,1.0,4,31,22
20000,4,1.0,4,32,26
20000,4,1.0,4,33,18
20000,4,1.0,4,34,33
20000,4,1.0,4,35,27
20000,4,1.0,4,36,19
20000,4,1.0,4,37,8
20000,4,1.0,4,38,25
20000,4,1.0,4,39,8
20000,4,1.0,4,40,23
20000,4,1.0,4,41,19
20000,4,1.0,4,42,16
20000,4,1.0,4,43,7
20000,4,1.0,4,44,25
20000,4,1.0,4,45,20
20000,4,1.0,4,46,27
20000,4,1.0,4,47,49
20000,4,1.0,4,48,17
20000,4,1.0,4,49,36
20000,4,1.0,4,50,19
20000,4,1.0,4,51,24
20000,4,1.0,4,52,22
20000,4,1.0,4,53,21
20000,4,1.0,4,54,46
20000,4,1.0,4,55,14
20000,4,1.0,4,56,42
20000,4,1.0,4,57,25
20000,4,1.0,4,58,15
20000,4,1.0,4,59,20
20000,4,1.0,4,60,7
20000,4,1.0,4,61,14
20000,4,1.0,4,62,15
20000,4,1.0,4,63,21
20000,4,1.0,4,64,30
20000,4,1.0,4,65,28
20000,4,1.0,4,66,5
20000,4,1.0,4,67,40
20000,4,1.0,4,68,35
20000,4,1.0,4,69,31
20000,4,1.0,4,70,38
20000,4,1.0,4,71,21
20000,4,1.0,4,72,25
20000,4,1.0,4,73,13
20000,4,1.0,4,74,28
20000,4,1.0,4,75,41
20000,4,1.0,4,76,36
20000,4,1.0,4,77,19
20000,4,1.0,4,78,14
20000,4,1.0,4,79,28
20000,4,1.0,4,80,32
20000,4,1.0,4,81,27
20000,4,1.0,4,82,38
20000,4,1.0,4,83,39
20000,4,1.0,4,84,24
20000,4,1.0,4,85,30
20000,4,1.0,4,86,20
20000,4,1.0,4,87,17
20000,4,1.0,4,88,34
20000,4,1.0,4,89,18
20000,4,1.0,4,90,15
20000,4,1.0,4,91,14
20000,4,1.0,4,92,24
20000,4,1.0,4,93,22
20000,4,1.0,4,94,41
20000,4,1.0,4,95,35
20000,4,1.0,4,96,41
20000,4,1.0,4,97,20
20000,4,1.0,4,98,28
20000,4,1.0,4,99,25
20000,4,1.0,4,100,25
20000,4,1.0,4,101,60
20000,4,1.0,4,102,24
20000,4,1.0,4,103,18
20000,4,1.0,4,104,26
20000,4,1.0,4,105,29
20000,4,1.0,4,106,26
20000,4,1.0,4,107,43
20000,4,1.0,4,108,41
20000,4,1.0,4,109,8
20000,4,1.0,4,110,25
20000,4,1.0,4,111,7
20000,4,1.0,4,112,46
20000,4,1.0,4,113,32
20000,4,1.0,4,114,30
20000,4,1.0,4,115,30
20000,4,1.0,4,116,28
20000,4,1.0,4,117,24
20000,4,1.0,4,118,18
20000,4,1.0,4,119,14
5000,4,1.15,4,0,18
5000,4,1.15,4,1,51
5000,4,1.15,4,2,34
5000,4,1.15,4,3,60
5000,4,1.15,4,4,20
5000,4,1.15,4,5,3
5000,4,1.15,4,6,30
5000,4,1.15,4,7,33
5000,4,1.15,4,8,44
5000,4,1.15,4,9,39
5000,4,1.15,4,10,60
5000,4,1.15,4,11,58
5000,4,1.15,4,12,50
5000,4,1.15,4,13,53
5000,4,1.15,4,14,54
5000,4,1.15,4,15,62
5000,4,1.15,4,16,31
5000,4,1.15,4,17,60
5000,4,1.15,4,18,31
5000,4,1.15,4,19,52
5000,4,1.15,4,20,93
5000,4,1.15,4,21,29
5000,4,1.15,4,22,6
5000,4,1.15,4,23,12
5000,4,1.15,4,24,27
5000,4,1.15,4,25,51
5000,4,1.15,4,26,21
5000,4,1.15,4,27,67
5000,4,1.15,4,28,89
5000,4,1.15,4,29,55
5000,4,1.15,4,30,23
5000,4,1.15,4,31,55
5000,4,1.15,4,32,51
5000,4,1.15,4,33,38
5000,4,1.15,4,34,10
5000,4,1.15,4,35,48
5000,4,1.15,4,36,47
5000,4,1.15,4,37,66
5000,4,1.15,4,38,38
5000,4,1.15,4,39,47
5000,4,1.15,4,40,40
5000,4,1.15,4,41,62
5000,4,1.15,4,42,24
5000,4,1.15,4,43,39
5000,4,1.15,4,44,40
5000,4,1.15,4,45,36
5000,4,1.15,4,46,50
5000,4,1.15,4,47,32
5000,4,1.15,4,48,23
5000,4,1.15,4,49,42
5000,4,1.15,4,50,31
5000,4,1.15,4,51,68
5000,4,1.15,4,52,40
5000,4,1.15,4,53,47
5000,4,1.15,4,54,62
5000,4,1.15,4,55,34
5000,4,1.15,4,56,29
5000,4,1.15,4,57,70
5000,4,1.15,4,58,46
5000,4,1.15,4,59,54
5000,4,1.15,4,60,44
5000,4,1.15,4,61,58
5000,4,1.15,4,62,22
5000,4,1.15,4,63,13
5000,4,1.15,4,64,21
5000,4,1.15,4,65,65
5000,4,1.15,4,66,22
5000,4,1.15,4,67,29
5000,4,1.15,4,68,33
5000,4,1.15,4,69,11
5000,4,1.15,4,70,40
5000,4,1.15,4,71,48
5000,4,1.15,4,72,68
5000,4,1.15,4,73,35
5000,4,1.15,4,74,61
5000,4,1.15,4,75,33
5000,4,1.15,4,76,34
5000,4,1.15,4,77,45
5000,4,1.15,4,78,66
5000,4,1.15,4,79,35
5000,4,1.15,4,80,78
5000,4,1.15,4,81,46
5000,4,1.15,4,82,74
5000,4,1.15,4,83,70
5000,4,1.15,4,84,58
5000,4,1.15,4,85,55
5000,4,1.15,4,86,26
5000,4,1.15,4,87,32
5000,4,1.15,4,88,25
5000,4,1.15,4,89,47
5000,4,1.15,4,90,57
5000,4,1.15,4,91,66
5000,4,1.15,4,92,59
5000,4,1.15,4,93,27
5000,4,1.15,4,94,58
5000,4,1.15,4,95,38
5000,4,1.15,4,96,48
5000,4,1.15,4,97,48
5000,4,1.15,4,98,36
5000,4,1.15,4,99,31
5000,4,1.15,4,100,54
5000,4,1.15,4,101,18
5000,4,1.15,4,102,24
5000,4,1.15,4,103,31
5000,4,1.15,4,104,36
5000,4,1.15,4,105,21
5000,4,1.15,4,106,36
5000,4,1.15,4,107,43
5000,4,1.15,4,108,61
5000,4,1.15,4,109,30
5000,4,1.15,4,110,36
5000,4,1.15,4,111,24
5000,4,1.15,4,112,49
5000,4,1.15,4,113,93
5000,4,1.15,4,114,53
5000,4,1.15,4,115,38
5000,4,1.15,4,116,69
5000,4,1.15,4,117,56
5000,4,1.15,4,118,46
5000,4,1.15,4,119,57
20000,4,1.15,4,0,36
20000,4,1.15,4,1,55
20000,4,1.15,4,2,69
20000,4,1.15,4,3,27
20000,4,1.15,4,4,44
20000,4,1.15,4,5,34
20000,4,1.15,4,6,47
20000,4,1.15,4,7,50
20000,4,1.15,4,8,62
20000,4,1.15,4,9,73
20000,4,1.15,4,10,24
20000,4,1.15,4,11,13
20000,4,1.15,4,12,73
20000,4,1.15,4,13,30
20000,4,1.15,4,14,23
20000,4,1.15,4,15,47
20000,4,1.15,4,16,13
20000,4,1.15,4,17,21
20000,4,1.15,4,18,53
20000,4,1.15,4,19,20
20000,4,1.15,4,20,66
20000,4,1.15,4,21,20
20000,4,1.15,4,22,27
20000,4,1.15,4,23,5
20000,4,1.15,4,24,31
20000,4,1.15,4,25,18
20000,4,1.15,4,26,43
20000,4,1.15,4,27,36
20000,4,1.15,4,28,14
20000,4,1.15,4,29,50
20000,4,1.15,4,30,48
20000,4,1.15,4,31,14
20000,4,1.15,4,32,57
20000,4,1.15,4,33,45
20000,4,1.15,4,34,53
20000,4,1.15,4,35,34
20000,4,1.15,4,36,43
20000,4,1.15,4,37,70
20000,4,1.15,4,38,51
20000,4,1.15,4,39,24
20000,4,1.15,4,40,18
20000,4,1.15,4,41,34
20000,4,1.15,4,42,39
20000,4,1.15,4,43,35
20000,4,1.15,4,44,20
20000,4,1.15,4,45,45
20000,4,1.15,4,46,29
20000,4,1.15,4,47,84
20000,4,1.15,4,48,83
20000,4,1.15,4,49,33
20000,4,1.15,4,50,61
20000,4,1.15,4,51,59
20000,4,1.15,4,52,45
20000,4,1.15,4,53,71
20000,4,1.15,4,54,43
20000,4,1.15,4,55,50
20000,4,1.15,4,56,44
20000,4,1.15,4,57,21
20000,4,1.15,4,58,41
20000,4,1.15,4,59,25
20000,4,1.15,4,60,52
20000,4,1.15,4,61,13
20000,4,1.15,4,62,61
20000,4,1.15,4,63,37
20000,4,1.15,4,64,31
20000,4,1.15,4,65,66
20000,4,1.15,4,66,27
20000,4,1.15,4,67,34
20000,4,1.15,4,68,36
20000,4,1.15,4,69,49
20000,4,1.15,4,70,64
20000,4,1.15,4,71,39
20000,4,1.15,4,72,10
20000,4,1.15,4,73,31
20000,4,1.15,4,74,23
20000,4,1.15,4,75,83
20000,4,1.15,4,76,70
20000,4,1.15,4,77,56
20000,4,1.15,4,78,39
20000,4,1.15,4,79,24
20000,4,1.15,4,80,75
20000,4,1.15,4,81,56
20000,4,1.15,4,82,26
20000,4,1.15,4,83,40
20000,4,1.15,4,84,12
20000,4,1.15,4,85,40
20000,4,1.15,4,86,47
20000,4,1.15,4,87,52
20000,4,1.15,4,88,53
20000,4,1.15,4,89,46
20000,4,1.15,4,90,14
20000,4,1.15,4,91,46
20000,4,1.15,4,92,61
20000,4,1.15,4,93,20
20000,4,1.15,4,94,61
20000,4,1.15,4,95,46
20000,4,1.15,4,96,58
20000,4,1.15,4,97,29
20000,4,1.15,4,98,32
20000,4,1.15,4,99,50
20000,4,1.15,4,100,79
20000,4,1.15,4,101,8
20000,4,1.15,4,102,32
20000,4,1.15,4,103,35
20000,4,1.15,4,104,29
20000,4,1.15,4,105,33
20000,4,1.15,4,106,10
20000,4,1.15,4,107,73
20000,4,1.15,4,108,39
20000,4,1.15,4,109,46
20000,4,1.15,4,110,51
20000,4,1.15,4,111,34
20000,4,1.15,4,112,52
20000,4,1.15,4,113,48
20000,4,1.15,4,114,37
20000,4,1.15,4,115,33
20000,4,1.15,4,116,28
20000,4,1.15,4,117,65
20000,4,1.15,4,118,41
20000,4,1.15,4,119,49
5000,4,1.3,4,0,158
5000,4,1.3,4,1,147
5000,4,1.3,4,2,218
5000,4,1.3,4,3,174
5000,4,1.3,4,4,53
5000,4,1.3,4,5,249
5000,4,1.3,4,6,56
5000,4,1.3,4,7,88
5000,4,1.3,4,8,153
5000,4,1.3,4,9,181
5000,4,1.3,4,10,44
5000,4,1.3,4,11,169
5000,4,1.3,4,12,118
5000,4,1.3,4,13,57
5000,4,1.3,4,14,120
5000,4,1.3,4,15,51
5000,4,1.3,4,16,173
5000,4,1.3,4,17,123
5000,4,1.3,4,18,59
5000,4,1.3,4,19,162
5000,4,1.3,4,20,194
5000,4,1.3,4,21,254
5000,4,1.3,4,22,83
5000,4,1.3,4,23,119
5000,4,1.3,4,24,94
5000,4,1.3,4,25,82
5000,4,1.3,4,26,132
5000,4,1.3,4,27,219
5000,4,1.3,4,28,140
5000,4,1.3,4,29,126
5000,4,1.3,4,30,121
5000,4,1.3,4,31,94
5000,4,1.3,4,32,93
5000,4,1.3,4,33,103
5000,4,1.3,4,34,201
5000,4,1.3,4,35,122
5000,4,1.3,4,36,163
5000,4,1.3,4,37,104
5000,4,1.3,4,38,128
5000,4,1.3,4,39,116
5000,4,1.3,4,40,19
5000,4,1.3,4,41,52
5000,4,1.3,4,42,222
5000,4,1.3,4,43,90
5000,4,1.3,4,44,239
5000,4,1.3,4,45,66
5000,4,1.3,4,46,123
5000,4,1.3,4,47,243
5000,4,1.3,4,48,189
5000,4,1.3,4,49,112
5000,4,1.3,4,50,58
5000,4,1.3,4,51,40
5000,4,1.3,4,52,87
5000,4,1.3,4,53,58
5000,4,1.3,4,54,102
5000,4,1.3,4,55,81
5000,4,1.3,4,56,183
5000,4,1.3,4,57,154
5000,4,1.3,4,58,198
5000,4,1.3,4,59,127
5000,4,1.3,4,60,131
5000,4,1.3,4,61,122
5000,4,1.3,4,62,114
5000,4,1.3,4,63,84
5000,4,1.3,4,64,162
5000,4,1.3,4,65,95
5000,4,1.3,4,66,111
5000,4,1.3,4,67,132
5000,4,1.3,4,68,175
5000,4,1.3,4,69,104
5000,4,1.3,4,70,125
5000,4,1.3,4,71,99
5000,4,1.3,4,72,197
5000,4,1.3,4,73,53
5000,4,1.3,4,74,113
5000,4,1.3,4,75,170
5000,4,1.3,4,76,85
5000,4,1.3,4,77,69
5000,4,1.3,4,78,72
5000,4,1.3,4,79,113
5000,4,1.3,4,80,199
5000,4,1.3,4,81,195
5000,4,1.3,4,82,80
5000,4,1.3,4,83,127
5000,4,1.3,4,84,205
5000,4,1.3,4,85,209
5000,4,1.3,4,86,37
5000,4,1.3,4,87,154
5000,4,1.3,4,88,198
5000,4,1.3,4,89,259
5000,4,1.3,4,90,158
5000,4,1.3,4,91,101
5000,4,1.3,4,92,140
5000,4,1.3,4,93,234
5000,4,1.3,4,94,170
5000,4,1.3,4,95,0
5000,4,1.3,4,96,157
5000,4,1.3,4,97,123
5000,4,1.3,4,98,153
5000,4,1.3,4,99,185
5000,4,1.3,4,100,88
5000,4,1.3,4,101,184
5000,4,1.3,4,102,126
5000,4,1.3,4,103,126
5000,4,1.3,4,104,144
5000,4,1.3,4,105,55
5000,4,1.3,4,106,56
5000,4,1.3,4,107,159
5000,4,1.3,4,108,66
5000,4,1.3,4,109,154
5000,4,1.3,4,110,23
5000,4,1.3,4,111,43
5000,4,1.3,4,112,159
5000,4,1.3,4,113,128
5000,4,1.3,4,114,137
5000,4,1.3,4,115,50
5000,4,1.3,4,116,48
5000,4,1.3,4,117,36
5000,4,1.3,4,118,120
5000,4,1.3,4,119,101
20000,4,1.3,4,0,34
20000,4,1.3,4,1,178
20000,4,1.3,4,2,135
20000,4,1.3,4,3,145
20000,4,1.3,4,4,95
20000,4,1.3,4,5,143
20000,4,1.3,4,6,101
20000,4,1.3,4,7,40
20000,4,1.3,4,8,161
20000,4,1.3,4,9,122
20000,4,1.3,4,10,58
20000,4,1.3,4,11,34
20000,4,1.3,4,12,123
20000,4,1.3,4,13,205
20000,4,1.3,4,14,162
20000,4,1.3,4,15,121
20000,4,1.3,4,16,116
20000,4,1.3,4,17,138
20000,4,1.3,4,18,84
20000,4,1.3,4,19,118
20000,4,1.3,4,20,143
20000,4,1.3,4,21,114
20000,4,1.3,4,22,65
20000,4,1.3,4,23,86
20000,4,1.3,4,24,263
20000,4,1.3,4,25,106
20000,4,1.3,4,26,255
20000,4,1.3,4,27,44
20000,4,1.3,4,28,134
20000,4,1.3,4,29,123
20000,4,1.3,4,30,260
20000,4,1.3,4,31,110
20000,4,1.3,4,32,142
20000,4,1.3,4,33,53
20000,4,1.3,4,34,77
20000,4,1.3,4,35,147
20000,4,1.3,4,36,184
20000,4,1.3,4,37,101
20000,4,1.3,4,38,168
20000,4,1.3,4,39,119
20000,4,1.3,4,40,166
20000,4,1.3,4,41,183
20000,4,1.3,4,42,168
20000,4,1.3,4,43,105
20000,4,1.3,4,44,87
20000,4,1.3,4,45,176
20000,4,1.3,4,46,82
20000,4,1.3,4,47,166
20000,4,1.3,4,48,128
20000,4,1.3,4,49,179
20000,4,1.3,4,50,115
20000,4,1.3,4,51,120
20000,4,1.3,4,52,133
20000,4,1.3,4,53,68
20000,4,1.3,4,54,76
20000,4,1.3,4,55,65
20000,4,1.3,4,56,102
20000,4,1.3,4,57,123
20000,4,1.3,4,58,183
20000,4,1.3,4,59,188
20000,4,1.3,4,60,186
20000,4,1.3,4,61,115
20000,4,1.3,4,62,118
20000,4,1.3,4,63,124
20000,4,1.3,4,64,136
20000,4,1.3,4,65,48
20000,4,1.3,4,66,68
20000,4,1.3,4,67,68
20000,4,1.3,4,68,187
20000,4,1.3,4,69,163
20000,4,1.3,4,70,119
20000,4,1.3,4,71,153
20000,4,1.3,4,72,104
20000,4,1.3,4,73,45
20000,4,1.3,4,74,64
20000,4,1.3,4,75,51
20000,4,1.3,4,76,260
20000,4,1.3,4,77,124
20000,4,1.3,4,78,125
20000,4,1.3,4,79,175
20000,4,1.3,4,80,165
20000,4,1.3,4,81,157
20000,4,1.3,4,82,145
20000,4,1.3,4,83,178
20000,4,1.3,4,84,129
20000,4,1.3,4,85,221
20000,4,1.3,4,86,219
20000,4,1.3,4,87,135
20000,4,1.3,4,88,211
20000,4,1.3,4,89,142
20000,4,1.3,4,90,153
20000,4,1.3,4,91,198
20000,4,1.3,4,92,238
20000,4,1.3,4,93,103
20000,4,1.3,4,94,131
20000,4,1.3,4,95,89
20000,4,1.3,4,96,153
20000,4,1.3,4,97,42
20000,4,1.3,4,98,77
20000,4,1.3,4,99,190
20000,4,1.3,4,100,160
20000,4,1.3,4,101,104
20000,4,1.3,4,102,81
20000,4,1.3,4,103,103
20000,4,1.3,4,104,111
20000,4,1.3,4,105,86
20000,4,1.3,4,106,137
20000,4,1.3,4,107,50
20000,4,1.3,4,108,92
20000,4,1.3,4,109,61
20000,4,1.3,4,110,142
20000,4,1.3,4,111,199
20000,4,1.3,4,112,206
20000,4,1.3,4,113,202
20000,4,1.3,4,114,153
20000,4,1.3,4,115,180
20000,4,1.3,4,116,202
20000,4,1.3,4,117,294
20000,4,1.3,4,118,11
20000,4,1.3,4,119,147
5000,8,0.55,4,0,14
5000,8,0.55,4,1,15
5000,8,0.55,4,2,24
5000,8,0.55,4,3,27
5000,8,0.55,4,4,23
5000,8,0.55,4,5,11
5000,8,0.55,4,6,7
5000,8,0.55,4,7,15
5000,8,0.55,4,8,24
5000,8,0.55,4,9,12
5000,8,0.55,4,10,10
5000,8,0.55,4,11,28
5000,8,0.55,4,12,14
5000,8,0.55,4,13,18
5000,8,0.55,4,14,19
5000,8,0.55,4,15,11
5000,8,0.55,4,16,17
5000,8,0.55,4,17,24
5000,8,0.55,4,18,24
5000,8,0.55,4,19,20
5000,8,0.55,4,20,25
5000,8,0.55,4,21,9
5000,8,0.55,4,22,23
5000,8,0.55,4,23,20
5000,8,0.55,4,24,16
5000,8,0.55,4,25,19
5000,8,0.55,4,26,12
5000,8,0.55,4,27,10
5000,8,0.55,4,28,12
5000,8,0.55,4,29,22
5000,8,0.55,4,30,15
5000,8,0.55,4,31,16
5000,8,0.55,4,32,7
5000,8,0.55,4,33,24
5000,8,0.55,4,34,21
5000,8,0.55,4,35,21
5000,8,0.55,4,36,8
5000,8,0.55,4,37,19
5000,8,0.55,4,38,14
5000,8,0.55,4,39,17
5000,8,0.55,4,40,32
5000,8,0.55,4,41,26
5000,8,0.55,4,42,11
5000,8,0.55,4,43,9
5000,8,0.55,4,44,7
5000,8,0.55,4,45,16
5000,8,0.55,4,46,23
5000,8,0.55,4,47,19
5000,8,0.55,4,48,9
5000,8,0.55,4,49,28
5000,8,0.55,4,50,26
5000,8,0.55,4,51,8
5000,8,0.55,4,52,25
5000,8,0.55,4,53,2
5000,8,0.55,4,54,25
5000,8,0.55,4,55,14
5000,8,0.55,4,56,21
5000,8,0.55,4,57,17
5000,8,0.55,4,58,26
5000,8,0.55,4,59,32
5000,8,0.55,4,60,24
5000,8,0.55,4,61,17
5000,8,0.55,4,62,14
5000,8,0.55,4,63,21
5000,8,0.55,4,64,9
5000,8,0.55,4,65,19
5000,8,0.55,4,66,19
5000,8,0.55,4,67,8
5000,8,0.55,4,68,24
5000,8,0.55,4,69,16
5000,8,0.55,4,70,6
5000,8,0.55,4,71,29
5000,8,0.55,4,72,19
5000,8,0.55,4,73,27
5000,8,0.55,4,74,21
5000,8,0.55,4,75,14
5000,8,0.55,4,76,13
5000,8,0.55,4,77,17
5000,8,0.55,4,78,20
5000,8,0.55,4,79,12
5000,8,0.55,4,80,24
5000,8,0.55,4,81,8
5000,8,0.55,4,82,9
5000,8,0.55,4,83,32
5000,8,0.55,4,84,11
5000,8,0.55,4,85,8
5000,8,0.55,4,86,15
5000,8,0.55,4,87,19
5000,8,0.55,4,88,16
5000,8,0.55,4,89,19
5000,8,0.55,4,90,19
5000,8,0.55,4,91,16
5000,8,0.55,4,92,16
5000,8,0.55,4,93,27
5000,8,0.55,4,94,13
5000,8,0.55,4,95,11
5000,8,0.55,4,96,24
5000,8,0.55,4,97,15
5000,8,0.55,4,98,12
5000,8,0.55,4,99,20
5000,8,0.55,4,100,35
5000,8,0.55,4,101,18
5000,8,0.55,4,102,7
5000,8,0.55,4,103,20
5000,8,0.55,4,104,9
5000,8,0.55,4,105,8
5000,8,0.55,4,106,11
5000,8,0.55,4,107,26
5000,8,0.55,4,108,22
5000,8,0.55,4,109,17
5000,8,0.55,4,110,23
5000,8,0.55,4,111,14
5000,8,0.55,4,112,18
5000,8,0.55,4,113,27
5000,8,0.55,4,114,15
5000,8,0.55,4,115,21
5000,8,0.55,4,116,22
5000,8,0.55,4,117,20
5000,8,0.55,4,118,14
5000,8,0.55,4,119,25
20000,8,0.55,4,0,15
20000,8,0.55,4,1,16
20000,8,0.55,4,2,18
20000,8,0.55,4,3,21
20000,8,0.55,4,4,13
20000,8,0.55,4,5,17
20000,8,0.55,4,6,32
20000,8,0.55,4,7,17
20000,8,0.55,4,8,8
20000,8,0.55,4,9,13
20000,8,0.55,4,10,13
20000,8,0.55,4,11,20
20000,8,0.55,4,12,14
20000,8,0.55,4,13,19
20000,8,0.55,4,14,13
20000,8,0.55,4,15,11
20000,8,0.55,4,16,11
20000,8,0.55,4,17,17
20000,8,0.55,4,18,11
20000,8,0.55,4,19,24
20000,8,0.55,4,20,13
20000,8,0.55,4,21,18
20000,8,0.55,4,22,16
20000,8,0.55,4,23,10
20000,8,0.55,4,24,21
20000,8,0.55,4,25,13
20000,8,0.55,4,26,9
20000,8,0.55,4,27,23
20000,8,0.55,4,28,13
20000,8,0.55,4,29,8
20000,8,0.55,4,30,18
20000,8,0.55,4,31,20
20000,8,0.55,4,32,16
20000,8,0.55,4,33,9
20000,8,0.55,4,34,10
20000,8,0.55,4,35,0
20000,8,0.55,4,36,17
20000,8,0.55,4,37,11
20000,8,0.55,4,38,19
20000,8,0.55,4,39,27
20000,8,0.55,4,40,20
20000,8,0.55,4,41,10
20000,8,0.55,4,42,12
20000,8,0.55,4,43,10
20000,8,0.55,4,44,14
20000,8,0.55,4,45,16
20000,8,0.55,4,46,22
20000,8,0.55,4,47,22
20000,8,0.55,4,48,27
20000,8,0.55,4,49,12
20000,8,0.55,4,50,8
20000,8,0.55,4,51,13
20000,8,0.55,4,52,5
20000,8,0.55,4,53,24
20000,8,0.55,4,54,23
20000,8,0.55,4,55,19
20000,8,0.55,4,56,22
20000,8,0.55,4,57,12
20000,8,0.55,4,58,15
20000,8,0.55,4,59,8
20000,8,0.55,4,60,10
20000,8,0.55,4,61,23
20000,8,0.55,4,62,22
20000,8,0.55,4,63,15
20000,8,0.55,4,64,22
20000,8,0.55,4,65,28
20000,8,0.55,4,66,22
20000,8,0.55,4,67,17
20000,8,0.55,4,68,23
20000,8,0.55,4,69,22
20000,8,0.55,4,70,24
20000,8,0.55,4,71,11
20000,8,0.55,4,72,17
20000,8,0.55,4,73,28
20000,8,0.55,4,74,15
20000,8,0.55,4,75,12
20000,8,0.55,4,76,8
20000,8,0.55,4,77,14
20000,8,0.55,4,78,17
20000,8,0.55,4,79,15
20000,8,0.55,4,80,17
20000,8,0.55,4,81,13
20000,8,0.55,4,82,19
20000,8,0.55,4,83,10
20000,8,0.55,4,84,23
20000,8,0.55,4,85,23
20000,8,0.55,4,86,23
20000,8,0.55,4,87,13
20000,8,0.55,4,88,24
20000,8,0.55,4,89,17
20000,8,0.55,4,90,22
20000,8,0.55,4,91,8
20000,8,0.55,4,92,17
20000,8,0.55,4,93,31
20000,8,0.55,4,94,19
20000,8,0.55,4,95,21
20000,8,0.55,4,96,24
20000,8,0.55,4,97,21
20000,8,0.55,4,98,14
20000,8,0.55,4,99,14
20000,8,0.55,4,100,17
20000,8,0.55,4,101,18
20000,8,0.55,4,102,20
20000,8,0.55,4,103,20
20000,8,0.55,4,104,25
20000,8,0.55,4,105,20
20000,8,0.55,4,106,10
20000,8,0.55,4,107,15
20000,8,0.55,4,108,29
20000,8,0.55,4,109,30
20000,8,0.55,4,110,26
20000,8,0.55,4,111,25
20000,8,0.55,4,112,25
20000,8,0.55,4,113,3
20000,8,0.55,4,114,18
20000,8,0.55,4,115,7
20000,8,0.55,4,116,10
20000,8,0.55,4,117,18
20000,8,0.55,4,118,17
20000,8,0.55,4,119,14
5000,8,0.7,4,0,18
5000,8,0.7,4,1,22
5000,8,0.7,4,2,13
5000,8,0.7,4,3,14
5000,8,0.7,4,4,23
5000,8,0.7,4,5,30
5000,8,0.7,4,6,15
5000,8,0.7,4,7,52
5000,8,0.7,4,8,50
5000,8,0.7,4,9,23
5000,8,0.7,4,10,33
5000,8,0.7,4,11,31
5000,8,0.7,4,12,28
5000,8,0.7,4,13,15
5000,8,0.7,4,14,34
5000,8,0.7,4,15,45
5000,8,0.7,4,16,19
5000,8,0.7,4,17,27
5000,8,0.7,4,18,31
5000,8,0.7,4,19,29
5000,8,0.7,4,20,29
5000,8,0.7,4,21,33
5000,8,0.7,4,22,12
5000,8,0.7,4,23,27
5000,8,0.7,4,24,36
5000,8,0.7,4,25,8
5000,8,0.7,4,26,16
5000,8,0.7,4,27,26
5000,8,0.7,4,28,42
5000,8,0.7,4,29,18
5000,8,0.7,4,30,27
5000,8,0.7,4,31,22
5000,8,0.7,4,32,45
5000,8,0.7,4,33,9
5000,8,0.7,4,34,24
5000,8,0.7,4,35,42
5000,8,0.7,4,36,42
5000,8,0.7,4,37,14
5000,8,0.7,4,38,25
5000,8,0.7,4,39,38
5000,8,0.7,4,40,20
5000,8,0.7,4,41,22
5000,8,0.7,4,42,31
5000,8,0.7,4,43,16
5000,8,0.7,4,44,19
5000,8,0.7,4,45,36
5000,8,0.7,4,46,17
5000,8,0.7,4,47,25
5000,8,0.7,4,48,37
5000,8,0.7,4,49,38
5000,8,0.7,4,50,15
5000,8,0.7,4,51,32
5000,8,0.7,4,52,7
5000,8,0.7,4,53,38
5000,8,0.7,4,54,15
5000,8,0.7,4,55,18
5000,8,0.7,4,56,29
5000,8,0.7,4,57,23
5000,8,0.7,4,58,34
5000,8,0.7,4,59,24
5000,8,0.7,4,60,27
5000,8,0.7,4,61,8
5000,8,0.7,4,62,29
5000,8,0.7,4,63,17
5000,8,0.7,4,64,13
5000,8,0.7,4,65,17
5000,8,0.7,4,66,42
5000,8,0.7,4,67,33
5000,8,0.7,4,68,32
5000,8,0.7,4,69,12
5000,8,0.7,4,70,13
5000,8,0.7,4,71,40
5000,8,0.7,4,72,27
5000,8,0.7,4,73,31
5000,8,0.7,4,74,15
5000,8,0.7,4,75,19
5000,8,0.7,4,76,22
5000,8,0.7,4,77,24
5000,8,0.7,4,78,16
5000,8,0.7,4,79,30
5000,8,0.7,4,80,40
5000,8,0.7,4,81,31
5000,8,0.7,4,82,27
5000,8,0.7,4,83,21
5000,8,0.7,4,84,23
5000,8,0.7,4,85,21
5000,8,0.7,4,86,7
5000,8,0.7,4,87,17
5000,8,0.7,4,88,27
5000,8,0.7,4,89,43
5000,8,0.7,4,90,32
5000,8,0.7,4,91,17
5000,8,0.7,4,92,35
5000,8,0.7,4,93,29
5000,8,0.7,4,94,17
5000,8,0.7,4,95,9
5000,8,0.7,4,96,50
5000,8,0.7,4,97,15
5000,8,0.7,4,98,14
5000,8,0.7,4,99,17
5000,8,0.7,4,100,29
5000,8,0.7,4,101,32
5000,8,0.7,4,102,30
5000,8,0.7,4,103,40
5000,8,0.7,4,104,27
5000,8,0.7,4,105,11
5000,8,0.7,4,106,49
5000,8,0.7,4,107,29
5000,8,0.7,4,108,23
5000,8,0.7,4,109,8
5000,8,0.7,4,110,18
5000,8,0.7,4,111,36
5000,8,0.7,4,112,13
5000,8,0.7,4,113,17
5000,8,0.7,4,114,5
5000,8,0.7,4,115,13
5000,8,0.7,4,116,26
5000,8,0.7,4,117,12
5000,8,0.7,4,118,41
5000,8,0.7,4,119,24
20000,8,0.7,4,0,26
20000,8,0.7,4,1,19
20000,8,0.7,4,2,27
20000,8,0.7,4,3,33
20000,8,0.7,4,4,26
20000,8,0.7,4,5,23
20000,8,0.7,4,6,29
20000,8,0.7,4,7,18
20000,8,0.7,4,8,16
20000,8,0.7,4,9,33
20000,8,0.7,4,10,29
20000,8,0.7,4,11,8
20000,8,0.7,4,12,40
20000,8,0.7,4,13,25
20000,8,0.7,4,14,23
20000,8,0.7,4,15,23
20000,8,0.7,4,16,28
20000,8,0.7,4,17,19
20000,8,0.7,4,18,32
20000,8,0.7,4,19,41
20000,8,0.7,4,20,27
20000,8,0.7,4,21,22
20000,8,0.7,4,22,33
20000,8,0.7,4,23,28
20000,8,0.7,4,24,30
20000,8,0.7,4,25,42
20000,8,0.7,4,26,26
20000,8,0.7,4,27,21
20000,8,0.7,4,28,30
20000,8,0.7,4,29,20
20000,8,0.7,4,30,28
20000,8,0.7,4,31,36
20000,8,0.7,4,32,12
20000,8,0.7,4,33,11
20000,8,0.7,4,34,34
20000,8,0.7,4,35,15
20000,8,0.7,4,36,16
20000,8,0.7,4,37,20
20000,8,0.7,4,38,15
20000,8,0.7,4,39,30
20000,8,0.7,4,40,16
20000,8,0.7,4,41,20
20000,8,0.7,4,42,40
20000,8,0.7,4,43,11
20000,8,0.7,4,44,39
20000,8,0.7,4,45,19
20000,8,0.7,4,46,15
20000,8,0.7,4,47,14
20000,8,0.7,4,48,22
20000,8,0.7,4,49,36
20000,8,0.7,4,50,24
20000,8,0.7,4,51,17
20000,8,0.7,4,52,31
20000,8,0.7,4,53,31
20000,8,0.7,4,54,31
20000,8,0.7,4,55,28
20000,8,0.7,4,56,26
20000,8,0.7,4,57,27
20000,8,0.7,4,58,49
20000,8,0.7,4,59,25
20000,8,0.7,4,60,35
20000,8,0.7,4,61,32
20000,8,0.7,4,62,28
20000,8,0.7,4,63,22
20000,8,0.7,4,64,29
20000,8,0.7,4,65,18
20000,8,0.7,4,66,38
20000,8,0.7,4,67,27
20000,8,0.7,4,68,15
20000,8,0.7,4,69,29
20000,8,0.7,4,70,16
20000,8,0.7,4,71,36
20000,8,0.7,4,72,15
20000,8,0.7,4,73,30
20000,8,0.7,4,74,8
20000,8,0.7,4,75,35
20000,8,0.7,4,76,51
20000,8,0.7,4,77,21
20000,8,0.7,4,78,16
20000,8,0.7,4,79,16
20000,8,0.7,4,80,16
20000,8,0.7,4,81,40
20000,8,0.7,4,82,54
20000,8,0.7,4,83,17
20000,8,0.7,4,84,14
20000,8,0.7,4,85,10
20000,8,0.7,4,86,28
20000,8,0.7,4,87,36
20000,8,0.7,4,88,26
20000,8,0.7,4,89,8
20000,8,0.7,4,90,21
20000,8,0.7,4,91,30
20000,8,0.7,4,92,25
20000,8,0.7,4,93,45
20000,8,0.7,4,94,33
20000,8,0.7,4,95,41
20000,8,0.7,4,96,12
20000,8,0.7,4,97,19
20000,8,0.7,4,98,19
20000,8,0.7,4,99,13
20000,8,0.7,4,100,22
20000,8,0.7,4,101,33
20000,8,0.7,4,102,30
20000,8,0.7,4,103,39
20000,8,0.7,4,104,15
20000,8,0.7,4,105,30
20000,8,0.7,4,106,22
20000,8,0.7,4,107,20
20000,8,0.7,4,108,20
20000,8,0.7,4,109,20
20000,8,0.7,4,110,45
20000,8,0.7,4,111,25
20000,8,0.7,4,112,9
20000,8,0.7,4,113,22
20000,8,0.7,4,114,22
20000,8,0.7,4,115,20
20000,8,0.7,4,116,31
20000,8,0.7,4,117,29
20000,8,0.7,4,118,34
20000,8,0.7,4,119,13
5000,8,0.85,4,0,22
5000,8,0.85,4,1,48
5000,8,0.85,4,2,17
5000,8,0.85,4,3,10
5000,8,0.85,4,4,23
5000,8,0.85,4,5,50
5000,8,0.85,4,6,22
5000,8,0.85,4,7,75
5000,8,0.85,4,8,19
5000,8,0.85,4,9,34
5000,8,0.85,4,10,32
5000,8,0.85,4,11,41
5000,8,0.85,4,12,60
5000,8,0.85,4,13,13
5000,8,0.85,4,14,44
5000,8,0.85,4,15,44
5000,8,0.85,4,16,31
5000,8,0.85,4,17,10
5000,8,0.85,4,18,35
5000,8,0.85,4,19,45
5000,8,0.85,4,20,44
5000,8,0.85,4,21,61
5000,8,0.85,4,22,29
5000,8,0.85,4,23,13
5000,8,0.85,4,24,39
5000,8,0.85,4,25,28
5000,8,0.85,4,26,21
5000,8,0.85,4,27,29
5000,8,0.85,4,28,31
5000,8,0.85,4,29,70
5000,8,0.85,4,30,52
5000,8,0.85,4,31,66
5000,8,0.85,4,32,47
5000,8,0.85,4,33,70
5000,8,0.85,4,34,47
5000,8,0.85,4,35,54
5000,8,0.85,4,36,49
5000,8,0.85,4,37,70
5000,8,0.85,4,38,37
5000,8,0.85,4,39,8
5000,8,0.85,4,40,44
5000,8,0.85,4,41,37
5000,8,0.85,4,42,17
5000,8,0.85,4,43,51
5000,8,0.85,4,44,9
5000,8,0.85,4,45,62
5000,8,0.85,4,46,32
5000,8,0.85,4,47,54
5000,8,0.85,4,48,47
5000,8,0.85,4,49,43
5000,8,0.85,4,50,40
5000,8,0.85,4,51,71
5000,8,0.85,4,52,51
5000,8,0.85,4,53,61
5000,8,0.85,4,54,44
5000,8,0.85,4,55,58
5000,8,0.85,4,56,39
5000,8,0.85,4,57,29
5000,8,0.85,4,58,0
5000,8,0.85,4,59,55
5000,8,0.85,4,60,22
5000,8,0.85,4,61,46
5000,8,0.85,4,62,39
5000,8,0.85,4,63,38
5000,8,0.85,4,64,38
5000,8,0.85,4,65,54
5000,8,0.85,4,66,58
5000,8,0.85,4,67,40
5000,8,0.85,4,68,11
5000,8,0.85,4,69,47
5000,8,0.85,4,70,34
5000,8,0.85,4,71,25
5000,8,0.85,4,72,42
5000,8,0.85,4,73,49
5000,8,0.85,4,74,48
5000,8,0.85,4,75,37
5000,8,0.85,4,76,27
5000,8,0.85,4,77,52
5000,8,0.85,4,78,29
5000,8,0.85,4,79,24
5000,8,0.85,4,80,23
5000,8,0.85,4,81,29
5000,8,0.85,4,82,41
5000,8,0.85,4,83,65
5000,8,0.85,4,84,43
5000,8,0.85,4,85,42
5000,8,0.85,4,86,28
5000,8,0.85,4,87,40
5000,8,0.85,4,88,30
5000,8,0.85,4,89,61
5000,8,0.85,4,90,39
5000,8,0.85,4,91,39
5000,8,0.85,4,92,44
5000,8,0.85,4,93,28
5000,8,0.85,4,94,43
5000,8,0.85,4,95,45
5000,8,0.85,4,96,59
5000,8,0.85,4,97,34
5000,8,0.85,4,98,55
5000,8,0.85,4,99,30
5000,8,0.85,4,100,20
5000,8,0.85,4,101,21
5000,8,0.85,4,102,58
5000,8,0.85,4,103,53
5000,8,0.85,4,104,48
5000,8,0.85,4,105,40
5000,8,0.85,4,106,37
5000,8,0.85,4,107,38
5000,8,0.85,4,108,55
5000,8,0.85,4,109,41
5000,8,0.85,4,110,77
5000,8,0.85,4,111,15
5000,8,0.85,4,112,22
5000,8,0.85,4,113,32
5000,8,0.85,4,114,56
5000,8,0.85,4,115,61
5000,8,0.85,4,116,48
5000,8,0.85,4,117,27
5000,8,0.85,4,118,47
5000,8,0.85,4,119,48
20000,8,0.85,4,0,46
20000,8,0.85,4,1,29
20000,8,0.85,4,2,42
20000,8,0.85,4,3,32
20000,8,0.85,4,4,28
20000,8,0.85,4,5,45
20000,8,0.85,4,6,63
20000,8,0.85,4,7,47
20000,8,0.85,4,8,55
20000,8,0.85,4,9,48
20000,8,0.85,4,10,26
20000,8,0.85,4,11,55
20000,8,0.85,4,12,41
20000,8,0.85,4,13,33
20000,8,0.85,4,14,65
20000,8,0.85,4,15,22
20000,8,0.85,4,16,47
20000,8,0.85,4,17,18
20000,8,0.85,4,18,38
20000,8,0.85,4,19,23
20000,8,0.85,4,20,76
20000,8,0.85,4,21,11
20000,8,0.85,4,22,35
20000,8,0.85,4,23,14
20000,8,0.85,4,24,60
20000,8,0.85,4,25,27
20000,8,0.85,4,26,38
20000,8,0.85,4,27,40
20000,8,0.85,4,28,49
20000,8,0.85,4,29,29
20000,8,0.85,4,30,43
20000,8,0.85,4,31,71
20000,8,0.85,4,32,62
20000,8,0.85,4,33,57
20000,8,0.85,4,34,58
20000,8,0.85,4,35,26
20000,8,0.85,4,36,56
20000,8,0.85,4,37,34
20000,8,0.85,4,38,31
20000,8,0.85,4,39,65
20000,8,0.85,4,40,67
20000,8,0.85,4,41,16
20000,8,0.85,4,42,45
20000,8,0.85,4,43,15
20000,8,0.85,4,44,52
20000,8,0.85,4,45,31
20000,8,0.85,4,46,19
20000,8,0.85,4,47,10
20000,8,0.85,4,48,46
20000,8,0.85,4,49,65
20000,8,0.85,4,50,38
20000,8,0.85,4,51,17
20000,8,0.85,4,52,32
20000,8,0.85,4,53,35
20000,8,0.85,4,54,39
20000,8,0.85,4,55,27
20000,8,0.85,4,56,53
20000,8,0.85,4,57,72
20000,8,0.85,4,58,27
20000,8,0.85,4,59,72
20000,8,0.85,4,60,18
20000,8,0.85,4,61,39
20000,8,0.85,4,62,25
20000,8,0.85,4,63,31
20000,8,0.85,4,64,32
20000,8,0.85,4,65,40
20000,8,0.85,4,66,71
20000,8,0.85,4,67,38
20000,8,0.85,4,68,57
20000,8,0.85,4,69,10
20000,8,0.85,4,70,58
20000,8,0.85,4,71,27
20000,8,0.85,4,72,32
20000,8,0.85,4,73,41
20000,8,0.85,4,74,48
20000,8,0.85,4,75,34
20000,8,0.85,4,76,30
20000,8,0.85,4,77,65
20000,8,0.85,4,78,59
20000,8,0.85,4,79,29
20000,8,0.85,4,80,48
20000,8,0.85,4,81,26
20000,8,0.85,4,82,59
20000,8,0.85,4,83,43
20000,8,0.85,4,84,38
20000,8,0.85,4,85,44
20000,8,0.85,4,86,34
20000,8,0.85,4,87,41
20000,8,0.85,4,88,42
20000,8,0.85,4,89,53
20000,8,0.85,4,90,44
20000,8,0.85,4,91,18
20000,8,0.85,4,92,30
20000,8,0.85,4,93,53
20000,8,0.85,4,94,41
20000,8,0.85,4,95,19
20000,8,0.85,4,96,21
20000,8,0.85,4,97,45
20000,8,0.85,4,98,44
20000,8,0.85,4,99,56
20000,8,0.85,4,100,39
20000,8,0.85,4,101,44
20000,8,0.85,4,102,58
20000,8,0.85,4,103,28
20000,8,0.85,4,104,39
20000,8,0.85,4,105,49
20000,8,0.85,4,106,65
20000,8,0.85,4,107,20
20000,8,0.85,4,108,48
20000,8,0.85,4,109,38
20000,8,0.85,4,110,40
20000,8,0.85,4,111,39
20000,8,0.85,4,112,23
20000,8,0.85,4,113,60
20000,8,0.85,4,114,43
20000,8,0.85,4,115,16
20000,8,0.85,4,116,47
20000,8,0.85,4,117,26
20000,8,0.85,4,118,61
20000,8,0.85,4,119,48
5000,8,1.0,4,0,46
5000,8,1.0,4,1,34
5000,8,1.0,4,2,78
5000,8,1.0,4,3,59
5000,8,1.0,4,4,83
5000,8,1.0,4,5,62
5000,8,1.0,4,6,68
5000,8,1.0,4,7,63
5000,8,1.0,4,8,86
5000,8,1.0,4,9,0
5000,8,1.0,4,10,86
5000,8,1.0,4,11,52
5000,8,1.0,4,12,115
5000,8,1.0,4,13,62
5000,8,1.0,4,14,65
5000,8,1.0,4,15,73
5000,8,1.0,4,16,103
5000,8,1.0,4,17,79
5000,8,1.0,4,18,96
5000,8,1.0,4,19,29
5000,8,1.0,4,20,16
5000,8,1.0,4,21,55
5000,8,1.0,4,22,124
5000,8,1.0,4,23,81
5000,8,1.0,4,24,83
5000,8,1.0,4,25,95
5000,8,1.0,4,26,51
5000,8,1.0,4,27,56
5000,8,1.0,4,28,87
5000,8,1.0,4,29,103
5000,8,1.0,4,30,62
5000,8,1.0,4,31,74
5000,8,1.0,4,32,64
5000,8,1.0,4,33,34
5000,8,1.0,4,34,85
5000,8,1.0,4,35,73
5000,8,1.0,4,36,94
5000,8,1.0,4,37,36
5000,8,1.0,4,38,113
5000,8,1.0,4,39,67
5000,8,1.0,4,40,68
5000,8,1.0,4,41,101
5000,8,1.0,4,42,44
5000,8,1.0,4,43,82
5000,8,1.0,4,44,68
5000,8,1.0,4,45,58
5000,8,1.0,4,46,57
5000,8,1.0,4,47,106
5000,8,1.0,4,48,86
5000,8,1.0,4,49,106
5000,8,1.0,4,50,68
5000,8,1.0,4,51,93
5000,8,1.0,4,52,82
5000,8,1.0,4,53,74
5000,8,1.0,4,54,100
5000,8,1.0,4,55,14
5000,8,1.0,4,56,49
5000,8,1.0,4,57,86
5000,8,1.0,4,58,97
5000,8,1.0,4,59,86
5000,8,1.0,4,60,92
5000,8,1.0,4,61,67
5000,8,1.0,4,62,56
5000,8,1.0,4,63,68
5000,8,1.0,4,64,41
5000,8,1.0,4,65,49
5000,8,1.0,4,66,107
5000,8,1.0,4,67,60
5000,8,1.0,4,68,40
5000,8,1.0,4,69,65
5000,8,1.0,4,70,76
5000,8,1.0,4,71,61
5000,8,1.0,4,72,63
5000,8,1.0,4,73,44
5000,8,1.0,4,74,53
5000,8,1.0,4,75,97
5000,8,1.0,4,76,93
5000,8,1.0,4,77,49
5000,8,1.0,4,78,47
5000,8,1.0,4,79,59
5000,8,1.0,4,80,95
5000,8,1.0,4,81,75
5000,8,1.0,4,82,57
5000,8,1.0,4,83,81
5000,8,1.0,4,84,42
5000,8,1.0,4,85,31
5000,8,1.0,4,86,82
5000,8,1.0,4,87,94
5000,8,1.0,4,88,81
5000,8,1.0,4,89,48
5000,8,1.0,4,90,31
5000,8,1.0,4,91,86
5000,8,1.0,4,92,44
5000,8,1.0,4,93,64
5000,8,1.0,4,94,76
5000,8,1.0,4,95,31
5000,8,1.0,4,96,89
5000,8,1.0,4,97,109
5000,8,1.0,4,98,72
5000,8,1.0,4,99,67
5000,8,1.0,4,100,101
5000,8,1.0,4,101,84
5000,8,1.0,4,102,46
5000,8,1.0,4,103,58
5000,8,1.0,4,104,121
5000,8,1.0,4,105,39
5000,8,1.0,4,106,100
5000,8,1.0,4,107,64
5000,8,1.0,4,108,73
5000,8,1.0,4,109,19
5000,8,1.0,4,110,98
5000,8,1.0,4,111,97
5000,8,1.0,4,112,83
5000,8,1.0,4,113,60
5000,8,1.0,4,114,48
5000,8,1.0,4,115,70
5000,8,1.0,4,116,47
5000,8,1.0,4,117,66
5000,8,1.0,4,118,20
5000,8,1.0,4,119,112
20000,8,1.0,4,0,63
20000,8,1.0,4,1,101
20000,8,1.0,4,2,108
20000,8,1.0,4,3,40
20000,8,1.0,4,4,40
20000,8,1.0,4,5,61
20000,8,1.0,4,6,13
20000,8,1.0,4,7,102
20000,8,1.0,4,8,89
20000,8,1.0,4,9,95
20000,8,1.0,4,10,100
20000,8,1.0,4,11,58
20000,8,1.0,4,12,67
20000,8,1.0,4,13,46
20000,8,1.0,4,14,100
20000,8,1.0,4,15,35
20000,8,1.0,4,16,92
20000,8,1.0,4,17,59
20000,8,1.0,4,18,83
20000,8,1.0,4,19,87
20000,8,1.0,4,20,82
20000,8,1.0,4,21,96
20000,8,1.0,4,22,76
20000,8,1.0,4,23,42
20000,8,1.0,4,24,98
20000,8,1.0,4,25,26
20000,8,1.0,4,26,39
20000,8,1.0,4,27,43
20000,8,1.0,4,28,32
20000,8,1.0,4,29,78
20000,8,1.0,4,30,113
20000,8,1.0,4,31,70
20000,8,1.0,4,32,72
20000,8,1.0,4,33,106
20000,8,1.0,4,34,93
20000,8,1.0,4,35,102
20000,8,1.0,4,36,76
20000,8,1.0,4,37,9
20000,8,1.0,4,38,81
20000,8,1.0,4,39,67
20000,8,1.0,4,40,50
20000,8,1.0,4,41,76
20000,8,1.0,4,42,50
20000,8,1.0,4,43,76
20000,8,1.0,4,44,119
20000,8,1.0,4,45,36
20000,8,1.0,4,46,19
20000,8,1.0,4,47,65
20000,8,1.0,4,48,69
20000,8,1.0,4,49,81
20000,8,1.0,4,50,60
20000,8,1.0,4,51,61
20000,8,1.0,4,52,79
20000,8,1.0,4,53,38
20000,8,1.0,4,54,2
20000,8,1.0,4,55,76
20000,8,1.0,4,56,124
20000,8,1.0,4,57,90
20000,8,1.0,4,58,74
20000,8,1.0,4,59,53
20000,8,1.0,4,60,68
20000,8,1.0,4,61,98
20000,8,1.0,4,62,109
20000,8,1.0,4,63,77
20000,8,1.0,4,64,100
20000,8,1.0,4,65,55
20000,8,1.0,4,66,75
20000,8,1.0,4,67,88
20000,8,1.0,4,68,78
20000,8,1.0,4,69,33
20000,8,1.0,4,70,48
20000,8,1.0,4,71,87
20000,8,1.0,4,72,77
20000,8,1.0,4,73,96
20000,8,1.0,4,74,79
20000,8,1.0,4,75,28
20000,8,1.0,4,76,72
20000,8,1.0,4,77,67
20000,8,1.0,4,78,93
20000,8,1.0,4,79,64
20000,8,1.0,4,80,70
20000,8,1.0,4,81,57
20000,8,1.0,4,82,62
20000,8,1.0,4,83,71
20000,8,1.0,4,84,87
20000,8,1.0,4,85,47
20000,8,1.0,4,86,76
20000,8,1.0,4,87,72
20000,8,1.0,4,88,97
20000,8,1.0,4,89,60
20000,8,1.0,4,90,53
20000,8,1.0,4,91,85
20000,8,1.0,4,92,97
20000,8,1.0,4,93,136
20000,8,1.0,4,94,79
20000,8,1.0,4,95,110
20000,8,1.0,4,96,90
20000,8,1.0,4,97,65
20000,8,1.0,4,98,60
20000,8,1.0,4,99,45
20000,8,1.0,4,100,83
20000,8,1.0,4,101,105
20000,8,1.0,4,102,38
20000,8,1.0,4,103,45
20000,8,1.0,4,104,99
20000,8,1.0,4,105,55
20000,8,1.0,4,106,66
20000,8,1.0,4,107,40
20000,8,1.0,4,108,28
20000,8,1.0,4,109,53
20000,8,1.0,4,110,61
20000,8,1.0,4,111,79
20000,8,1.0,4,112,66
20000,8,1.0,4,113,83
20000,8,1.0,4,114,42
20000,8,1.0,4,115,62
20000,8,1.0,4,116,95
20000,8,1.0,4,117,23
20000,8,1.0,4,118,50
20000,8,1.0,4,119,58
5000,8,1.15,4,0,118
5000,8,1.15,4,1,307
5000,8,1.15,4,2,207
5000,8,1.15,4,3,166
5000,8,1.15,4,4,111
5000,8,1.15,4,5,124
5000,8,1.15,4,6,143
5000,8,1.15,4,7,192
5000,8,1.15,4,8,163
5000,8,1.15,4,9,256
5000,8,1.15,4,10,247
5000,8,1.15,4,11,185
5000,8,1.15,4,12,168
5000,8,1.15,4,13,155
5000,8,1.15,4,14,112
5000,8,1.15,4,15,158
5000,8,1.15,4,16,57
5000,8,1.15,4,17,87
5000,8,1.15,4,18,105
5000,8,1.15,4,19,234
5000,8,1.15,4,20,25
5000,8,1.15,4,21,98
5000,8,1.15,4,22,194
5000,8,1.15,4,23,23
5000,8,1.15,4,24,211
5000,8,1.15,4,25,166
5000,8,1.15,4,26,72
5000,8,1.15,4,27,61
5000,8,1.15,4,28,136
5000,8,1.15,4,29,94
5000,8,1.15,4,30,188
5000,8,1.15,4,31,72
5000,8,1.15,4,32,198
5000,8,1.15,4,33,175
5000,8,1.15,4,34,225
5000,8,1.15,4,35,184
5000,8,1.15,4,36,246
5000,8,1.15,4,37,66
5000,8,1.15,4,38,87
5000,8,1.15,4,39,256
5000,8,1.15,4,40,255
5000,8,1.15,4,41,212
5000,8,1.15,4,42,126
5000,8,1.15,4,43,182
5000,8,1.15,4,44,124
5000,8,1.15,4,45,203
5000,8,1.15,4,46,170
5000,8,1.15,4,47,184
5000,8,1.15,4,48,143
5000,8,1.15,4,49,188
5000,8,1.15,4,50,74
5000,8,1.15,4,51,196
5000,8,1.15,4,52,99
5000,8,1.15,4,53,261
5000,8,1.15,4,54,141
5000,8,1.15,4,55,180
5000,8,1.15,4,56,67
5000,8,1.15,4,57,181
5000,8,1.15,4,58,142
5000,8,1.15,4,59,155
5000,8,1.15,4,60,65
5000,8,1.15,4,61,85
5000,8,1.15,4,62,136
5000,8,1.15,4,63,109
5000,8,1.15,4,64,174
5000,8,1.15,4,65,95
5000,8,1.15,4,66,182
5000,8,1.15,4,67,153
5000,8,1.15,4,68,161
5000,8,1.15,4,69,165
5000,8,1.15,4,70,47
5000,8,1.15,4,71,104
5000,8,1.15,4,72,122
5000,8,1.15,4,73,192
5000,8,1.15,4,74,248
5000,8,1.15,4,75,121
5000,8,1.15,4,76,49
5000,8,1.15,4,77,238
5000,8,1.15,4,78,28
5000,8,1.15,4,79,106
5000,8,1.15,4,80,122
5000,8,1.15,4,81,110
5000,8,1.15,4,82,74
5000,8,1.15,4,83,218
5000,8,1.15,4,84,195
5000,8,1.15,4,85,184
5000,8,1.15,4,86,180
5000,8,1.15,4,87,124
5000,8,1.15,4,88,195
5000,8,1.15,4,89,189
5000,8,1.15,4,90,139
5000,8,1.15,4,91,193
5000,8,1.15,4,92,217
5000,8,1.15,4,93,92
5000,8,1.15,4,94,217
5000,8,1.15,4,95,118
5000,8,1.15,4,96,174
5000,8,1.15,4,97,251
5000,8,1.15,4,98,172
5000,8,1.15,4,99,218
5000,8,1.15,4,100,53
5000,8,1.15,4,101,148
5000,8,1.15,4,102,161
5000,8,1.15,4,103,213
5000,8,1.15,4,104,232
5000,8,1.15,4,105,186
5000,8,1.15,4,106,194
5000,8,1.15,4,107,124
5000,8,1.15,4,108,54
5000,8,1.15,4,109,240
5000,8,1.15,4,110,132
5000,8,1.15,4,111,177
5000,8,1.15,4,112,181
5000,8,1.15,4,113,157
5000,8,1.15,4,114,244
5000,8,1.15,4,115,154
5000,8,1.15,4,116,194
5000,8,1.15,4,117,119
5000,8,1.15,4,118,203
5000,8,1.15,4,119,213
20000,8,1.15,4,0,49
20000,8,1.15,4,1,184
20000,8,1.15,4,2,160
20000,8,1.15,4,3,124
20000,8,1.15,4,4,268
20000,8,1.15,4,5,177
20000,8,1.15,4,6,116
20000,8,1.15,4,7,117
20000,8,1.15,4,8,125
20000,8,1.15,4,9,270
20000,8,1.15,4,10,76
20000,8,1.15,4,11,202
20000,8,1.15,4,12,188
20000,8,1.15,4,13,239
20000,8,1.15,4,14,184
20000,8,1.15,4,15,136
20000,8,1.15,4,16,83
20000,8,1.15,4,17,156
20000,8,1.15,4,18,107
20000,8,1.15,4,19,130
20000,8,1.15,4,20,156
20000,8,1.15,4,21,216
20000,8,1.15,4,22,144
20000,8,1.15,4,23,153
20000,8,1.15,4,24,199
20000,8,1.15,4,25,205
20000,8,1.15,4,26,203
20000,8,1.15,4,27,257
20000,8,1.15,4,28,192
20000,8,1.15,4,29,168
20000,8,1.15,4,30,217
20000,8,1.15,4,31,90
20000,8,1.15,4,32,239
20000,8,1.15,4,33,225
20000,8,1.15,4,34,302
20000,8,1.15,4,35,145
20000,8,1.15,4,36,118
20000,8,1.15,4,37,172
20000,8,1.15,4,38,152
20000,8,1.15,4,39,187
20000,8,1.15,4,40,111
20000,8,1.15,4,41,158
20000,8,1.15,4,42,223
20000,8,1.15,4,43,82
20000,8,1.15,4,44,185
20000,8,1.15,4,45,157
20000,8,1.15,4,46,195
20000,8,1.15,4,47,293
20000,8,1.15,4,48,195
20000,8,1.15,4,49,215
20000,8,1.15,4,50,151
20000,8,1.15,4,51,163
20000,8,1.15,4,52,183
20000,8,1.15,4,53,147
20000,8,1.15,4,54,119
20000,8,1.15,4,55,109
20000,8,1.15,4,56,43
20000,8,1.15,4,57,202
20000,8,1.15,4,58,91
20000,8,1.15,4,59,47
20000,8,1.15,4,60,0
20000,8,1.15,4,61,170
20000,8,1.15,4,62,105
20000,8,1.15,4,63,212
20000,8,1.15,4,64,90
20000,8,1.15,4,65,173
20000,8,1.15,4,66,164
20000,8,1.15,4,67,164
20000,8,1.15,4,68,105
20000,8,1.15,4,69,134
20000,8,1.15,4,70,162
20000,8,1.15,4,71,28
20000,8,1.15,4,72,159
20000,8,1.15,4,73,285
20000,8,1.15,4,74,133
20000,8,1.15,4,75,219
20000,8,1.15,4,76,190
20000,8,1.15,4,77,236
20000,8,1.15,4,78,160
20000,8,1.15,4,79,210
20000,8,1.15,4,80,254
20000,8,1.15,4,81,168
20000,8,1.15,4,82,158
20000,8,1.15,4,83,191
20000,8,1.15,4,84,292
20000,8,1.15,4,85,130
20000,8,1.15,4,86,165
20000,8,1.15,4,87,111
20000,8,1.15,4,88,78
20000,8,1.15,4,89,321
20000,8,1.15,4,90,106
20000,8,1.15,4,91,189
20000,8,1.15,4,92,176
20000,8,1.15,4,93,97
20000,8,1.15,4,94,204
20000,8,1.15,4,95,85
20000,8,1.15,4,96,224
20000,8,1.15,4,97,92
20000,8,1.15,4,98,92
20000,8,1.15,4,99,237
20000,8,1.15,4,100,73
20000,8,1.15,4,101,192
20000,8,1.15,4,102,164
20000,8,1.15,4,103,203
20000,8,1.15,4,104,180
20000,8,1.15,4,105,135
20000,8,1.15,4,106,136
20000,8,1.15,4,107,107
20000,8,1.15,4,108,146
20000,8,1.15,4,109,230
20000,8,1.15,4,110,158
20000,8,1.15,4,111,107
20000,8,1.15,4,112,53
20000,8,1.15,4,113,142
20000,8,1.15,4,114,176
20000,8,1.15,4,115,57
20000,8,1.15,4,116,136
20000,8,1.15,4,117,181
20000,8,1.15,4,118,105
20000,8,1.15,4,119,263
5000,8,1.3,4,0,2011
5000,8,1.3,4,1,2870
5000,8,1.3,4,2,1906
5000,8,1.3,4,3,3615
5000,8,1.3,4,4,3870
5000,8,1.3,4,5,3248
5000,8,1.3,4,6,2381
5000,8,1.3,4,7,2238
5000,8,1.3,4,8,3245
5000,8,1.3,4,9,3893
5000,8,1.3,4,10,2781
5000,8,1.3,4,11,2852
5000,8,1.3,4,12,3556
5000,8,1.3,4,13,2671
5000,8,1.3,4,14,1665
5000,8,1.3,4,15,2782
5000,8,1.3,4,16,1883
5000,8,1.3,4,17,3645
5000,8,1.3,4,18,1416
5000,8,1.3,4,19,2290
5000,8,1.3,4,20,3395
5000,8,1.3,4,21,919
5000,8,1.3,4,22,1191
5000,8,1.3,4,23,2455
5000,8,1.3,4,24,3837
5000,8,1.3,4,25,3232
5000,8,1.3,4,26,1350
5000,8,1.3,4,27,1977
5000,8,1.3,4,28,2627
5000,8,1.3,4,29,3031
5000,8,1.3,4,30,3836
5000,8,1.3,4,31,1201
5000,8,1.3,4,32,2494
5000,8,1.3,4,33,1136
5000,8,1.3,4,34,3275
5000,8,1.3,4,35,2558
5000,8,1.3,4,36,675
5000,8,1.3,4,37,2608
5000,8,1.3,4,38,2350
5000,8,1.3,4,39,3540
5000,8,1.3,4,40,2756
5000,8,1.3,4,41,3484
5000,8,1.3,4,42,2806
5000,8,1.3,4,43,3564
5000,8,1.3,4,44,530
5000,8,1.3,4,45,447
5000,8,1.3,4,46,3439
5000,8,1.3,4,47,2734
5000,8,1.3,4,48,2777
5000,8,1.3,4,49,2566
5000,8,1.3,4,50,3389
5000,8,1.3,4,51,1386
5000,8,1.3,4,52,2186
5000,8,1.3,4,53,0
5000,8,1.3,4,54,2667
5000,8,1.3,4,55,3648
5000,8,1.3,4,56,3443
5000,8,1.3,4,57,3732
5000,8,1.3,4,58,3359
5000,8,1.3,4,59,3842
5000,8,1.3,4,60,1423
5000,8,1.3,4,61,2716
5000,8,1.3,4,62,1782
5000,8,1.3,4,63,1587
5000,8,1.3,4,64,2667
5000,8,1.3,4,65,1481
5000,8,1.3,4,66,3016
5000,8,1.3,4,67,3010
5000,8,1.3,4,68,2881
5000,8,1.3,4,69,3835
5000,8,1.3,4,70,1655
5000,8,1.3,4,71,1230
5000,8,1.3,4,72,3109
5000,8,1.3,4,73,2423
5000,8,1.3,4,74,3816
5000,8,1.3,4,75,3051
5000,8,1.3,4,76,1814
5000,8,1.3,4,77,1609
5000,8,1.3,4,78,2178
5000,8,1.3,4,79,1604
5000,8,1.3,4,80,3132
5000,8,1.3,4,81,779
5000,8,1.3,4,82,2618
5000,8,1.3,4,83,2606
5000,8,1.3,4,84,3566
5000,8,1.3,4,85,1530
5000,8,1.3,4,86,665
5000,8,1.3,4,87,1754
5000,8,1.3,4,88,1438
5000,8,1.3,4,89,3616
5000,8,1.3,4,90,2313
5000,8,1.3,4,91,3577
5000,8,1.3,4,92,3274
5000,8,1.3,4,93,3790
5000,8,1.3,4,94,2432
5000,8,1.3,4,95,3589
5000,8,1.3,4,96,2119
5000,8,1.3,4,97,3599
5000,8,1.3,4,98,3847
5000,8,1.3,4,99,2216
5000,8,1.3,4,100,3831
5000,8,1.3,4,101,2892
5000,8,1.3,4,102,2264
5000,8,1.3,4,103,2549
5000,8,1.3,4,104,2813
5000,8,1.3,4,105,632
5000,8,1.3,4,106,2346
5000,8,1.3,4,107,1371
5000,8,1.3,4,108,1804
5000,8,1.3,4,109,3094
5000,8,1.3,4,110,3892
5000,8,1.3,4,111,1892
5000,8,1.3,4,112,1935
5000,8,1.3,4,113,3338
5000,8,1.3,4,114,3440
5000,8,1.3,4,115,3064
5000,8,1.3,4,116,3172
5000,8,1.3,4,117,3352
5000,8,1.3,4,118,3842
5000,8,1.3,4,119,3281
20000,8,1.3,4,0,5914
20000,8,1.3,4,1,5754
20000,8,1.3,4,2,1592
20000,8,1.3,4,3,4659
20000,8,1.3,4,4,3558
20000,8,1.3,4,5,1949
20000,8,1.3,4,6,3732
20000,8,1.3,4,7,1998
20000,8,1.3,4,8,5923
20000,8,1.3,4,9,2588
20000,8,1.3,4,10,2822
20000,8,1.3,4,11,2652
20000,8,1.3,4,12,1024
20000,8,1.3,4,13,1782
20000,8,1.3,4,14,3169
20000,8,1.3,4,15,722
20000,8,1.3,4,16,5157
20000,8,1.3,4,17,5762
20000,8,1.3,4,18,3916
20000,8,1.3,4,19,4781
20000,8,1.3,4,20,4964
20000,8,1.3,4,21,3912
20000,8,1.3,4,22,2480
20000,8,1.3,4,23,4015
20000,8,1.3,4,24,5913
20000,8,1.3,4,25,5423
20000,8,1.3,4,26,1911
20000,8,1.3,4,27,6663
20000,8,1.3,4,28,7645
20000,8,1.3,4,29,4788
20000,8,1.3,4,30,4555
20000,8,1.3,4,31,1453
20000,8,1.3,4,32,2539
20000,8,1.3,4,33,2389
20000,8,1.3,4,34,4566
20000,8,1.3,4,35,1727
20000,8,1.3,4,36,5035
20000,8,1.3,4,37,4225
20000,8,1.3,4,38,4405
20000,8,1.3,4,39,702
20000,8,1.3,4,40,3611
20000,8,1.3,4,41,1451
20000,8,1.3,4,42,3335
20000,8,1.3,4,43,4563
20000,8,1.3,4,44,487
20000,8,1.3,4,45,7546
20000,8,1.3,4,46,6366
20000,8,1.3,4,47,3137
20000,8,1.3,4,48,3213
20000,8,1.3,4,49,1780
20000,8,1.3,4,50,4541
20000,8,1.3,4,51,3048
20000,8,1.3,4,52,5599
20000,8,1.3,4,53,6023
20000,8,1.3,4,54,5139
20000,8,1.3,4,55,1703
20000,8,1.3,4,56,3183
20000,8,1.3,4,57,948
20000,8,1.3,4,58,6285
20000,8,1.3,4,59,2703
20000,8,1.3,4,60,3468
20000,8,1.3,4,61,5521
20000,8,1.3,4,62,6168
20000,8,1.3,4,63,2163
20000,8,1.3,4,64,4693
20000,8,1.3,4,65,3449
20000,8,1.3,4,66,4818
20000,8,1.3,4,67,1268
20000,8,1.3,4,68,2554
20000,8,1.3,4,69,1189
20000,8,1.3,4,70,5138
20000,8,1.3,4,71,2480
20000,8,1.3,4,72,2708
20000,8,1.3,4,73,5431
20000,8,1.3,4,74,1646
20000,8,1.3,4,75,4554
20000,8,1.3,4,76,3620
20000,8,1.3,4,77,1862
20000,8,1.3,4,78,2824
20000,8,1.3,4,79,11449
20000,8,1.3,4,80,1086
20000,8,1.3,4,81,5559
20000,8,1.3,4,82,2525
20000,8,1.3,4,83,4722
20000,8,1.3,4,84,3138
20000,8,1.3,4,85,1973
20000,8,1.3,4,86,4426
20000,8,1.3,4,87,4362
20000,8,1.3,4,88,3108
20000,8,1.3,4,89,3980
20000,8,1.3,4,90,3165
20000,8,1.3,4,91,5038
20000,8,1.3,4,92,5195
20000,8,1.3,4,93,2850
20000,8,1.3,4,94,7602
20000,8,1.3,4,95,5243
20000,8,1.3,4,96,3177
20000,8,1.3,4,97,4720
20000,8,1.3,4,98,2572
20000,8,1.3,4,99,5472
20000,8,1.3,4,100,3743
20000,8,1.3,4,101,5020
20000,8,1.3,4,102,7185
20000,8,1.3,4,103,4071
20000,8,1.3,4,104,5912
20000,8,1.3,4,105,9632
20000,8,1.3,4,106,6044
20000,8,1.3,4,107,7828
20000,8,1.3,4,108,3048
20000,8,1.3,4,109,2466
20000,8,1.3,4,110,5562
20000,8,1.3,4,111,4080
20000,8,1.3,4,112,4268
20000,8,1.3,4,113,3917
20000,8,1.3,4,114,576
20000,8,1.3,4,115,5143
20000,8,1.3,4,116,7061
20000,8,1.3,4,117,5952
20000,8,1.3,4,118,6509
20000,8,1.3,4,119,2911
5000,16,0.55,4,0,32
5000,16,0.55,4,1,48
5000,16,0.55,4,2,46
5000,16,0.55,4,3,36
5000,16,0.55,4,4,85
5000,16,0.55,4,5,25
5000,16,0.55,4,6,80
5000,16,0.55,4,7,46
5000,16,0.55,4,8,53
5000,16,0.55,4,9,87
5000,16,0.55,4,10,55
5000,16,0.55,4,11,36
5000,16,0.55,4,12,76
5000,16,0.55,4,13,47
5000,16,0.55,4,14,50
5000,16,0.55,4,15,50
5000,16,0.55,4,16,70
5000,16,0.55,4,17,78
5000,16,0.55,4,18,74
5000,16,0.55,4,19,71
5000,16,0.55,4,20,80
5000,16,0.55,4,21,38
5000,16,0.55,4,22,60
5000,16,0.55,4,23,58
5000,16,0.55,4,24,57
5000,16,0.55,4,25,41
5000,16,0.55,4,26,97
5000,16,0.55,4,27,23
5000,16,0.55,4,28,60
5000,16,0.55,4,29,60
5000,16,0.55,4,30,52
5000,16,0.55,4,31,42
5000,16,0.55,4,32,29
5000,16,0.55,4,33,42
5000,16,0.55,4,34,80
5000,16,0.55,4,35,72
5000,16,0.55,4,36,31
5000,16,0.55,4,37,73
5000,16,0.55,4,38,51
5000,16,0.55,4,39,21
5000,16,0.55,4,40,94
5000,16,0.55,4,41,88
5000,16,0.55,4,42,70
5000,16,0.55,4,43,21
5000,16,0.55,4,44,75
5000,16,0.55,4,45,27
5000,16,0.55,4,46,46
5000,16,0.55,4,47,53
5000,16,0.55,4,48,90
5000,16,0.55,4,49,40
5000,16,0.55,4,50,48
5000,16,0.55,4,51,23
5000,16,0.55,4,52,53
5000,16,0.55,4,53,55
5000,16,0.55,4,54,31
5000,16,0.55,4,55,85
5000,16,0.55,4,56,53
5000,16,0.55,4,57,55
5000,16,0.55,4,58,36
5000,16,0.55,4,59,27
5000,16,0.55,4,60,56
5000,16,0.55,4,61,29
5000,16,0.55,4,62,81
5000,16,0.55,4,63,16
5000,16,0.55,4,64,32
5000,16,0.55,4,65,83
5000,16,0.55,4,66,61
5000,16,0.55,4,67,83
5000,16,0.55,4,68,66
5000,16,0.55,4,69,43
5000,16,0.55,4,70,48
5000,16,0.55,4,71,75
5000,16,0.55,4,72,37
5000,16,0.55,4,73,57
5000,16,0.55,4,74,34
5000,16,0.55,4,75,88
5000,16,0.55,4,76,30
5000,16,0.55,4,77,79
5000,16,0.55,4,78,42
5000,16,0.55,4,79,11
5000,16,0.55,4,80,59
5000,16,0.55,4,81,17
5000,16,0.55,4,82,58
5000,16,0.55,4,83,27
5000,16,0.55,4,84,71
5000,16,0.55,4,85,84
5000,16,0.55,4,86,52
5000,16,0.55,4,87,41
5000,16,0.55,4,88,46
5000,16,0.55,4,89,43
5000,16,0.55,4,90,64
5000,16,0.55,4,91,53
5000,16,0.55,4,92,73
5000,16,0.55,4,93,73
5000,16,0.55,4,94,94
5000,16,0.55,4,95,43
5000,16,0.55,4,96,44
5000,16,0.55,4,97,22
5000,16,0.55,4,98,16
5000,16,0.55,4,99,48
5000,16,0.55,4,100,40
5000,16,0.55,4,101,37
5000,16,0.55,4,102,46
5000,16,0.55,4,103,49
5000,16,0.55,4,104,71
5000,16,0.55,4,105,51
5000,16,0.55,4,106,17
5000,16,0.55,4,107,24
5000,16,0.55,4,108,33
5000,16,0.55,4,109,40
5000,16,0.55,4,110,41
5000,16,0.55,4,111,10
5000,16,0.55,4,112,56
5000,16,0.55,4,113,9
5000,16,0.55,4,114,61
5000,16,0.55,4,115,60
5000,16,0.55,4,116,43
5000,16,0.55,4,117,51
5000,16,0.55,4,118,31
5000,16,0.55,4,119,45
20000,16,0.55,4,0,66
20000,16,0.55,4,1,82
20000,16,0.55,4,2,41
20000,16,0.55,4,3,46
20000,16,0.55,4,4,75
20000,16,0.55,4,5,34
20000,16,0.55,4,6,71
20000,16,0.55,4,7,42
20000,16,0.55,4,8,41
20000,16,0.55,4,9,62
20000,16,0.55,4,10,64
20000,16,0.55,4,11,75
20000,16,0.55,4,12,44
20000,16,0.55,4,13,64
20000,16,0.55,4,14,72
20000,16,0.55,4,15,24
20000,16,0.55,4,16,38
20000,16,0.55,4,17,62
20000,16,0.55,4,18,71
20000,16,0.55,4,19,45
20000,16,0.55,4,20,39
20000,16,0.55,4,21,39
20000,16,0.55,4,22,71
20000,16,0.55,4,23,43
20000,16,0.55,4,24,77
20000,16,0.55,4,25,58
20000,16,0.55,4,26,37
20000,16,0.55,4,27,21
20000,16,0.55,4,28,72
20000,16,0.55,4,29,40
20000,16,0.55,4,30,42
20000,16,0.55,4,31,31
20000,16,0.55,4,32,64
20000,16,0.55,4,33,47
20000,16,0.55,4,34,28
20000,16,0.55,4,35,12
20000,16,0.55,4,36,96
20000,16,0.55,4,37,25
20000,16,0.55,4,38,39
20000,16,0.55,4,39,52
20000,16,0.55,4,40,53
20000,16,0.55,4,41,37
20000,16,0.55,4,42,71
20000,16,0.55,4,43,55
20000,16,0.55,4,44,41
20000,16,0.55,4,45,69
20000,16,0.55,4,46,85
20000,16,0.55,4,47,58
20000,16,0.55,4,48,31
20000,16,0.55,4,49,52
20000,16,0.55,4,50,31
20000,16,0.55,4,51,43
20000,16,0.55,4,52,72
20000,16,0.55,4,53,69
20000,16,0.55,4,54,95
20000,16,0.55,4,55,43
20000,16,0.55,4,56,50
20000,16,0.55,4,57,30
20000,16,0.55,4,58,33
20000,16,0.55,4,59,19
20000,16,0.55,4,60,62
20000,16,0.55,4,61,28
20000,16,0.55,4,62,53
20000,16,0.55,4,63,77
20000,16,0.55,4,64,21
20000,16,0.55,4,65,62
20000,16,0.55,4,66,33
20000,16,0.55,4,67,40
20000,16,0.55,4,68,61
20000,16,0.55,4,69,57
20000,16,0.55,4,70,56
20000,16,0.55,4,71,48
20000,16,0.55,4,72,50
20000,16,0.55,4,73,19
20000,16,0.55,4,74,68
20000,16,0.55,4,75,66
20000,16,0.55,4,76,18
20000,16,0.55,4,77,52
20000,16,0.55,4,78,49
20000,16,0.55,4,79,29
20000,16,0.55,4,80,60
20000,16,0.55,4,81,59
20000,16,0.55,4,82,57
20000,16,0.55,4,83,22
20000,16,0.55,4,84,50
20000,16,0.55,4,85,92
20000,16,0.55,4,86,60
20000,16,0.55,4,87,34
20000,16,0.55,4,88,58
20000,16,0.55,4,89,47
20000,16,0.55,4,90,40
20000,16,0.55,4,91,55
20000,16,0.55,4,92,35
20000,16,0.55,4,93,65
20000,16,0.55,4,94,83
20000,16,0.55,4,95,31
20000,16,0.55,4,96,38
20000,16,0.55,4,97,21
20000,16,0.55,4,98,48
20000,16,0.55,4,99,27
20000,16,0.55,4,100,61
20000,16,0.55,4,101,71
20000,16,0.55,4,102,59
20000,16,0.55,4,103,50
20000,16,0.55,4,104,68
20000,16,0.55,4,105,34
20000,16,0.55,4,106,37
20000,16,0.55,4,107,59
20000,16,0.55,4,108,39
20000,16,0.55,4,109,63
20000,16,0.55,4,110,45
20000,16,0.55,4,111,14
20000,16,0.55,4,112,65
20000,16,0.55,4,113,46
20000,16,0.55,4,114,79
20000,16,0.55,4,115,48
20000,16,0.55,4,116,45
20000,16,0.55,4,117,37
20000,16,0.55,4,118,93
20000,16,0.55,4,119,78
5000,16,0.7,4,0,111
5000,16,0.7,4,1,36
5000,16,0.7,4,2,125
5000,16,0.7,4,3,126
5000,16,0.7,4,4,76
5000,16,0.7,4,5,106
5000,16,0.7,4,6,96
5000,16,0.7,4,7,94
5000,16,0.7,4,8,82
5000,16,0.7,4,9,121
5000,16,0.7,4,10,106
5000,16,0.7,4,11,179
5000,16,0.7,4,12,87
5000,16,0.7,4,13,206
5000,16,0.7,4,14,112
5000,16,0.7,4,15,44
5000,16,0.7,4,16,132
5000,16,0.7,4,17,54
5000,16,0.7,4,18,81
5000,16,0.7,4,19,63
5000,16,0.7,4,20,76
5000,16,0.7,4,21,124
5000,16,0.7,4,22,121
5000,16,0.7,4,23,100
5000,16,0.7,4,24,187
5000,16,0.7,4,25,110
5000,16,0.7,4,26,126
5000,16,0.7,4,27,136
5000,16,0.7,4,28,70
5000,16,0.7,4,29,60
5000,16,0.7,4,30,141
5000,16,0.7,4,31,203
5000,16,0.7,4,32,75
5000,16,0.7,4,33,113
5000,16,0.7,4,34,96
5000,16,0.7,4,35,50
5000,16,0.7,4,36,83
5000,16,0.7,4,37,132
5000,16,0.7,4,38,149
5000,16,0.7,4,39,123
5000,16,0.7,4,40,60
5000,16,0.7,4,41,94
5000,16,0.7,4,42,64
5000,16,0.7,4,43,149
5000,16,0.7,4,44,73
5000,16,0.7,4,45,106
5000,16,0.7,4,46,147
5000,16,0.7,4,47,60
5000,16,0.7,4,48,73
5000,16,0.7,4,49,155
5000,16,0.7,4,50,62
5000,16,0.7,4,51,132
5000,16,0.7,4,52,122
5000,16,0.7,4,53,130
5000,16,0.7,4,54,90
5000,16,0.7,4,55,110
5000,16,0.7,4,56,34
5000,16,0.7,4,57,36
5000,16,0.7,4,58,69
5000,16,0.7,4,59,87
5000,16,0.7,4,60,120
5000,16,0.7,4,61,67
5000,16,0.7,4,62,125
5000,16,0.7,4,63,126
5000,16,0.7,4,64,78
5000,16,0.7,4,65,93
5000,16,0.7,4,66,163
5000,16,0.7,4,67,88
5000,16,0.7,4,68,68
5000,16,0.7,4,69,99
5000,16,0.7,4,70,85
5000,16,0.7,4,71,150
5000,16,0.7,4,72,145
5000,16,0.7,4,73,69
5000,16,0.7,4,74,55
5000,16,0.7,4,75,130
5000,16,0.7,4,76,78
5000,16,0.7,4,77,113
5000,16,0.7,4,78,168
5000,16,0.7,4,79,132
5000,16,0.7,4,80,93
5000,16,0.7,4,81,152
5000,16,0.7,4,82,84
5000,16,0.7,4,83,135
5000,16,0.7,4,84,139
5000,16,0.7,4,85,70
5000,16,0.7,4,86,58
5000,16,0.7,4,87,95
5000,16,0.7,4,88,115
5000,16,0.7,4,89,38
5000,16,0.7,4,90,88
5000,16,0.7,4,91,91
5000,16,0.7,4,92,164
5000,16,0.7,4,93,98
5000,16,0.7,4,94,80
5000,16,0.7,4,95,86
5000,16,0.7,4,96,92
5000,16,0.7,4,97,43
5000,16,0.7,4,98,150
5000,16,0.7,4,99,82
5000,16,0.7,4,100,124
5000,16,0.7,4,101,148
5000,16,0.7,4,102,186
5000,16,0.7,4,103,87
5000,16,0.7,4,104,121
5000,16,0.7,4,105,25
5000,16,0.7,4,106,80
5000,16,0.7,4,107,79
5000,16,0.7,4,108,71
5000,16,0.7,4,109,62
5000,16,0.7,4,110,143
5000,16,0.7,4,111,133
5000,16,0.7,4,112,90
5000,16,0.7,4,113,106
5000,16,0.7,4,114,104
5000,16,0.7,4,115,65
5000,16,0.7,4,116,70
5000,16,0.7,4,117,91
5000,16,0.7,4,118,40
5000,16,0.7,4,119,129
20000,16,0.7,4,0,65
20000,16,0.7,4,1,91
20000,16,0.7,4,2,110
20000,16,0.7,4,3,122
20000,16,0.7,4,4,78
20000,16,0.7,4,5,71
20000,16,0.7,4,6,115
20000,16,0.7,4,7,133
20000,16,0.7,4,8,122
20000,16,0.7,4,9,140
20000,16,0.7,4,10,134
20000,16,0.7,4,11,97
20000,16,0.7,4,12,45
20000,16,0.7,4,13,22
20000,16,0.7,4,14,95
20000,16,0.7,4,15,122
20000,16,0.7,4,16,87
20000,16,0.7,4,17,82
20000,16,0.7,4,18,86
20000,16,0.7,4,19,87
20000,16,0.7,4,20,113
20000,16,0.7,4,21,190
20000,16,0.7,4,22,105
20000,16,0.7,4,23,15
20000,16,0.7,4,24,133
20000,16,0.7,4,25,61
20000,16,0.7,4,26,58
20000,16,0.7,4,27,122
20000,16,0.7,4,28,64
20000,16,0.7,4,29,12
20000,16,0.7,4,30,63
20000,16,0.7,4,31,86
20000,16,0.7,4,32,4
20000,16,0.7,4,33,166
20000,16,0.7,4,34,164
20000,16,0.7,4,35,104
20000,16,0.7,4,36,84
20000,16,0.7,4,37,125
20000,16,0.7,4,38,159
20000,16,0.7,4,39,68
20000,16,0.7,4,40,73
20000,16,0.7,4,41,66
20000,16,0.7,4,42,106
20000,16,0.7,4,43,72
20000,16,0.7,4,44,86
20000,16,0.7,4,45,96
20000,16,0.7,4,46,162
20000,16,0.7,4,47,41
20000,16,0.7,4,48,96
20000,16,0.7,4,49,52
20000,16,0.7,4,50,90
20000,16,0.7,4,51,72
20000,16,0.7,4,52,37
20000,16,0.7,4,53,126
20000,16,0.7,4,54,78
20000,16,0.7,4,55,94
20000,16,0.7,4,56,42
20000,16,0.7,4,57,67
20000,16,0.7,4,58,46
20000,16,0.7,4,59,155
20000,16,0.7,4,60,100
20000,16,0.7,4,61,117
20000,16,0.7,4,62,140
20000,16,0.7,4,63,67
20000,16,0.7,4,64,86
20000,16,0.7,4,65,92
20000,16,0.7,4,66,126
20000,16,0.7,4,67,110
20000,16,0.7,4,68,74
20000,16,0.7,4,69,85
20000,16,0.7,4,70,152
20000,16,0.7,4,71,78
20000,16,0.7,4,72,74
20000,16,0.7,4,73,175
20000,16,0.7,4,74,99
20000,16,0.7,4,75,66
20000,16,0.7,4,76,71
20000,16,0.7,4,77,84
20000,16,0.7,4,78,51
20000,16,0.7,4,79,136
20000,16,0.7,4,80,180
20000,16,0.7,4,81,34
20000,16,0.7,4,82,125
20000,16,0.7,4,83,112
20000,16,0.7,4,84,71
20000,16,0.7,4,85,85
20000,16,0.7,4,86,177
20000,16,0.7,4,87,168
20000,16,0.7,4,88,79
20000,16,0.7,4,89,132
20000,16,0.7,4,90,107
20000,16,0.7,4,91,108
20000,16,0.7,4,92,140
20000,16,0.7,4,93,54
20000,16,0.7,4,94,125
20000,16,0.7,4,95,97
20000,16,0.7,4,96,128
20000,16,0.7,4,97,93
20000,16,0.7,4,98,140
20000,16,0.7,4,99,116
20000,16,0.7,4,100,126
20000,16,0.7,4,101,86
20000,16,0.7,4,102,40
20000,16,0.7,4,103,88
20000,16,0.7,4,104,37
20000,16,0.7,4,105,97
20000,16,0.7,4,106,199
20000,16,0.7,4,107,156
20000,16,0.7,4,108,89
20000,16,0.7,4,109,138
20000,16,0.7,4,110,40
20000,16,0.7,4,111,91
20000,16,0.7,4,112,56
20000,16,0.7,4,113,84
20000,16,0.7,4,114,54
20000,16,0.7,4,115,127
20000,16,0.7,4,116,97
20000,16,0.7,4,117,97
20000,16,0.7,4,118,91
20000,16,0.7,4,119,85
5000,16,0.85,4,0,130
5000,16,0.85,4,1,258
5000,16,0.85,4,2,238
5000,16,0.85,4,3,291
5000,16,0.85,4,4,67
5000,16,0.85,4,5,341
5000,16,0.85,4,6,49
5000,16,0.85,4,7,73
5000,16,0.85,4,8,212
5000,16,0.85,4,9,183
5000,16,0.85,4,10,181
5000,16,0.85,4,11,254
5000,16,0.85,4,12,91
5000,16,0.85,4,13,304
5000,16,0.85,4,14,279
5000,16,0.85,4,15,229
5000,16,0.85,4,16,316
5000,16,0.85,4,17,118
5000,16,0.85,4,18,0
5000,16,0.85,4,19,338
5000,16,0.85,4,20,137
5000,16,0.85,4,21,294
5000,16,0.85,4,22,167
5000,16,0.85,4,23,173
5000,16,0.85,4,24,284
5000,16,0.85,4,25,141
5000,16,0.85,4,26,288
5000,16,0.85,4,27,283
5000,16,0.85,4,28,95
5000,16,0.85,4,29,102
5000,16,0.85,4,30,156
5000,16,0.85,4,31,295
5000,16,0.85,4,32,129
5000,16,0.85,4,33,284
5000,16,0.85,4,34,212
5000,16,0.85,4,35,125
5000,16,0.85,4,36,105
5000,16,0.85,4,37,107
5000,16,0.85,4,38,68
5000,16,0.85,4,39,195
5000,16,0.85,4,40,303
5000,16,0.85,4,41,208
5000,16,0.85,4,42,228
5000,16,0.85,4,43,281
5000,16,0.85,4,44,222
5000,16,0.85,4,45,85
5000,16,0.85,4,46,260
5000,16,0.85,4,47,37
5000,16,0.85,4,48,201
5000,16,0.85,4,49,137
5000,16,0.85,4,50,73
5000,16,0.85,4,51,152
5000,16,0.85,4,52,341
5000,16,0.85,4,53,174
5000,16,0.85,4,54,196
5000,16,0.85,4,55,173
5000,16,0.85,4,56,251
5000,16,0.85,4,57,173
5000,16,0.85,4,58,100
5000,16,0.85,4,59,92
5000,16,0.85,4,60,185
5000,16,0.85,4,61,182
5000,16,0.85,4,62,335
5000,16,0.85,4,63,152
5000,16,0.85,4,64,132
5000,16,0.85,4,65,160
5000,16,0.85,4,66,292
5000,16,0.85,4,67,234
5000,16,0.85,4,68,71
5000,16,0.85,4,69,72
5000,16,0.85,4,70,264
5000,16,0.85,4,71,276
5000,16,0.85,4,72,229
5000,16,0.85,4,73,285
5000,16,0.85,4,74,225
5000,16,0.85,4,75,177
5000,16,0.85,4,76,115
5000,16,0.85,4,77,222
5000,16,0.85,4,78,292
5000,16,0.85,4,79,191
5000,16,0.85,4,80,241
5000,16,0.85,4,81,143
5000,16,0.85,4,82,95
5000,16,0.85,4,83,203
5000,16,0.85,4,84,110
5000,16,0.85,4,85,159
5000,16,0.85,4,86,147
5000,16,0.85,4,87,179
5000,16,0.85,4,88,23
5000,16,0.85,4,89,174
5000,16,0.85,4,90,161
5000,16,0.85,4,91,240
5000,16,0.85,4,92,154
5000,16,0.85,4,93,141
5000,16,0.85,4,94,220
5000,16,0.85,4,95,303
5000,16,0.85,4,96,245
5000,16,0.85,4,97,153
5000,16,0.85,4,98,146
5000,16,0.85,4,99,79
5000,16,0.85,4,100,225
5000,16,0.85,4,101,80
5000,16,0.85,4,102,262
5000,16,0.85,4,103,178
5000,16,0.85,4,104,230
5000,16,0.85,4,105,209
5000,16,0.85,4,106,314
5000,16,0.85,4,107,217
5000,16,0.85,4,108,62
5000,16,0.85,4,109,158
5000,16,0.85,4,110,233
5000,16,0.85,4,111,137
5000,16,0.85,4,112,220
5000,16,0.85,4,113,97
5000,16,0.85,4,114,141
5000,16,0.85,4,115,99
5000,16,0.85,4,116,250
5000,16,0.85,4,117,200
5000,16,0.85,4,118,126
5000,16,0.85,4,119,152
20000,16,0.85,4,0,197
20000,16,0.85,4,1,204
20000,16,0.85,4,2,105
20000,16,0.85,4,3,334
20000,16,0.85,4,4,175
20000,16,0.85,4,5,258
20000,16,0.85,4,6,123
20000,16,0.85,4,7,127
20000,16,0.85,4,8,230
20000,16,0.85,4,9,196
20000,16,0.85,4,10,186
20000,16,0.85,4,11,76
20000,16,0.85,4,12,203
20000,16,0.85,4,13,336
20000,16,0.85,4,14,202
20000,16,0.85,4,15,122
20000,16,0.85,4,16,186
20000,16,0.85,4,17,290
20000,16,0.85,4,18,147
20000,16,0.85,4,19,225
20000,16,0.85,4,20,273
20000,16,0.85,4,21,107
20000,16,0.85,4,22,259
20000,16,0.85,4,23,184
20000,16,0.85,4,24,148
20000,16,0.85,4,25,183
20000,16,0.85,4,26,137
20000,16,0.85,4,27,167
20000,16,0.85,4,28,188
20000,16,0.85,4,29,279
20000,16,0.85,4,30,399
20000,16,0.85,4,31,177
20000,16,0.85,4,32,200
20000,16,0.85,4,33,330
20000,16,0.85,4,34,161
20000,16,0.85,4,35,238
20000,16,0.85,4,36,136
20000,16,0.85,4,37,203
20000,16,0.85,4,38,198
20000,16,0.85,4,39,235
20000,16,0.85,4,40,217
20000,16,0.85,4,41,160
20000,16,0.85,4,42,189
20000,16,0.85,4,43,190
20000,16,0.85,4,44,242
20000,16,0.85,4,45,233
20000,16,0.85,4,46,169
20000,16,0.85,4,47,298
20000,16,0.85,4,48,141
20000,16,0.85,4,49,209
20000,16,0.85,4,50,98
20000,16,0.85,4,51,168
20000,16,0.85,4,52,263
20000,16,0.85,4,53,154
20000,16,0.85,4,54,282
20000,16,0.85,4,55,188
20000,16,0.85,4,56,138
20000,16,0.85,4,57,205
20000,16,0.85,4,58,150
20000,16,0.85,4,59,267
20000,16,0.85,4,60,170
20000,16,0.85,4,61,168
20000,16,0.85,4,62,220
20000,16,0.85,4,63,161
20000,16,0.85,4,64,346
20000,16,0.85,4,65,141
20000,16,0.85,4,66,177
20000,16,0.85,4,67,260
20000,16,0.85,4,68,218
20000,16,0.85,4,69,131
20000,16,0.85,4,70,82
20000,16,0.85,4,71,195
20000,16,0.85,4,72,190
20000,16,0.85,4,73,204
20000,16,0.85,4,74,203
20000,16,0.85,4,75,212
20000,16,0.85,4,76,104
20000,16,0.85,4,77,249
20000,16,0.85,4,78,143
20000,16,0.85,4,79,86
20000,16,0.85,4,80,129
20000,16,0.85,4,81,143
20000,16,0.85,4,82,127
20000,16,0.85,4,83,263
20000,16,0.85,4,84,149
20000,16,0.85,4,85,211
20000,16,0.85,4,86,188
20000,16,0.85,4,87,107
20000,16,0.85,4,88,114
20000,16,0.85,4,89,236
20000,16,0.85,4,90,87
20000,16,0.85,4,91,231
20000,16,0.85,4,92,187
20000,16,0.85,4,93,148
20000,16,0.85,4,94,163
20000,16,0.85,4,95,120
20000,16,0.85,4,96,92
20000,16,0.85,4,97,314
20000,16,0.85,4,98,289
20000,16,0.85,4,99,146
20000,16,0.85,4,100,188
20000,16,0.85,4,101,214
20000,16,0.85,4,102,137
20000,16,0.85,4,103,86
20000,16,0.85,4,104,257
20000,16,0.85,4,105,99
20000,16,0.85,4,106,164
20000,16,0.85,4,107,193
20000,16,0.85,4,108,177
20000,16,0.85,4,109,255
20000,16,0.85,4,110,234
20000,16,0.85,4,111,176
20000,16,0.85,4,112,329
20000,16,0.85,4,113,94
20000,16,0.85,4,114,229
20000,16,0.85,4,115,248
20000,16,0.85,4,116,262
20000,16,0.85,4,117,278
20000,16,0.85,4,118,231
20000,16,0.85,4,119,198
5000,16,1.0,4,0,503
5000,16,1.0,4,1,443
5000,16,1.0,4,2,271
5000,16,1.0,4,3,449
5000,16,1.0,4,4,340
5000,16,1.0,4,5,467
5000,16,1.0,4,6,518
5000,16,1.0,4,7,413
5000,16,1.0,4,8,503
5000,16,1.0,4,9,483
5000,16,1.0,4,10,418
5000,16,1.0,4,11,180
5000,16,1.0,4,12,529
5000,16,1.0,4,13,404
5000,16,1.0,4,14,303
5000,16,1.0,4,15,388
5000,16,1.0,4,16,276
5000,16,1.0,4,17,290
5000,16,1.0,4,18,440
5000,16,1.0,4,19,674
5000,16,1.0,4,20,488
5000,16,1.0,4,21,557
5000,16,1.0,4,22,692
5000,16,1.0,4,23,401
5000,16,1.0,4,24,759
5000,16,1.0,4,25,665
5000,16,1.0,4,26,262
5000,16,1.0,4,27,328
5000,16,1.0,4,28,537
5000,16,1.0,4,29,639
5000,16,1.0,4,30,652
5000,16,1.0,4,31,699
5000,16,1.0,4,32,490
5000,16,1.0,4,33,510
5000,16,1.0,4,34,459
5000,16,1.0,4,35,379
5000,16,1.0,4,36,435
5000,16,1.0,4,37,355
5000,16,1.0,4,38,556
5000,16,1.0,4,39,713
5000,16,1.0,4,40,714
5000,16,1.0,4,41,378
5000,16,1.0,4,42,267
5000,16,1.0,4,43,513
5000,16,1.0,4,44,625
5000,16,1.0,4,45,832
5000,16,1.0,4,46,411
5000,16,1.0,4,47,388
5000,16,1.0,4,48,344
5000,16,1.0,4,49,590
5000,16,1.0,4,50,614
5000,16,1.0,4,51,426
5000,16,1.0,4,52,528
5000,16,1.0,4,53,526
5000,16,1.0,4,54,212
5000,16,1.0,4,55,271
5000,16,1.0,4,56,651
5000,16,1.0,4,57,565
5000,16,1.0,4,58,682
5000,16,1.0,4,59,392
5000,16,1.0,4,60,633
5000,16,1.0,4,61,427
5000,16,1.0,4,62,482
5000,16,1.0,4,63,586
5000,16,1.0,4,64,339
5000,16,1.0,4,65,564
5000,16,1.0,4,66,418
5000,16,1.0,4,67,491
5000,16,1.0,4,68,296
5000,16,1.0,4,69,694
5000,16,1.0,4,70,354
5000,16,1.0,4,71,311
5000,16,1.0,4,72,453
5000,16,1.0,4,73,517
5000,16,1.0,4,74,633
5000,16,1.0,4,75,228
5000,16,1.0,4,76,173
5000,16,1.0,4,77,101
5000,16,1.0,4,78,474
5000,16,1.0,4,79,412
5000,16,1.0,4,80,582
5000,16,1.0,4,81,604
5000,16,1.0,4,82,432
5000,16,1.0,4,83,342
5000,16,1.0,4,84,287
5000,16,1.0,4,85,414
5000,16,1.0,4,86,585
5000,16,1.0,4,87,467
5000,16,1.0,4,88,250
5000,16,1.0,4,89,259
5000,16,1.0,4,90,668
5000,16,1.0,4,91,533
5000,16,1.0,4,92,482
5000,16,1.0,4,93,335
5000,16,1.0,4,94,550
5000,16,1.0,4,95,305
5000,16,1.0,4,96,334
5000,16,1.0,4,97,205
5000,16,1.0,4,98,326
5000,16,1.0,4,99,337
5000,16,1.0,4,100,365
5000,16,1.0,4,101,482
5000,16,1.0,4,102,483
5000,16,1.0,4,103,628
5000,16,1.0,4,104,402
5000,16,1.0,4,105,576
5000,16,1.0,4,106,177
5000,16,1.0,4,107,341
5000,16,1.0,4,108,254
5000,16,1.0,4,109,555
5000,16,1.0,4,110,503
5000,16,1.0,4,111,412
5000,16,1.0,4,112,544
5000,16,1.0,4,113,0
5000,16,1.0,4,114,414
5000,16,1.0,4,115,134
5000,16,1.0,4,116,682
5000,16,1.0,4,117,437
5000,16,1.0,4,118,330
5000,16,1.0,4,119,274
20000,16,1.0,4,0,427
20000,16,1.0,4,1,376
20000,16,1.0,4,2,677
20000,16,1.0,4,3,682
20000,16,1.0,4,4,649
20000,16,1.0,4,5,515
20000,16,1.0,4,6,347
20000,16,1.0,4,7,472
20000,16,1.0,4,8,319
20000,16,1.0,4,9,635
20000,16,1.0,4,10,461
20000,16,1.0,4,11,540
20000,16,1.0,4,12,391
20000,16,1.0,4,13,520
20000,16,1.0,4,14,428
20000,16,1.0,4,15,593
20000,16,1.0,4,16,649
20000,16,1.0,4,17,495
20000,16,1.0,4,18,595
20000,16,1.0,4,19,323
20000,16,1.0,4,20,352
20000,16,1.0,4,21,543
20000,16,1.0,4,22,303
20000,16,1.0,4,23,363
20000,16,1.0,4,24,576
20000,16,1.0,4,25,435
20000,16,1.0,4,26,645
20000,16,1.0,4,27,651
20000,16,1.0,4,28,522
20000,16,1.0,4,29,500
20000,16,1.0,4,30,402
20000,16,1.0,4,31,218
20000,16,1.0,4,32,492
20000,16,1.0,4,33,436
20000,16,1.0,4,34,599
20000,16,1.0,4,35,558
20000,16,1.0,4,36,696
20000,16,1.0,4,37,391
20000,16,1.0,4,38,185
20000,16,1.0,4,39,221
20000,16,1.0,4,40,319
20000,16,1.0,4,41,140
20000,16,1.0,4,42,611
20000,16,1.0,4,43,497
20000,16,1.0,4,44,396
20000,16,1.0,4,45,462
20000,16,1.0,4,46,484
20000,16,1.0,4,47,484
20000,16,1.0,4,48,623
20000,16,1.0,4,49,369
20000,16,1.0,4,50,434
20000,16,1.0,4,51,508
20000,16,1.0,4,52,731
20000,16,1.0,4,53,156
20000,16,1.0,4,54,489
20000,16,1.0,4,55,443
20000,16,1.0,4,56,507
20000,16,1.0,4,57,478
20000,16,1.0,4,58,392
20000,16,1.0,4,59,795
20000,16,1.0,4,60,623
20000,16,1.0,4,61,425
20000,16,1.0,4,62,443
20000,16,1.0,4,63,436
20000,16,1.0,4,64,333
20000,16,1.0,4,65,447
20000,16,1.0,4,66,244
20000,16,1.0,4,67,644
20000,16,1.0,4,68,207
20000,16,1.0,4,69,67
20000,16,1.0,4,70,540
20000,16,1.0,4,71,310
20000,16,1.0,4,72,358
20000,16,1.0,4,73,551
20000,16,1.0,4,74,623
20000,16,1.0,4,75,602
20000,16,1.0,4,76,318
20000,16,1.0,4,77,681
20000,16,1.0,4,78,662
20000,16,1.0,4,79,506
20000,16,1.0,4,80,554
20000,16,1.0,4,81,245
20000,16,1.0,4,82,572
20000,16,1.0,4,83,562
20000,16,1.0,4,84,714
20000,16,1.0,4,85,717
20000,16,1.0,4,86,176
20000,16,1.0,4,87,575
20000,16,1.0,4,88,336
20000,16,1.0,4,89,462
20000,16,1.0,4,90,211
20000,16,1.0,4,91,394
20000,16,1.0,4,92,443
20000,16,1.0,4,93,478
20000,16,1.0,4,94,493
20000,16,1.0,4,95,631
20000,16,1.0,4,96,383
20000,16,1.0,4,97,397
20000,16,1.0,4,98,292
20000,16,1.0,4,99,464
20000,16,1.0,4,100,722
20000,16,1.0,4,101,293
20000,16,1.0,4,102,410
20000,16,1.0,4,103,388
20000,16,1.0,4,104,357
20000,16,1.0,4,105,495
20000,16,1.0,4,106,416
20000,16,1.0,4,107,557
20000,16,1.0,4,108,812
20000,16,1.0,4,109,266
20000,16,1.0,4,110,221
20000,16,1.0,4,111,584
20000,16,1.0,4,112,407
20000,16,1.0,4,113,637
20000,16,1.0,4,114,730
20000,16,1.0,4,115,760
20000,16,1.0,4,116,532
20000,16,1.0,4,117,463
20000,16,1.0,4,118,549
20000,16,1.0,4,119,371
5000,16,1.15,4,0,2129
5000,16,1.15,4,1,2103
5000,16,1.15,4,2,2237
5000,16,1.15,4,3,2197
5000,16,1.15,4,4,2040
5000,16,1.15,4,5,2063
5000,16,1.15,4,6,2218
5000,16,1.15,4,7,1983
5000,16,1.15,4,8,2384
5000,16,1.15,4,9,2335
5000,16,1.15,4,10,2160
5000,16,1.15,4,11,2199
5000,16,1.15,4,12,2148
5000,16,1.15,4,13,1996
5000,16,1.15,4,14,2128
5000,16,1.15,4,15,2209
5000,16,1.15,4,16,2216
5000,16,1.15,4,17,2148
5000,16,1.15,4,18,2003
5000,16,1.15,4,19,2106
5000,16,1.15,4,20,1986
5000,16,1.15,4,21,2160
5000,16,1.15,4,22,1888
5000,16,1.15,4,23,2188
5000,16,1.15,4,24,2280
5000,16,1.15,4,25,2175
5000,16,1.15,4,26,2348
5000,16,1.15,4,27,2475
5000,16,1.15,4,28,2021
5000,16,1.15,4,29,2124
5000,16,1.15,4,30,2169
5000,16,1.15,4,31,2053
5000,16,1.15,4,32,1961
5000,16,1.15,4,33,1998
5000,16,1.15,4,34,2008
5000,16,1.15,4,35,2183
5000,16,1.15,4,36,2032
5000,16,1.15,4,37,1759
5000,16,1.15,4,38,2172
5000,16,1.15,4,39,2313
5000,16,1.15,4,40,2210
5000,16,1.15,4,41,1867
5000,16,1.15,4,42,2169
5000,16,1.15,4,43,1993
5000,16,1.15,4,44,1992
5000,16,1.15,4,45,2107
5000,16,1.15,4,46,2147
5000,16,1.15,4,47,2163
5000,16,1.15,4,48,2143
5000,16,1.15,4,49,2084
5000,16,1.15,4,50,2149
5000,16,1.15,4,51,2158
5000,16,1.15,4,52,2104
5000,16,1.15,4,53,2106
5000,16,1.15,4,54,2063
5000,16,1.15,4,55,2077
5000,16,1.15,4,56,1754
5000,16,1.15,4,57,2158
5000,16,1.15,4,58,2251
5000,16,1.15,4,59,1916
5000,16,1.15,4,60,2254
5000,16,1.15,4,61,2178
5000,16,1.15,4,62,2311
5000,16,1.15,4,63,1792
5000,16,1.15,4,64,2205
5000,16,1.15,4,65,2051
5000,16,1.15,4,66,2235
5000,16,1.15,4,67,2208
5000,16,1.15,4,68,2168
5000,16,1.15,4,69,2288
5000,16,1.15,4,70,2130
5000,16,1.15,4,71,2114
5000,16,1.15,4,72,2119
5000,16,1.15,4,73,2190
5000,16,1.15,4,74,1973
5000,16,1.15,4,75,2266
5000,16,1.15,4,76,2273
5000,16,1.15,4,77,2420
5000,16,1.15,4,78,2103
5000,16,1.15,4,79,2179
5000,16,1.15,4,80,2187
5000,16,1.15,4,81,2214
5000,16,1.15,4,82,1837
5000,16,1.15,4,83,2227
5000,16,1.15,4,84,1949
5000,16,1.15,4,85,1847
5000,16,1.15,4,86,2058
5000,16,1.15,4,87,2077
5000,16,1.15,4,88,2112
5000,16,1.15,4,89,2066
5000,16,1.15,4,90,1861
5000,16,1.15,4,91,1782
5000,16,1.15,4,92,2316
5000,16,1.15,4,93,2213
5000,16,1.15,4,94,2251
5000,16,1.15,4,95,1943
5000,16,1.15,4,96,2062
5000,16,1.15,4,97,2168
5000,16,1.15,4,98,2073
5000,16,1.15,4,99,1946
5000,16,1.15,4,100,1868
5000,16,1.15,4,101,1958
5000,16,1.15,4,102,2092
5000,16,1.15,4,103,2144
5000,16,1.15,4,104,2031
5000,16,1.15,4,105,2237
5000,16,1.15,4,106,1895
5000,16,1.15,4,107,2246
5000,16,1.15,4,108,2231
5000,16,1.15,4,109,2079
5000,16,1.15,4,110,2046
5000,16,1.15,4,111,2324
5000,16,1.15,4,112,2178
5000,16,1.15,4,113,2311
5000,16,1.15,4,114,2221
5000,16,1.15,4,115,2061
5000,16,1.15,4,116,2192
5000,16,1.15,4,117,2034
5000,16,1.15,4,118,2121
5000,16,1.15,4,119,2193
20000,16,1.15,4,0,7234
20000,16,1.15,4,1,5358
20000,16,1.15,4,2,5967
20000,16,1.15,4,3,7652
20000,16,1.15,4,4,4489
20000,16,1.15,4,5,6841
20000,16,1.15,4,6,7221
20000,16,1.15,4,7,7348
20000,16,1.15,4,8,7271
20000,16,1.15,4,9,7201
20000,16,1.15,4,10,6543
20000,16,1.15,4,11,4794
20000,16,1.15,4,12,7321
20000,16,1.15,4,13,6419
20000,16,1.15,4,14,7207
20000,16,1.15,4,15,5119
20000,16,1.15,4,16,5634
20000,16,1.15,4,17,5665
20000,16,1.15,4,18,7386
20000,16,1.15,4,19,7333
20000,16,1.15,4,20,5803
20000,16,1.15,4,21,7423
20000,16,1.15,4,22,5453
20000,16,1.15,4,23,5853
20000,16,1.15,4,24,4076
20000,16,1.15,4,25,7122
20000,16,1.15,4,26,3745
20000,16,1.15,4,27,2864
20000,16,1.15,4,28,7464
20000,16,1.15,4,29,7261
20000,16,1.15,4,30,7437
20000,16,1.15,4,31,6338
20000,16,1.15,4,32,6922
20000,16,1.15,4,33,7360
20000,16,1.15,4,34,7337
20000,16,1.15,4,35,7297
20000,16,1.15,4,36,7307
20000,16,1.15,4,37,6607
20000,16,1.15,4,38,7590
20000,16,1.15,4,39,2213
20000,16,1.15,4,40,7287
20000,16,1.15,4,41,7589
20000,16,1.15,4,42,7419
20000,16,1.15,4,43,7387
20000,16,1.15,4,44,7465
20000,16,1.15,4,45,4138
20000,16,1.15,4,46,6769
20000,16,1.15,4,47,7621
20000,16,1.15,4,48,6958
20000,16,1.15,4,49,4560
20000,16,1.15,4,50,7217
20000,16,1.15,4,51,7181
20000,16,1.15,4,52,7482
20000,16,1.15,4,53,7505
20000,16,1.15,4,54,5866
20000,16,1.15,4,55,7366
20000,16,1.15,4,56,7197
20000,16,1.15,4,57,4983
20000,16,1.15,4,58,7580
20000,16,1.15,4,59,7158
20000,16,1.15,4,60,5883
20000,16,1.15,4,61,7139
20000,16,1.15,4,62,5736
20000,16,1.15,4,63,5836
20000,16,1.15,4,64,7280
20000,16,1.15,4,65,7375
20000,16,1.15,4,66,7412
20000,16,1.15,4,67,3141
20000,16,1.15,4,68,7469
20000,16,1.15,4,69,4807
20000,16,1.15,4,70,5125
20000,16,1.15,4,71,7393
20000,16,1.15,4,72,7420
20000,16,1.15,4,73,6550
20000,16,1.15,4,74,7174
20000,16,1.15,4,75,7351
20000,16,1.15,4,76,7494
20000,16,1.15,4,77,4959
20000,16,1.15,4,78,5715
20000,16,1.15,4,79,6870
20000,16,1.15,4,80,4360
20000,16,1.15,4,81,5666
20000,16,1.15,4,82,7413
20000,16,1.15,4,83,7467
20000,16,1.15,4,84,7002
20000,16,1.15,4,85,7216
20000,16,1.15,4,86,2963
20000,16,1.15,4,87,5898
20000,16,1.15,4,88,7377
20000,16,1.15,4,89,6983
20000,16,1.15,4,90,7101
20000,16,1.15,4,91,7285
20000,16,1.15,4,92,7403
20000,16,1.15,4,93,3025
20000,16,1.15,4,94,6885
20000,16,1.15,4,95,4181
20000,16,1.15,4,96,5277
20000,16,1.15,4,97,3990
20000,16,1.15,4,98,7668
20000,16,1.15,4,99,6726
20000,16,1.15,4,100,5372
20000,16,1.15,4,101,6116
20000,16,1.15,4,102,7441
20000,16,1.15,4,103,7292
20000,16,1.15,4,104,4850
20000,16,1.15,4,105,7079
20000,16,1.15,4,106,7426
20000,16,1.15,4,107,7426
20000,16,1.15,4,108,7420
20000,16,1.15,4,109,4353
20000,16,1.15,4,110,7314
20000,16,1.15,4,111,6205
20000,16,1.15,4,112,6916
20000,16,1.15,4,113,7289
20000,16,1.15,4,114,6361
20000,16,1.15,4,115,6517
20000,16,1.15,4,116,7562
20000,16,1.15,4,117,6701
20000,16,1.15,4,118,2582
20000,16,1.15,4,119,6024
5000,16,1.3,4,0,3914
5000,16,1.3,4,1,3858
5000,16,1.3,4,2,3950
5000,16,1.3,4,3,3925
5000,16,1.3,4,4,3818
5000,16,1.3,4,5,3931
5000,16,1.3,4,6,3855
5000,16,1.3,4,7,3840
5000,16,1.3,4,8,4015
5000,16,1.3,4,9,3827
5000,16,1.3,4,10,3818
5000,16,1.3,4,11,3793
5000,16,1.3,4,12,3807
5000,16,1.3,4,13,3924
5000,16,1.3,4,14,3912
5000,16,1.3,4,15,3886
5000,16,1.3,4,16,3891
5000,16,1.3,4,17,3932
5000,16,1.3,4,18,3848
5000,16,1.3,4,19,3999
5000,16,1.3,4,20,3853
5000,16,1.3,4,21,3985
5000,16,1.3,4,22,3834
5000,16,1.3,4,23,3927
5000,16,1.3,4,24,3891
5000,16,1.3,4,25,3879
5000,16,1.3,4,26,3869
5000,16,1.3,4,27,3898
5000,16,1.3,4,28,3839
5000,16,1.3,4,29,3882
5000,16,1.3,4,30,3872
5000,16,1.3,4,31,3816
5000,16,1.3,4,32,3823
5000,16,1.3,4,33,3900
5000,16,1.3,4,34,3832
5000,16,1.3,4,35,3896
5000,16,1.3,4,36,3846
5000,16,1.3,4,37,3905
5000,16,1.3,4,38,3814
5000,16,1.3,4,39,3918
5000,16,1.3,4,40,3832
5000,16,1.3,4,41,3822
5000,16,1.3,4,42,3918
5000,16,1.3,4,43,3895
5000,16,1.3,4,44,3778
5000,16,1.3,4,45,3868
5000,16,1.3,4,46,3834
5000,16,1.3,4,47,3932
5000,16,1.3,4,48,3933
5000,16,1.3,4,49,3875
5000,16,1.3,4,50,3785
5000,16,1.3,4,51,3904
5000,16,1.3,4,52,3936
5000,16,1.3,4,53,3818
5000,16,1.3,4,54,3933
5000,16,1.3,4,55,3905
5000,16,1.3,4,56,3827
5000,16,1.3,4,57,3967
5000,16,1.3,4,58,3993
5000,16,1.3,4,59,3785
5000,16,1.3,4,60,3938
5000,16,1.3,4,61,3971
5000,16,1.3,4,62,3883
5000,16,1.3,4,63,3874
5000,16,1.3,4,64,3992
5000,16,1.3,4,65,3896
5000,16,1.3,4,66,3908
5000,16,1.3,4,67,3824
5000,16,1.3,4,68,3870
5000,16,1.3,4,69,3996
5000,16,1.3,4,70,3887
5000,16,1.3,4,71,3857
5000,16,1.3,4,72,3810
5000,16,1.3,4,73,3896
5000,16,1.3,4,74,3942
5000,16,1.3,4,75,3786
5000,16,1.3,4,76,3833
5000,16,1.3,4,77,3837
5000,16,1.3,4,78,3899
5000,16,1.3,4,79,3946
5000,16,1.3,4,80,3851
5000,16,1.3,4,81,3849
5000,16,1.3,4,82,3824
5000,16,1.3,4,83,3878
5000,16,1.3,4,84,3949
5000,16,1.3,4,85,3848
5000,16,1.3,4,86,3832
5000,16,1.3,4,87,3938
5000,16,1.3,4,88,3819
5000,16,1.3,4,89,3943
5000,16,1.3,4,90,3834
5000,16,1.3,4,91,3855
5000,16,1.3,4,92,3856
5000,16,1.3,4,93,3901
5000,16,1.3,4,94,3959
5000,16,1.3,4,95,3841
5000,16,1.3,4,96,3831
5000,16,1.3,4,97,3849
5000,16,1.3,4,98,3943
5000,16,1.3,4,99,3897
5000,16,1.3,4,100,3902
5000,16,1.3,4,101,3914
5000,16,1.3,4,102,3920
5000,16,1.3,4,103,3956
5000,16,1.3,4,104,3800
5000,16,1.3,4,105,3918
5000,16,1.3,4,106,3800
5000,16,1.3,4,107,3859
5000,16,1.3,4,108,3858
5000,16,1.3,4,109,3932
5000,16,1.3,4,110,3996
5000,16,1.3,4,111,3880
5000,16,1.3,4,112,3820
5000,16,1.3,4,113,3946
5000,16,1.3,4,114,3965
5000,16,1.3,4,115,3957
5000,16,1.3,4,116,3872
5000,16,1.3,4,117,3849
5000,16,1.3,4,118,3834
5000,16,1.3,4,119,3781
20000,16,1.3,4,0,15405
20000,16,1.3,4,1,15275
20000,16,1.3,4,2,15194
20000,16,1.3,4,3,15245
20000,16,1.3,4,4,15300
20000,16,1.3,4,5,15190
20000,16,1.3,4,6,15302
20000,16,1.3,4,7,15266
20000,16,1.3,4,8,15426
20000,16,1.3,4,9,15369
20000,16,1.3,4,10,15333
20000,16,1.3,4,11,15353
20000,16,1.3,4,12,15497
20000,16,1.3,4,13,15255
20000,16,1.3,4,14,15171
20000,16,1.3,4,15,15190
20000,16,1.3,4,16,15241
20000,16,1.3,4,17,15261
20000,16,1.3,4,18,15320
20000,16,1.3,4,19,15347
20000,16,1.3,4,20,15449
20000,16,1.3,4,21,15420
20000,16,1.3,4,22,15256
20000,16,1.3,4,23,15295
20000,16,1.3,4,24,15276
20000,16,1.3,4,25,15334
20000,16,1.3,4,26,15344
20000,16,1.3,4,27,15278
20000,16,1.3,4,28,15279
20000,16,1.3,4,29,15326
20000,16,1.3,4,30,15193
20000,16,1.3,4,31,15406
20000,16,1.3,4,32,15214
20000,16,1.3,4,33,15372
20000,16,1.3,4,34,15260
20000,16,1.3,4,35,15367
20000,16,1.3,4,36,15369
20000,16,1.3,4,37,15211
20000,16,1.3,4,38,15191
20000,16,1.3,4,39,15468
20000,16,1.3,4,40,15253
20000,16,1.3,4,41,15385
20000,16,1.3,4,42,15186
20000,16,1.3,4,43,15262
20000,16,1.3,4,44,15309
20000,16,1.3,4,45,15218
20000,16,1.3,4,46,15273
20000,16,1.3,4,47,15399
20000,16,1.3,4,48,15419
20000,16,1.3,4,49,15282
20000,16,1.3,4,50,15296
20000,16,1.3,4,51,15231
20000,16,1.3,4,52,15222
20000,16,1.3,4,53,15316
20000,16,1.3,4,54,15240
20000,16,1.3,4,55,15272
20000,16,1.3,4,56,15173
20000,16,1.3,4,57,15254
20000,16,1.3,4,58,15334
20000,16,1.3,4,59,15289
20000,16,1.3,4,60,15242
20000,16,1.3,4,61,15346
20000,16,1.3,4,62,15332
20000,16,1.3,4,63,15278
20000,16,1.3,4,64,15433
20000,16,1.3,4,65,15293
20000,16,1.3,4,66,15269
20000,16,1.3,4,67,15097
20000,16,1.3,4,68,15238
20000,16,1.3,4,69,15134
20000,16,1.3,4,70,15232
20000,16,1.3,4,71,15199
20000,16,1.3,4,72,15162
20000,16,1.3,4,73,15324
20000,16,1.3,4,74,15242
20000,16,1.3,4,75,15456
20000,16,1.3,4,76,15264
20000,16,1.3,4,77,15204
20000,16,1.3,4,78,15248
20000,16,1.3,4,79,15260
20000,16,1.3,4,80,15380
20000,16,1.3,4,81,15186
20000,16,1.3,4,82,15302
20000,16,1.3,4,83,15224
20000,16,1.3,4,84,15324
20000,16,1.3,4,85,15345
20000,16,1.3,4,86,15196
20000,16,1.3,4,87,15281
20000,16,1.3,4,88,15246
20000,16,1.3,4,89,15174
20000,16,1.3,4,90,15373
20000,16,1.3,4,91,15267
20000,16,1.3,4,92,15275
20000,16,1.3,4,93,15422
20000,16,1.3,4,94,15263
20000,16,1.3,4,95,15187
20000,16,1.3,4,96,15318
20000,16,1.3,4,97,15348
20000,16,1.3,4,98,15262
20000,16,1.3,4,99,15267
20000,16,1.3,4,100,15337
20000,16,1.3,4,101,15297
20000,16,1.3,4,102,15299
20000,16,1.3,4,103,15320
20000,16,1.3,4,104,15269
20000,16,1.3,4,105,15228
20000,16,1.3,4,106,15235
20000,16,1.3,4,107,15141
20000,16,1.3,4,108,15249
20000,16,1.3,4,109,15172
20000,16,1.3,4,110,15318
20000,16,1.3,4,111,15312
20000,16,1.3,4,112,15247
20000,16,1.3,4,113,15178
20000,16,1.3,4,114,15335
20000,16,1.3,4,115,15272
20000,16,1.3,4,116,15191
20000,16,1.3,4,117,15196
20000,16,1.3,4,118,15212
20000,16,1.3,4,119,15354
5000,32,0.55,4,0,182
5000,32,0.55,4,1,223
5000,32,0.55,4,2,84
5000,32,0.55,4,3,126
5000,32,0.55,4,4,550
5000,32,0.55,4,5,180
5000,32,0.55,4,6,267
5000,32,0.55,4,7,255
5000,32,0.55,4,8,219
5000,32,0.55,4,9,52
5000,32,0.55,4,10,209
5000,32,0.55,4,11,447
5000,32,0.55,4,12,199
5000,32,0.55,4,13,183
5000,32,0.55,4,14,179
5000,32,0.55,4,15,191
5000,32,0.55,4,16,60
5000,32,0.55,4,17,383
5000,32,0.55,4,18,196
5000,32,0.55,4,19,185
5000,32,0.55,4,20,352
5000,32,0.55,4,21,466
5000,32,0.55,4,22,241
5000,32,0.55,4,23,311
5000,32,0.55,4,24,742
5000,32,0.55,4,25,455
5000,32,0.55,4,26,233
5000,32,0.55,4,27,161
5000,32,0.55,4,28,81
5000,32,0.55,4,29,307
5000,32,0.55,4,30,206
5000,32,0.55,4,31,108
5000,32,0.55,4,32,267
5000,32,0.55,4,33,134
5000,32,0.55,4,34,216
5000,32,0.55,4,35,80
5000,32,0.55,4,36,434
5000,32,0.55,4,37,175
5000,32,0.55,4,38,129
5000,32,0.55,4,39,261
5000,32,0.55,4,40,163
5000,32,0.55,4,41,376
5000,32,0.55,4,42,150
5000,32,0.55,4,43,398
5000,32,0.55,4,44,293
5000,32,0.55,4,45,177
5000,32,0.55,4,46,262
5000,32,0.55,4,47,267
5000,32,0.55,4,48,364
5000,32,0.55,4,49,247
5000,32,0.55,4,50,288
5000,32,0.55,4,51,152
5000,32,0.55,4,52,400
5000,32,0.55,4,53,345
5000,32,0.55,4,54,404
5000,32,0.55,4,55,156
5000,32,0.55,4,56,148
5000,32,0.55,4,57,175
5000,32,0.55,4,58,676
5000,32,0.55,4,59,339
5000,32,0.55,4,60,368
5000,32,0.55,4,61,187
5000,32,0.55,4,62,553
5000,32,0.55,4,63,344
5000,32,0.55,4,64,324
5000,32,0.55,4,65,290
5000,32,0.55,4,66,362
5000,32,0.55,4,67,417
5000,32,0.55,4,68,206
5000,32,0.55,4,69,347
5000,32,0.55,4,70,229
5000,32,0.55,4,71,221
5000,32,0.55,4,72,224
5000,32,0.55,4,73,224
5000,32,0.55,4,74,465
5000,32,0.55,4,75,193
5000,32,0.55,4,76,143
5000,32,0.55,4,77,227
5000,32,0.55,4,78,0
5000,32,0.55,4,79,130
5000,32,0.55,4,80,152
5000,32,0.55,4,81,105
5000,32,0.55,4,82,168
5000,32,0.55,4,83,158
5000,32,0.55,4,84,197
5000,32,0.55,4,85,88
5000,32,0.55,4,86,292
5000,32,0.55,4,87,277
5000,32,0.55,4,88,58
5000,32,0.55,4,89,94
5000,32,0.55,4,90,192
5000,32,0.55,4,91,252
5000,32,0.55,4,92,303
5000,32,0.55,4,93,165
5000,32,0.55,4,94,249
5000,32,0.55,4,95,371
5000,32,0.55,4,96,60
5000,32,0.55,4,97,309
5000,32,0.55,4,98,266
5000,32,0.55,4,99,364
5000,32,0.55,4,100,316
5000,32,0.55,4,101,176
5000,32,0.55,4,102,337
5000,32,0.55,4,103,105
5000,32,0.55,4,104,225
5000,32,0.55,4,105,99
5000,32,0.55,4,106,414
5000,32,0.55,4,107,400
5000,32,0.55,4,108,221
5000,32,0.55,4,109,319
5000,32,0.55,4,110,173
5000,32,0.55,4,111,415
5000,32,0.55,4,112,212
5000,32,0.55,4,113,197
5000,32,0.55,4,114,289
5000,32,0.55,4,115,75
5000,32,0.55,4,116,313
5000,32,0.55,4,117,160
5000,32,0.55,4,118,240
5000,32,0.55,4,119,168
20000,32,0.55,4,0,176
20000,32,0.55,4,1,335
20000,32,0.55,4,2,331
20000,32,0.55,4,3,232
20000,32,0.55,4,4,279
20000,32,0.55,4,5,322
20000,32,0.55,4,6,607
20000,32,0.55,4,7,217
20000,32,0.55,4,8,201
20000,32,0.55,4,9,145
20000,32,0.55,4,10,335
20000,32,0.55,4,11,49
20000,32,0.55,4,12,539
20000,32,0.55,4,13,82
20000,32,0.55,4,14,358
20000,32,0.55,4,15,360
20000,32,0.55,4,16,366
20000,32,0.55,4,17,382
20000,32,0.55,4,18,180
20000,32,0.55,4,19,224
20000,32,0.55,4,20,198
20000,32,0.55,4,21,204
20000,32,0.55,4,22,275
20000,32,0.55,4,23,169
20000,32,0.55,4,24,435
20000,32,0.55,4,25,332
20000,32,0.55,4,26,75
20000,32,0.55,4,27,329
20000,32,0.55,4,28,388
20000,32,0.55,4,29,434
20000,32,0.55,4,30,330
20000,32,0.55,4,31,200
20000,32,0.55,4,32,159
20000,32,0.55,4,33,160
20000,32,0.55,4,34,278
20000,32,0.55,4,35,337
20000,32,0.55,4,36,130
20000,32,0.55,4,37,370
20000,32,0.55,4,38,191
20000,32,0.55,4,39,307
20000,32,0.55,4,40,471
20000,32,0.55,4,41,447
20000,32,0.55,4,42,377
20000,32,0.55,4,43,170
20000,32,0.55,4,44,96
20000,32,0.55,4,45,320
20000,32,0.55,4,46,309
20000,32,0.55,4,47,360
20000,32,0.55,4,48,541
20000,32,0.55,4,49,186
20000,32,0.55,4,50,67
20000,32,0.55,4,51,371
20000,32,0.55,4,52,112
20000,32,0.55,4,53,424
20000,32,0.55,4,54,435
20000,32,0.55,4,55,149
20000,32,0.55,4,56,703
20000,32,0.55,4,57,377
20000,32,0.55,4,58,195
20000,32,0.55,4,59,559
20000,32,0.55,4,60,249
20000,32,0.55,4,61,301
20000,32,0.55,4,62,322
20000,32,0.55,4,63,391
20000,32,0.55,4,64,144
20000,32,0.55,4,65,315
20000,32,0.55,4,66,554
20000,32,0.55,4,67,300
20000,32,0.55,4,68,335
20000,32,0.55,4,69,390
20000,32,0.55,4,70,623
20000,32,0.55,4,71,222
20000,32,0.55,4,72,179
20000,32,0.55,4,73,344
20000,32,0.55,4,74,167
20000,32,0.55,4,75,205
20000,32,0.55,4,76,449
20000,32,0.55,4,77,258
20000,32,0.55,4,78,268
20000,32,0.55,4,79,217
20000,32,0.55,4,80,215
20000,32,0.55,4,81,469
20000,32,0.55,4,82,207
20000,32,0.55,4,83,291
20000,32,0.55,4,84,403
20000,32,0.55,4,85,260
20000,32,0.55,4,86,72
20000,32,0.55,4,87,171
20000,32,0.55,4,88,376
20000,32,0.55,4,89,162
20000,32,0.55,4,90,213
20000,32,0.55,4,91,389
20000,32,0.55,4,92,335
20000,32,0.55,4,93,545
20000,32,0.55,4,94,341
20000,32,0.55,4,95,518
20000,32,0.55,4,96,57
20000,32,0.55,4,97,331
20000,32,0.55,4,98,284
20000,32,0.55,4,99,260
20000,32,0.55,4,100,567
20000,32,0.55,4,101,460
20000,32,0.55,4,102,256
20000,32,0.55,4,103,127
20000,32,0.55,4,104,301
20000,32,0.55,4,105,281
20000,32,0.55,4,106,221
20000,32,0.55,4,107,572
20000,32,0.55,4,108,142
20000,32,0.55,4,109,303
20000,32,0.55,4,110,432
20000,32,0.55,4,111,369
20000,32,0.55,4,112,360
20000,32,0.55,4,113,278
20000,32,0.55,4,114,432
20000,32,0.55,4,115,212
20000,32,0.55,4,116,235
20000,32,0.55,4,117,429
20000,32,0.55,4,118,536
20000,32,0.55,4,119,215
5000,32,0.7,4,0,408
5000,32,0.7,4,1,461
5000,32,0.7,4,2,675
5000,32,0.7,4,3,661
5000,32,0.7,4,4,1220
5000,32,0.7,4,5,730
5000,32,0.7,4,6,828
5000,32,0.7,4,7,850
5000,32,0.7,4,8,881
5000,32,0.7,4,9,874
5000,32,0.7,4,10,1034
5000,32,0.7,4,11,675
5000,32,0.7,4,12,668
5000,32,0.7,4,13,602
5000,32,0.7,4,14,446
5000,32,0.7,4,15,807
5000,32,0.7,4,16,511
5000,32,0.7,4,17,896
5000,32,0.7,4,18,1013
5000,32,0.7,4,19,659
5000,32,0.7,4,20,581
5000,32,0.7,4,21,923
5000,32,0.7,4,22,981
5000,32,0.7,4,23,969
5000,32,0.7,4,24,514
5000,32,0.7,4,25,1137
5000,32,0.7,4,26,609
5000,32,0.7,4,27,304
5000,32,0.7,4,28,674
5000,32,0.7,4,29,799
5000,32,0.7,4,30,1346
5000,32,0.7,4,31,527
5000,32,0.7,4,32,1166
5000,32,0.7,4,33,677
5000,32,0.7,4,34,882
5000,32,0.7,4,35,1356
5000,32,0.7,4,36,474
5000,32,0.7,4,37,686
5000,32,0.7,4,38,644
5000,32,0.7,4,39,201
5000,32,0.7,4,40,470
5000,32,0.7,4,41,123
5000,32,0.7,4,42,1099
5000,32,0.7,4,43,434
5000,32,0.7,4,44,1484
5000,32,0.7,4,45,541
5000,32,0.7,4,46,612
5000,32,0.7,4,47,1117
5000,32,0.7,4,48,392
5000,32,0.7,4,49,636
5000,32,0.7,4,50,880
5000,32,0.7,4,51,626
5000,32,0.7,4,52,1109
5000,32,0.7,4,53,511
5000,32,0.7,4,54,621
5000,32,0.7,4,55,527
5000,32,0.7,4,56,1086
5000,32,0.7,4,57,868
5000,32,0.7,4,58,326
5000,32,0.7,4,59,894
5000,32,0.7,4,60,528
5000,32,0.7,4,61,1073
5000,32,0.7,4,62,779
5000,32,0.7,4,63,716
5000,32,0.7,4,64,901
5000,32,0.7,4,65,603
5000,32,0.7,4,66,700
5000,32,0.7,4,67,608
5000,32,0.7,4,68,1099
5000,32,0.7,4,69,796
5000,32,0.7,4,70,1047
5000,32,0.7,4,71,877
5000,32,0.7,4,72,659
5000,32,0.7,4,73,1093
5000,32,0.7,4,74,886
5000,32,0.7,4,75,640
5000,32,0.7,4,76,504
5000,32,0.7,4,77,761
5000,32,0.7,4,78,636
5000,32,0.7,4,79,1082
5000,32,0.7,4,80,445
5000,32,0.7,4,81,1331
5000,32,0.7,4,82,919
5000,32,0.7,4,83,967
5000,32,0.7,4,84,596
5000,32,0.7,4,85,970
5000,32,0.7,4,86,664
5000,32,0.7,4,87,740
5000,32,0.7,4,88,798
5000,32,0.7,4,89,1143
5000,32,0.7,4,90,497
5000,32,0.7,4,91,958
5000,32,0.7,4,92,847
5000,32,0.7,4,93,544
5000,32,0.7,4,94,985
5000,32,0.7,4,95,494
5000,32,0.7,4,96,558
5000,32,0.7,4,97,349
5000,32,0.7,4,98,741
5000,32,0.7,4,99,1052
5000,32,0.7,4,100,877
5000,32,0.7,4,101,357
5000,32,0.7,4,102,566
5000,32,0.7,4,103,456
5000,32,0.7,4,104,801
5000,32,0.7,4,105,427
5000,32,0.7,4,106,1102
5000,32,0.7,4,107,424
5000,32,0.7,4,108,839
5000,32,0.7,4,109,855
5000,32,0.7,4,110,1223
5000,32,0.7,4,111,505
5000,32,0.7,4,112,609
5000,32,0.7,4,113,641
5000,32,0.7,4,114,798
5000,32,0.7,4,115,495
5000,32,0.7,4,116,1008
5000,32,0.7,4,117,811
5000,32,0.7,4,118,507
5000,32,0.7,4,119,717
20000,32,0.7,4,0,1261
20000,32,0.7,4,1,224
20000,32,0.7,4,2,889
20000,32,0.7,4,3,1560
20000,32,0.7,4,4,997
20000,32,0.7,4,5,1633
20000,32,0.7,4,6,1003
20000,32,0.7,4,7,803
20000,32,0.7,4,8,1937
20000,32,0.7,4,9,444
20000,32,0.7,4,10,1141
20000,32,0.7,4,11,844
20000,32,0.7,4,12,1005
20000,32,0.7,4,13,916
20000,32,0.7,4,14,1378
20000,32,0.7,4,15,437
20000,32,0.7,4,16,1030
20000,32,0.7,4,17,1322
20000,32,0.7,4,18,1502
20000,32,0.7,4,19,279
20000,32,0.7,4,20,889
20000,32,0.7,4,21,1359
20000,32,0.7,4,22,781
20000,32,0.7,4,23,921
20000,32,0.7,4,24,1514
20000,32,0.7,4,25,692
20000,32,0.7,4,26,272
20000,32,0.7,4,27,1222
20000,32,0.7,4,28,1428
20000,32,0.7,4,29,1313
20000,32,0.7,4,30,1379
20000,32,0.7,4,31,304
20000,32,0.7,4,32,1385
20000,32,0.7,4,33,405
20000,32,0.7,4,34,2071
20000,32,0.7,4,35,859
20000,32,0.7,4,36,1553
20000,32,0.7,4,37,685
20000,32,0.7,4,38,306
20000,32,0.7,4,39,960
20000,32,0.7,4,40,1200
20000,32,0.7,4,41,1744
20000,32,0.7,4,42,2192
20000,32,0.7,4,43,1198
20000,32,0.7,4,44,2138
20000,32,0.7,4,45,1175
20000,32,0.7,4,46,926
20000,32,0.7,4,47,748
20000,32,0.7,4,48,735
20000,32,0.7,4,49,988
20000,32,0.7,4,50,1766
20000,32,0.7,4,51,1340
20000,32,0.7,4,52,931
20000,32,0.7,4,53,2007
20000,32,0.7,4,54,346
20000,32,0.7,4,55,1806
20000,32,0.7,4,56,946
20000,32,0.7,4,57,486
20000,32,0.7,4,58,644
20000,32,0.7,4,59,1405
20000,32,0.7,4,60,655
20000,32,0.7,4,61,607
20000,32,0.7,4,62,1151
20000,32,0.7,4,63,1296
20000,32,0.7,4,64,2274
20000,32,0.7,4,65,1812
20000,32,0.7,4,66,821
20000,32,0.7,4,67,643
20000,32,0.7,4,68,696
20000,32,0.7,4,69,926
20000,32,0.7,4,70,892
20000,32,0.7,4,71,1419
20000,32,0.7,4,72,1480
20000,32,0.7,4,73,995
20000,32,0.7,4,74,1862
20000,32,0.7,4,75,1238
20000,32,0.7,4,76,2059
20000,32,0.7,4,77,522
20000,32,0.7,4,78,846
20000,32,0.7,4,79,1735
20000,32,0.7,4,80,1005
20000,32,0.7,4,81,703
20000,32,0.7,4,82,529
20000,32,0.7,4,83,603
20000,32,0.7,4,84,1137
20000,32,0.7,4,85,753
20000,32,0.7,4,86,1559
20000,32,0.7,4,87,666
20000,32,0.7,4,88,742
20000,32,0.7,4,89,829
20000,32,0.7,4,90,1311
20000,32,0.7,4,91,855
20000,32,0.7,4,92,1184
20000,32,0.7,4,93,471
20000,32,0.7,4,94,612
20000,32,0.7,4,95,1055
20000,32,0.7,4,96,1255
20000,32,0.7,4,97,789
20000,32,0.7,4,98,1204
20000,32,0.7,4,99,876
20000,32,0.7,4,100,1801
20000,32,0.7,4,101,1190
20000,32,0.7,4,102,1162
20000,32,0.7,4,103,1225
20000,32,0.7,4,104,902
20000,32,0.7,4,105,525
20000,32,0.7,4,106,121
20000,32,0.7,4,107,1206
20000,32,0.7,4,108,599
20000,32,0.7,4,109,1205
20000,32,0.7,4,110,1613
20000,32,0.7,4,111,2214
20000,32,0.7,4,112,1830
20000,32,0.7,4,113,1543
20000,32,0.7,4,114,632
20000,32,0.7,4,115,1746
20000,32,0.7,4,116,1854
20000,32,0.7,4,117,1216
20000,32,0.7,4,118,1181
20000,32,0.7,4,119,1105
5000,32,0.85,4,0,2184
5000,32,0.85,4,1,1718
5000,32,0.85,4,2,1349
5000,32,0.85,4,3,2002
5000,32,0.85,4,4,1653
5000,32,0.85,4,5,1270
5000,32,0.85,4,6,1754
5000,32,0.85,4,7,1903
5000,32,0.85,4,8,1731
5000,32,0.85,4,9,962
5000,32,0.85,4,10,1219
5000,32,0.85,4,11,2532
5000,32,0.85,4,12,1807
5000,32,0.85,4,13,1628
5000,32,0.85,4,14,1732
5000,32,0.85,4,15,1299
5000,32,0.85,4,16,1488
5000,32,0.85,4,17,1517
5000,32,0.85,4,18,1935
5000,32,0.85,4,19,1377
5000,32,0.85,4,20,1840
5000,32,0.85,4,21,1154
5000,32,0.85,4,22,1389
5000,32,0.85,4,23,2121
5000,32,0.85,4,24,1215
5000,32,0.85,4,25,1267
5000,32,0.85,4,26,1468
5000,32,0.85,4,27,1620
5000,32,0.85,4,28,1518
5000,32,0.85,4,29,1800
5000,32,0.85,4,30,1593
5000,32,0.85,4,31,1800
5000,32,0.85,4,32,1152
5000,32,0.85,4,33,1532
5000,32,0.85,4,34,1699
5000,32,0.85,4,35,1459
5000,32,0.85,4,36,1503
5000,32,0.85,4,37,1578
5000,32,0.85,4,38,1103
5000,32,0.85,4,39,956
5000,32,0.85,4,40,1335
5000,32,0.85,4,41,1611
5000,32,0.85,4,42,1507
5000,32,0.85,4,43,1806
5000,32,0.85,4,44,1777
5000,32,0.85,4,45,1959
5000,32,0.85,4,46,1310
5000,32,0.85,4,47,1774
5000,32,0.85,4,48,1758
5000,32,0.85,4,49,1578
5000,32,0.85,4,50,2036
5000,32,0.85,4,51,1794
5000,32,0.85,4,52,1319
5000,32,0.85,4,53,1561
5000,32,0.85,4,54,1869
5000,32,0.85,4,55,1737
5000,32,0.85,4,56,893
5000,32,0.85,4,57,2019
5000,32,0.85,4,58,1462
5000,32,0.85,4,59,1278
5000,32,0.85,4,60,1639
5000,32,0.85,4,61,1876
5000,32,0.85,4,62,1320
5000,32,0.85,4,63,1580
5000,32,0.85,4,64,1001
5000,32,0.85,4,65,1143
5000,32,0.85,4,66,1652
5000,32,0.85,4,67,2311
5000,32,0.85,4,68,1279
5000,32,0.85,4,69,631
5000,32,0.85,4,70,1609
5000,32,0.85,4,71,1411
5000,32,0.85,4,72,1122
5000,32,0.85,4,73,2050
5000,32,0.85,4,74,2056
5000,32,0.85,4,75,1390
5000,32,0.85,4,76,1507
5000,32,0.85,4,77,1764
5000,32,0.85,4,78,1606
5000,32,0.85,4,79,1573
5000,32,0.85,4,80,1607
5000,32,0.85,4,81,1024
5000,32,0.85,4,82,1596
5000,32,0.85,4,83,1506
5000,32,0.85,4,84,1579
5000,32,0.85,4,85,1914
5000,32,0.85,4,86,1308
5000,32,0.85,4,87,1547
5000,32,0.85,4,88,1330
5000,32,0.85,4,89,976
5000,32,0.85,4,90,1843
5000,32,0.85,4,91,1295
5000,32,0.85,4,92,1757
5000,32,0.85,4,93,1697
5000,32,0.85,4,94,1529
5000,32,0.85,4,95,1204
5000,32,0.85,4,96,1291
5000,32,0.85,4,97,1650
5000,32,0.85,4,98,1796
5000,32,0.85,4,99,1783
5000,32,0.85,4,100,1391
5000,32,0.85,4,101,1377
5000,32,0.85,4,102,402
5000,32,0.85,4,103,1719
5000,32,0.85,4,104,1850
5000,32,0.85,4,105,2240
5000,32,0.85,4,106,1560
5000,32,0.85,4,107,2113
5000,32,0.85,4,108,1446
5000,32,0.85,4,109,1677
5000,32,0.85,4,110,1229
5000,32,0.85,4,111,1124
5000,32,0.85,4,112,2907
5000,32,0.85,4,113,799
5000,32,0.85,4,114,1949
5000,32,0.85,4,115,1516
5000,32,0.85,4,116,2168
5000,32,0.85,4,117,1441
5000,32,0.85,4,118,905
5000,32,0.85,4,119,1655
20000,32,0.85,4,0,3852
20000,32,0.85,4,1,3477
20000,32,0.85,4,2,2484
20000,32,0.85,4,3,4127
20000,32,0.85,4,4,4586
20000,32,0.85,4,5,2476
20000,32,0.85,4,6,3229
20000,32,0.85,4,7,5310
20000,32,0.85,4,8,3785
20000,32,0.85,4,9,3046
20000,32,0.85,4,10,2752
20000,32,0.85,4,11,3552
20000,32,0.85,4,12,1460
20000,32,0.85,4,13,4899
20000,32,0.85,4,14,2888
20000,32,0.85,4,15,4083
20000,32,0.85,4,16,3619
20000,32,0.85,4,17,2404
20000,32,0.85,4,18,2898
20000,32,0.85,4,19,2184
20000,32,0.85,4,20,5675
20000,32,0.85,4,21,4293
20000,32,0.85,4,22,2734
20000,32,0.85,4,23,4443
20000,32,0.85,4,24,3069
20000,32,0.85,4,25,4452
20000,32,0.85,4,26,3133
20000,32,0.85,4,27,2203
20000,32,0.85,4,28,4116
20000,32,0.85,4,29,4366
20000,32,0.85,4,30,3135
20000,32,0.85,4,31,3631
20000,32,0.85,4,32,3039
20000,32,0.85,4,33,3948
20000,32,0.85,4,34,1023
20000,32,0.85,4,35,1510
20000,32,0.85,4,36,4780
20000,32,0.85,4,37,3811
20000,32,0.85,4,38,3108
20000,32,0.85,4,39,1550
20000,32,0.85,4,40,5494
20000,32,0.85,4,41,4640
20000,32,0.85,4,42,2499
20000,32,0.85,4,43,3876
20000,32,0.85,4,44,4026
20000,32,0.85,4,45,4193
20000,32,0.85,4,46,4191
20000,32,0.85,4,47,3803
20000,32,0.85,4,48,4948
20000,32,0.85,4,49,3756
20000,32,0.85,4,50,4043
20000,32,0.85,4,51,3549
20000,32,0.85,4,52,2604
20000,32,0.85,4,53,3829
20000,32,0.85,4,54,2608
20000,32,0.85,4,55,4359
20000,32,0.85,4,56,2896
20000,32,0.85,4,57,3293
20000,32,0.85,4,58,3817
20000,32,0.85,4,59,3304
20000,32,0.85,4,60,4354
20000,32,0.85,4,61,4114
20000,32,0.85,4,62,3156
20000,32,0.85,4,63,3534
20000,32,0.85,4,64,4188
20000,32,0.85,4,65,2766
20000,32,0.85,4,66,0
20000,32,0.85,4,67,3583
20000,32,0.85,4,68,5384
20000,32,0.85,4,69,3391
20000,32,0.85,4,70,2232
20000,32,0.85,4,71,3171
20000,32,0.85,4,72,4553
20000,32,0.85,4,73,4174
20000,32,0.85,4,74,2399
20000,32,0.85,4,75,4038
20000,32,0.85,4,76,3357
20000,32,0.85,4,77,2124
20000,32,0.85,4,78,4265
20000,32,0.85,4,79,3835
20000,32,0.85,4,80,4820
20000,32,0.85,4,81,3274
20000,32,0.85,4,82,3149
20000,32,0.85,4,83,2713
20000,32,0.85,4,84,3591
20000,32,0.85,4,85,4762
20000,32,0.85,4,86,4848
20000,32,0.85,4,87,3251
20000,32,0.85,4,88,3361
20000,32,0.85,4,89,3494
20000,32,0.85,4,90,3025
20000,32,0.85,4,91,3255
20000,32,0.85,4,92,4183
20000,32,0.85,4,93,3247
20000,32,0.85,4,94,2511
20000,32,0.85,4,95,2350
20000,32,0.85,4,96,3763
20000,32,0.85,4,97,4365
20000,32,0.85,4,98,1793
20000,32,0.85,4,99,4613
20000,32,0.85,4,100,2435
20000,32,0.85,4,101,3818
20000,32,0.85,4,102,3012
20000,32,0.85,4,103,5538
20000,32,0.85,4,104,2347
20000,32,0.85,4,105,3066
20000,32,0.85,4,106,5557
20000,32,0.85,4,107,3156
20000,32,0.85,4,108,1892
20000,32,0.85,4,109,3857
20000,32,0.85,4,110,1733
20000,32,0.85,4,111,4135
20000,32,0.85,4,112,1775
20000,32,0.85,4,113,3974
20000,32,0.85,4,114,4177
20000,32,0.85,4,115,2635
20000,32,0.85,4,116,2699
20000,32,0.85,4,117,4055
20000,32,0.85,4,118,3027
20000,32,0.85,4,119,4485
5000,32,1.0,4,0,3039
5000,32,1.0,4,1,2915
5000,32,1.0,4,2,2496
5000,32,1.0,4,3,2939
5000,32,1.0,4,4,2685
5000,32,1.0,4,5,1902
5000,32,1.0,4,6,2425
5000,32,1.0,4,7,2158
5000,32,1.0,4,8,2270
5000,32,1.0,4,9,2221
5000,32,1.0,4,10,2981
5000,32,1.0,4,11,1674
5000,32,1.0,4,12,2903
5000,32,1.0,4,13,2897
5000,32,1.0,4,14,1260
5000,32,1.0,4,15,3482
5000,32,1.0,4,16,2708
5000,32,1.0,4,17,2075
5000,32,1.0,4,18,3480
5000,32,1.0,4,19,2627
5000,32,1.0,4,20,2618
5000,32,1.0,4,21,3905
5000,32,1.0,4,22,2473
5000,32,1.0,4,23,2674
5000,32,1.0,4,24,2955
5000,32,1.0,4,25,2706
5000,32,1.0,4,26,2928
5000,32,1.0,4,27,2360
5000,32,1.0,4,28,2744
5000,32,1.0,4,29,3036
5000,32,1.0,4,30,2754
5000,32,1.0,4,31,2080
5000,32,1.0,4,32,3261
5000,32,1.0,4,33,2855
5000,32,1.0,4,34,2818
5000,32,1.0,4,35,2792
5000,32,1.0,4,36,2961
5000,32,1.0,4,37,2568
5000,32,1.0,4,38,1862
5000,32,1.0,4,39,2529
5000,32,1.0,4,40,3360
5000,32,1.0,4,41,2516
5000,32,1.0,4,42,3063
5000,32,1.0,4,43,2552
5000,32,1.0,4,44,3098
5000,32,1.0,4,45,1943
5000,32,1.0,4,46,2321
5000,32,1.0,4,47,0
5000,32,1.0,4,48,1701
5000,32,1.0,4,49,3411
5000,32,1.0,4,50,2630
5000,32,1.0,4,51,2838
5000,32,1.0,4,52,2942
5000,32,1.0,4,53,1446
5000,32,1.0,4,54,2534
5000,32,1.0,4,55,2833
5000,32,1.0,4,56,2375
5000,32,1.0,4,57,3041
5000,32,1.0,4,58,2882
5000,32,1.0,4,59,1724
5000,32,1.0,4,60,2606
5000,32,1.0,4,61,3296
5000,32,1.0,4,62,2579
5000,32,1.0,4,63,2529
5000,32,1.0,4,64,2165
5000,32,1.0,4,65,2638
5000,32,1.0,4,66,2606
5000,32,1.0,4,67,2952
5000,32,1.0,4,68,3132
5000,32,1.0,4,69,2987
5000,32,1.0,4,70,2453
5000,32,1.0,4,71,2807
5000,32,1.0,4,72,3276
5000,32,1.0,4,73,3117
5000,32,1.0,4,74,2638
5000,32,1.0,4,75,2517
5000,32,1.0,4,76,2735
5000,32,1.0,4,77,2530
5000,32,1.0,4,78,2308
5000,32,1.0,4,79,3534
5000,32,1.0,4,80,2241
5000,32,1.0,4,81,1785
5000,32,1.0,4,82,2566
5000,32,1.0,4,83,3131
5000,32,1.0,4,84,1997
5000,32,1.0,4,85,2282
5000,32,1.0,4,86,2358
5000,32,1.0,4,87,2742
5000,32,1.0,4,88,2692
5000,32,1.0,4,89,2852
5000,32,1.0,4,90,2159
5000,32,1.0,4,91,2726
5000,32,1.0,4,92,3198
5000,32,1.0,4,93,2858
5000,32,1.0,4,94,2393
5000,32,1.0,4,95,2102
5000,32,1.0,4,96,2625
5000,32,1.0,4,97,2884
5000,32,1.0,4,98,2028
5000,32,1.0,4,99,2520
5000,32,1.0,4,100,3441
5000,32,1.0,4,101,2978
5000,32,1.0,4,102,3160
5000,32,1.0,4,103,2688
5000,32,1.0,4,104,2231
5000,32,1.0,4,105,3016
5000,32,1.0,4,106,3270
5000,32,1.0,4,107,2877
5000,32,1.0,4,108,1707
5000,32,1.0,4,109,2907
5000,32,1.0,4,110,2363
5000,32,1.0,4,111,2984
5000,32,1.0,4,112,3357
5000,32,1.0,4,113,2869
5000,32,1.0,4,114,2373
5000,32,1.0,4,115,2427
5000,32,1.0,4,116,2852
5000,32,1.0,4,117,2188
5000,32,1.0,4,118,2523
5000,32,1.0,4,119,2001
20000,32,1.0,4,0,7562
20000,32,1.0,4,1,7040
20000,32,1.0,4,2,6257
20000,32,1.0,4,3,8686
20000,32,1.0,4,4,6537
20000,32,1.0,4,5,8594
20000,32,1.0,4,6,8454
20000,32,1.0,4,7,8118
20000,32,1.0,4,8,7184
20000,32,1.0,4,9,7666
20000,32,1.0,4,10,9177
20000,32,1.0,4,11,8860
20000,32,1.0,4,12,8761
20000,32,1.0,4,13,6795
20000,32,1.0,4,14,8036
20000,32,1.0,4,15,7990
20000,32,1.0,4,16,6658
20000,32,1.0,4,17,7322
20000,32,1.0,4,18,4962
20000,32,1.0,4,19,6688
20000,32,1.0,4,20,9145
20000,32,1.0,4,21,7794
20000,32,1.0,4,22,6749
20000,32,1.0,4,23,8955
20000,32,1.0,4,24,6002
20000,32,1.0,4,25,7943
20000,32,1.0,4,26,6387
20000,32,1.0,4,27,7361
20000,32,1.0,4,28,8498
20000,32,1.0,4,29,7758
20000,32,1.0,4,30,9891
20000,32,1.0,4,31,8069
20000,32,1.0,4,32,5821
20000,32,1.0,4,33,7428
20000,32,1.0,4,34,9720
20000,32,1.0,4,35,6978
20000,32,1.0,4,36,6943
20000,32,1.0,4,37,8787
20000,32,1.0,4,38,7764
20000,32,1.0,4,39,8379
20000,32,1.0,4,40,8203
20000,32,1.0,4,41,7509
20000,32,1.0,4,42,6776
20000,32,1.0,4,43,6459
20000,32,1.0,4,44,7281
20000,32,1.0,4,45,4906
20000,32,1.0,4,46,8060
20000,32,1.0,4,47,8294
20000,32,1.0,4,48,6890
20000,32,1.0,4,49,8859
20000,32,1.0,4,50,8451
20000,32,1.0,4,51,7454
20000,32,1.0,4,52,5979
20000,32,1.0,4,53,7485
20000,32,1.0,4,54,7852
20000,32,1.0,4,55,6871
20000,32,1.0,4,56,5875
20000,32,1.0,4,57,6808
20000,32,1.0,4,58,7604
20000,32,1.0,4,59,4328
20000,32,1.0,4,60,8546
20000,32,1.0,4,61,8582
20000,32,1.0,4,62,7648
20000,32,1.0,4,63,7684
20000,32,1.0,4,64,7770
20000,32,1.0,4,65,6121
20000,32,1.0,4,66,9345
20000,32,1.0,4,67,7803
20000,32,1.0,4,68,5615
20000,32,1.0,4,69,8303
20000,32,1.0,4,70,7809
20000,32,1.0,4,71,8875
20000,32,1.0,4,72,8887
20000,32,1.0,4,73,8235
20000,32,1.0,4,74,8838
20000,32,1.0,4,75,7106
20000,32,1.0,4,76,6081
20000,32,1.0,4,77,8807
20000,32,1.0,4,78,7605
20000,32,1.0,4,79,7516
20000,32,1.0,4,80,8582
20000,32,1.0,4,81,8878
20000,32,1.0,4,82,8391
20000,32,1.0,4,83,8219
20000,32,1.0,4,84,8180
20000,32,1.0,4,85,7570
20000,32,1.0,4,86,6946
20000,32,1.0,4,87,6156
20000,32,1.0,4,88,9477
20000,32,1.0,4,89,9839
20000,32,1.0,4,90,5885
20000,32,1.0,4,91,8313
20000,32,1.0,4,92,7997
20000,32,1.0,4,93,7344
20000,32,1.0,4,94,7599
20000,32,1.0,4,95,7169
20000,32,1.0,4,96,7794
20000,32,1.0,4,97,8793
20000,32,1.0,4,98,6527
20000,32,1.0,4,99,7462
20000,32,1.0,4,100,7637
20000,32,1.0,4,101,5852
20000,32,1.0,4,102,9414
20000,32,1.0,4,103,6754
20000,32,1.0,4,104,8802
20000,32,1.0,4,105,8959
20000,32,1.0,4,106,8573
20000,32,1.0,4,107,6447
20000,32,1.0,4,108,7134
20000,32,1.0,4,109,9050
20000,32,1.0,4,110,7483
20000,32,1.0,4,111,8105
20000,32,1.0,4,112,6435
20000,32,1.0,4,113,7883
20000,32,1.0,4,114,9184
20000,32,1.0,4,115,9182
20000,32,1.0,4,116,6278
20000,32,1.0,4,117,4823
20000,32,1.0,4,118,9579
20000,32,1.0,4,119,7047
5000,32,1.15,4,0,3686
5000,32,1.15,4,1,3775
5000,32,1.15,4,2,3371
5000,32,1.15,4,3,3257
5000,32,1.15,4,4,3710
5000,32,1.15,4,5,3129
5000,32,1.15,4,6,3699
5000,32,1.15,4,7,3381
5000,32,1.15,4,8,3850
5000,32,1.15,4,9,3785
5000,32,1.15,4,10,3778
5000,32,1.15,4,11,3589
5000,32,1.15,4,12,3237
5000,32,1.15,4,13,3740
5000,32,1.15,4,14,3375
5000,32,1.15,4,15,3950
5000,32,1.15,4,16,3905
5000,32,1.15,4,17,3548
5000,32,1.15,4,18,3714
5000,32,1.15,4,19,3642
5000,32,1.15,4,20,3443
5000,32,1.15,4,21,3854
5000,32,1.15,4,22,3642
5000,32,1.15,4,23,2328
5000,32,1.15,4,24,3422
5000,32,1.15,4,25,3443
5000,32,1.15,4,26,2983
5000,32,1.15,4,27,3883
5000,32,1.15,4,28,3853
5000,32,1.15,4,29,3331
5000,32,1.15,4,30,4214
5000,32,1.15,4,31,3055
5000,32,1.15,4,32,3659
5000,32,1.15,4,33,3849
5000,32,1.15,4,34,2433
5000,32,1.15,4,35,4151
5000,32,1.15,4,36,3124
5000,32,1.15,4,37,3462
5000,32,1.15,4,38,3462
5000,32,1.15,4,39,3611
5000,32,1.15,4,40,3405
5000,32,1.15,4,41,4116
5000,32,1.15,4,42,3059
5000,32,1.15,4,43,3881
5000,32,1.15,4,44,3359
5000,32,1.15,4,45,3987
5000,32,1.15,4,46,3857
5000,32,1.15,4,47,4075
5000,32,1.15,4,48,4000
5000,32,1.15,4,49,3651
5000,32,1.15,4,50,3906
5000,32,1.15,4,51,4001
5000,32,1.15,4,52,3553
5000,32,1.15,4,53,3049
5000,32,1.15,4,54,3206
5000,32,1.15,4,55,2643
5000,32,1.15,4,56,4047
5000,32,1.15,4,57,3828
5000,32,1.15,4,58,4230
5000,32,1.15,4,59,3862
5000,32,1.15,4,60,3425
5000,32,1.15,4,61,3626
5000,32,1.15,4,62,3774
5000,32,1.15,4,63,2611
5000,32,1.15,4,64,3115
5000,32,1.15,4,65,3625
5000,32,1.15,4,66,3358
5000,32,1.15,4,67,4319
5000,32,1.15,4,68,3212
5000,32,1.15,4,69,3816
5000,32,1.15,4,70,3437
5000,32,1.15,4,71,3838
5000,32,1.15,4,72,3822
5000,32,1.15,4,73,3895
5000,32,1.15,4,74,3746
5000,32,1.15,4,75,3409
5000,32,1.15,4,76,3711
5000,32,1.15,4,77,3304
5000,32,1.15,4,78,3604
5000,32,1.15,4,79,3726
5000,32,1.15,4,80,3715
5000,32,1.15,4,81,4200
5000,32,1.15,4,82,3694
5000,32,1.15,4,83,3314
5000,32,1.15,4,84,3571
5000,32,1.15,4,85,3533
5000,32,1.15,4,86,3304
5000,32,1.15,4,87,3732
5000,32,1.15,4,88,3378
5000,32,1.15,4,89,3694
5000,32,1.15,4,90,4057
5000,32,1.15,4,91,3693
5000,32,1.15,4,92,3815
5000,32,1.15,4,93,3674
5000,32,1.15,4,94,3309
5000,32,1.15,4,95,3512
5000,32,1.15,4,96,2415
5000,32,1.15,4,97,3134
5000,32,1.15,4,98,3922
5000,32,1.15,4,99,3577
5000,32,1.15,4,100,4013
5000,32,1.15,4,101,3208
5000,32,1.15,4,102,3483
5000,32,1.15,4,103,3735
5000,32,1.15,4,104,3803
5000,32,1.15,4,105,4237
5000,32,1.15,4,106,4107
5000,32,1.15,4,107,3850
5000,32,1.15,4,108,3733
5000,32,1.15,4,109,3219
5000,32,1.15,4,110,2873
5000,32,1.15,4,111,3780
5000,32,1.15,4,112,3874
5000,32,1.15,4,113,3630
5000,32,1.15,4,114,3541
5000,32,1.15,4,115,3614
5000,32,1.15,4,116,3463
5000,32,1.15,4,117,3658
5000,32,1.15,4,118,3662
5000,32,1.15,4,119,4452
20000,32,1.15,4,0,13152
20000,32,1.15,4,1,9580
20000,32,1.15,4,2,11705
20000,32,1.15,4,3,12784
20000,32,1.15,4,4,10884
20000,32,1.15,4,5,10635
20000,32,1.15,4,6,14342
20000,32,1.15,4,7,12841
20000,32,1.15,4,8,12254
20000,32,1.15,4,9,12666
20000,32,1.15,4,10,10188
20000,32,1.15,4,11,10514
20000,32,1.15,4,12,12860
20000,32,1.15,4,13,9371
20000,32,1.15,4,14,11837
20000,32,1.15,4,15,12826
20000,32,1.15,4,16,11229
20000,32,1.15,4,17,11984
20000,32,1.15,4,18,13147
20000,32,1.15,4,19,13186
20000,32,1.15,4,20,11292
20000,32,1.15,4,21,11385
20000,32,1.15,4,22,14782
20000,32,1.15,4,23,11404
20000,32,1.15,4,24,10459
20000,32,1.15,4,25,12643
20000,32,1.15,4,26,11334
20000,32,1.15,4,27,10811
20000,32,1.15,4,28,9680
20000,32,1.15,4,29,11896
20000,32,1.15,4,30,14274
20000,32,1.15,4,31,13612
20000,32,1.15,4,32,12618
20000,32,1.15,4,33,11850
20000,32,1.15,4,34,13737
20000,32,1.15,4,35,8794
20000,32,1.15,4,36,13881
20000,32,1.15,4,37,12444
20000,32,1.15,4,38,10229
20000,32,1.15,4,39,12675
20000,32,1.15,4,40,13647
20000,32,1.15,4,41,11232
20000,32,1.15,4,42,11445
20000,32,1.15,4,43,13016
20000,32,1.15,4,44,14079
20000,32,1.15,4,45,13463
20000,32,1.15,4,46,14905
20000,32,1.15,4,47,12231
20000,32,1.15,4,48,11460
20000,32,1.15,4,49,10106
20000,32,1.15,4,50,12647
20000,32,1.15,4,51,9015
20000,32,1.15,4,52,13262
20000,32,1.15,4,53,12296
20000,32,1.15,4,54,14030
20000,32,1.15,4,55,12555
20000,32,1.15,4,56,13785
20000,32,1.15,4,57,13574
20000,32,1.15,4,58,13008
20000,32,1.15,4,59,10536
20000,32,1.15,4,60,10897
20000,32,1.15,4,61,12275
20000,32,1.15,4,62,11291
20000,32,1.15,4,63,12753
20000,32,1.15,4,64,13308
20000,32,1.15,4,65,12554
20000,32,1.15,4,66,13145
20000,32,1.15,4,67,14047
20000,32,1.15,4,68,12524
20000,32,1.15,4,69,9547
20000,32,1.15,4,70,12044
20000,32,1.15,4,71,14885
20000,32,1.15,4,72,11417
20000,32,1.15,4,73,11333
20000,32,1.15,4,74,11439
20000,32,1.15,4,75,13670
20000,32,1.15,4,76,12354
20000,32,1.15,4,77,13568
20000,32,1.15,4,78,12286
20000,32,1.15,4,79,10820
20000,32,1.15,4,80,12649
20000,32,1.15,4,81,13381
20000,32,1.15,4,82,12645
20000,32,1.15,4,83,12242
20000,32,1.15,4,84,11839
20000,32,1.15,4,85,13557
20000,32,1.15,4,86,13080
20000,32,1.15,4,87,12700
20000,32,1.15,4,88,11538
20000,32,1.15,4,89,11971
20000,32,1.15,4,90,12095
20000,32,1.15,4,91,14786
20000,32,1.15,4,92,12642
20000,32,1.15,4,93,12281
20000,32,1.15,4,94,12424
20000,32,1.15,4,95,11815
20000,32,1.15,4,96,12401
20000,32,1.15,4,97,13302
20000,32,1.15,4,98,14145
20000,32,1.15,4,99,13194
20000,32,1.15,4,100,12702
20000,32,1.15,4,101,12281
20000,32,1.15,4,102,14335
20000,32,1.15,4,103,12947
20000,32,1.15,4,104,11912
20000,32,1.15,4,105,12467
20000,32,1.15,4,106,11593
20000,32,1.15,4,107,11945
20000,32,1.15,4,108,12276
20000,32,1.15,4,109,10943
20000,32,1.15,4,110,12333
20000,32,1.15,4,111,12905
20000,32,1.15,4,112,12266
20000,32,1.15,4,113,11872
20000,32,1.15,4,114,13117
20000,32,1.15,4,115,13930
20000,32,1.15,4,116,12656
20000,32,1.15,4,117,12103
20000,32,1.15,4,118,9405
20000,32,1.15,4,119,12222
5000,32,1.3,4,0,4264
5000,32,1.3,4,1,4194
5000,32,1.3,4,2,4723
5000,32,1.3,4,3,4345
5000,32,1.3,4,4,3970
5000,32,1.3,4,5,4264
5000,32,1.3,4,6,4309
5000,32,1.3,4,7,4456
5000,32,1.3,4,8,3821
5000,32,1.3,4,9,4515
5000,32,1.3,4,10,4470
5000,32,1.3,4,11,4295
5000,32,1.3,4,12,3981
5000,32,1.3,4,13,4447
5000,32,1.3,4,14,4049
5000,32,1.3,4,15,4270
5000,32,1.3,4,16,4534
5000,32,1.3,4,17,4302
5000,32,1.3,4,18,4469
5000,32,1.3,4,19,4330
5000,32,1.3,4,20,4006
5000,32,1.3,4,21,4431
5000,32,1.3,4,22,4127
5000,32,1.3,4,23,4531
5000,32,1.3,4,24,4314
5000,32,1.3,4,25,3999
5000,32,1.3,4,26,4434
5000,32,1.3,4,27,4501
5000,32,1.3,4,28,4245
5000,32,1.3,4,29,4208
5000,32,1.3,4,30,4412
5000,32,1.3,4,31,4418
5000,32,1.3,4,32,4411
5000,32,1.3,4,33,4099
5000,32,1.3,4,34,4249
5000,32,1.3,4,35,4621
5000,32,1.3,4,36,4060
5000,32,1.3,4,37,4328
5000,32,1.3,4,38,4319
5000,32,1.3,4,39,4165
5000,32,1.3,4,40,4415
5000,32,1.3,4,41,4444
5000,32,1.3,4,42,4275
5000,32,1.3,4,43,4179
5000,32,1.3,4,44,4400
5000,32,1.3,4,45,4322
5000,32,1.3,4,46,4502
5000,32,1.3,4,47,4474
5000,32,1.3,4,48,4323
5000,32,1.3,4,49,4568
5000,32,1.3,4,50,4245
5000,32,1.3,4,51,3799
5000,32,1.3,4,52,4304
5000,32,1.3,4,53,4465
5000,32,1.3,4,54,4454
5000,32,1.3,4,55,4405
5000,32,1.3,4,56,4520
5000,32,1.3,4,57,4660
5000,32,1.3,4,58,4600
5000,32,1.3,4,59,3899
5000,32,1.3,4,60,4466
5000,32,1.3,4,61,4402
5000,32,1.3,4,62,4201
5000,32,1.3,4,63,4345
5000,32,1.3,4,64,4706
5000,32,1.3,4,65,3981
5000,32,1.3,4,66,4408
5000,32,1.3,4,67,4539
5000,32,1.3,4,68,4711
5000,32,1.3,4,69,4302
5000,32,1.3,4,70,4138
5000,32,1.3,4,71,4379
5000,32,1.3,4,72,4057
5000,32,1.3,4,73,4847
5000,32,1.3,4,74,4166
5000,32,1.3,4,75,4041
5000,32,1.3,4,76,3907
5000,32,1.3,4,77,3841
5000,32,1.3,4,78,3988
5000,32,1.3,4,79,4574
5000,32,1.3,4,80,4090
5000,32,1.3,4,81,4317
5000,32,1.3,4,82,4028
5000,32,1.3,4,83,4234
5000,32,1.3,4,84,4443
5000,32,1.3,4,85,4178
5000,32,1.3,4,86,4347
5000,32,1.3,4,87,4450
5000,32,1.3,4,88,4185
5000,32,1.3,4,89,4082
5000,32,1.3,4,90,4505
5000,32,1.3,4,91,4659
5000,32,1.3,4,92,4067
5000,32,1.3,4,93,4407
5000,32,1.3,4,94,4329
5000,32,1.3,4,95,4392
5000,32,1.3,4,96,3960
5000,32,1.3,4,97,4298
5000,32,1.3,4,98,4328
5000,32,1.3,4,99,4444
5000,32,1.3,4,100,4490
5000,32,1.3,4,101,4434
5000,32,1.3,4,102,4450
5000,32,1.3,4,103,3872
5000,32,1.3,4,104,4518
5000,32,1.3,4,105,4139
5000,32,1.3,4,106,4246
5000,32,1.3,4,107,3796
5000,32,1.3,4,108,4441
5000,32,1.3,4,109,4033
5000,32,1.3,4,110,4479
5000,32,1.3,4,111,4494
5000,32,1.3,4,112,4407
5000,32,1.3,4,113,4184
5000,32,1.3,4,114,4499
5000,32,1.3,4,115,4619
5000,32,1.3,4,116,4271
5000,32,1.3,4,117,4203
5000,32,1.3,4,118,4352
5000,32,1.3,4,119,4470
20000,32,1.3,4,0,16669
20000,32,1.3,4,1,17295
20000,32,1.3,4,2,15736
20000,32,1.3,4,3,16598
20000,32,1.3,4,4,16566
20000,32,1.3,4,5,17189
20000,32,1.3,4,6,16853
20000,32,1.3,4,7,17145
20000,32,1.3,4,8,16953
20000,32,1.3,4,9,17567
20000,32,1.3,4,10,16039
20000,32,1.3,4,11,16147
20000,32,1.3,4,12,15996
20000,32,1.3,4,13,16642
20000,32,1.3,4,14,16811
20000,32,1.3,4,15,17343
20000,32,1.3,4,16,16868
20000,32,1.3,4,17,16875
20000,32,1.3,4,18,17176
20000,32,1.3,4,19,17498
20000,32,1.3,4,20,17145
20000,32,1.3,4,21,16046
20000,32,1.3,4,22,16394
20000,32,1.3,4,23,18394
20000,32,1.3,4,24,16600
20000,32,1.3,4,25,15517
20000,32,1.3,4,26,16478
20000,32,1.3,4,27,17241
20000,32,1.3,4,28,16718
20000,32,1.3,4,29,15378
20000,32,1.3,4,30,17088
20000,32,1.3,4,31,15792
20000,32,1.3,4,32,17293
20000,32,1.3,4,33,17147
20000,32,1.3,4,34,16766
20000,32,1.3,4,35,17047
20000,32,1.3,4,36,17335
20000,32,1.3,4,37,15749
20000,32,1.3,4,38,16382
20000,32,1.3,4,39,16514
20000,32,1.3,4,40,15973
20000,32,1.3,4,41,16536
20000,32,1.3,4,42,15791
20000,32,1.3,4,43,16561
20000,32,1.3,4,44,15947
20000,32,1.3,4,45,16427
20000,32,1.3,4,46,16821
20000,32,1.3,4,47,16678
20000,32,1.3,4,48,16467
20000,32,1.3,4,49,16823
20000,32,1.3,4,50,15138
20000,32,1.3,4,51,16062
20000,32,1.3,4,52,17238
20000,32,1.3,4,53,15806
20000,32,1.3,4,54,15117
20000,32,1.3,4,55,15559
20000,32,1.3,4,56,16775
20000,32,1.3,4,57,17238
20000,32,1.3,4,58,17816
20000,32,1.3,4,59,17095
20000,32,1.3,4,60,15372
20000,32,1.3,4,61,0
20000,32,1.3,4,62,16596
20000,32,1.3,4,63,16462
20000,32,1.3,4,64,15704
20000,32,1.3,4,65,16745
20000,32,1.3,4,66,15197
20000,32,1.3,4,67,17052
20000,32,1.3,4,68,16393
20000,32,1.3,4,69,16674
20000,32,1.3,4,70,16777
20000,32,1.3,4,71,15884
20000,32,1.3,4,72,16714
20000,32,1.3,4,73,15138
20000,32,1.3,4,74,16039
20000,32,1.3,4,75,16359
20000,32,1.3,4,76,16716
20000,32,1.3,4,77,16056
20000,32,1.3,4,78,16260
20000,32,1.3,4,79,16429
20000,32,1.3,4,80,16949
20000,32,1.3,4,81,16801
20000,32,1.3,4,82,16491
20000,32,1.3,4,83,16835
20000,32,1.3,4,84,17516
20000,32,1.3,4,85,17047
20000,32,1.3,4,86,16507
20000,32,1.3,4,87,16151
20000,32,1.3,4,88,17881
20000,32,1.3,4,89,15152
20000,32,1.3,4,90,15753
20000,32,1.3,4,91,16571
20000,32,1.3,4,92,16401
20000,32,1.3,4,93,15912
20000,32,1.3,4,94,15745
20000,32,1.3,4,95,15560
20000,32,1.3,4,96,15302
20000,32,1.3,4,97,16563
20000,32,1.3,4,98,16173
20000,32,1.3,4,99,16594
20000,32,1.3,4,100,15274
20000,32,1.3,4,101,17895
20000,32,1.3,4,102,16648
20000,32,1.3,4,103,16276
20000,32,1.3,4,104,17076
20000,32,1.3,4,105,16867
20000,32,1.3,4,106,16332
20000,32,1.3,4,107,17610
20000,32,1.3,4,108,16929
20000,32,1.3,4,109,16296
20000,32,1.3,4,110,16208
20000,32,1.3,4,111,16753
20000,32,1.3,4,112,15146
20000,32,1.3,4,113,16563
20000,32,1.3,4,114,15514
20000,32,1.3,4,115,16376
20000,32,1.3,4,116,17106
20000,32,1.3,4,117,16664
20000,32,1.3,4,118,16423
20000,32,1.3,4,119,17795
